customer_id,company_name,signup_date,plan_tier,contract_type,mrr,tenure_months,active_users,login_frequency_30d,login_decay_rate,feature_adoption_score,support_tickets_90d,avg_ticket_res_hrs,payment_failures_12m,nps_score,churn_status
CUST-10000,Hyper Labs,2022-07-03,Basic,Monthly,44.61,48,3,69,0.002,100.0,5,5.8,0,10,0
CUST-10001,Sync HQ,2023-05-03,Enterprise,Annual,640.81,38,45,1097,-0.267,70.9,4,137.5,1,3,1
CUST-10002,Pulse Systems,2022-07-03,Pro,Annual,186.7,48,6,156,0.04,63.9,1,3.5,0,5,0
CUST-10003,Hyper Digital,2025-10-31,Pro,Monthly,226.27,8,11,278,0.211,33.7,2,17.5,1,3,0
CUST-10004,Flux Tech,2025-12-01,Basic,Monthly,52.95,7,1,32,0.265,62.3,1,17.9,0,8,0
CUST-10005,Zentis AI,2026-05-02,Basic,Monthly,52.15,2,1,29,-0.019,71.4,1,17.7,0,5,0
CUST-10006,Nexus Labs,2023-11-02,Basic,Annual,46.94,32,1,24,0.013,67.2,3,41.4,0,10,0
CUST-10007,Vertex HQ,2022-07-03,Enterprise,Annual,807.34,48,48,1176,-0.334,69.6,5,1.0,0,8,0
CUST-10008,Pulse Global,2025-12-01,Pro,Annual,214.38,7,12,188,-0.251,73.1,2,33.2,0,7,0
CUST-10009,Orion Labs,2024-05-02,Pro,Monthly,174.1,26,6,180,-0.125,59.0,2,17.3,1,9,0
CUST-10010,Flux HQ,2023-08-02,Basic,Annual,65.05,35,1,19,-0.294,59.0,3,51.7,0,6,0
CUST-10011,Flux AI,2022-07-03,Enterprise,Multi-Year,1084.49,48,59,1583,0.085,67.6,6,53.6,0,4,0
CUST-10012,Pulse Cloud,2024-04-02,Pro,Monthly,181.67,27,17,298,-0.19,58.7,1,73.7,0,1,0
CUST-10013,Zentis Networks,2022-07-03,Basic,Monthly,44.51,48,3,62,-0.558,72.4,2,29.7,0,7,0
CUST-10014,Apex Stack,2025-07-02,Basic,Monthly,48.32,12,4,117,0.167,83.9,2,51.8,0,7,0
CUST-10015,Cloud Flow,2025-07-02,Basic,Monthly,47.24,12,2,56,-0.173,83.8,1,39.0,0,9,0
CUST-10016,Cyber Solutions,2024-10-01,Basic,Annual,57.21,21,4,42,-0.477,58.2,1,43.7,0,7,0
CUST-10017,Sync Systems,2025-06-01,Pro,Monthly,204.56,13,8,203,-0.287,50.2,1,55.2,0,9,0
CUST-10018,Data Stack,2026-05-02,Basic,Monthly,43.62,2,3,98,-0.092,47.7,4,53.0,1,8,0
CUST-10019,Vanguard Tech,2023-09-02,Basic,Monthly,62.89,34,3,118,0.057,16.3,3,2.9,0,8,1
CUST-10020,Vertex AI,2023-07-03,Pro,Monthly,200.47,36,10,322,-0.28,72.0,1,3.3,0,3,0
CUST-10021,Hyper Solutions,2023-08-02,Basic,Annual,54.65,35,3,98,-0.102,49.9,5,58.5,0,7,0
CUST-10022,Titan Analytics,2025-07-02,Basic,Monthly,44.53,12,3,40,0.325,88.0,3,20.7,0,8,0
CUST-10023,Sync Stack,2024-10-31,Basic,Annual,51.67,20,3,63,-0.029,89.9,4,43.5,1,6,0
CUST-10024,Nexus Flow,2025-07-02,Basic,Annual,51.29,12,1,13,-0.336,58.9,3,4.6,1,6,0
CUST-10025,Strata Global,2026-05-02,Pro,Monthly,142.59,2,16,501,0.175,53.3,1,3.8,1,5,1
CUST-10026,Hyper Software,2024-09-01,Basic,Monthly,63.81,22,1,28,-0.505,59.7,2,64.9,0,7,0
CUST-10027,Aero Tech,2026-01-30,Pro,Annual,237.53,5,9,129,0.095,54.0,1,76.2,1,7,1
CUST-10028,Flux Networks,2026-03-02,Pro,Monthly,187.14,4,10,162,0.053,46.7,0,40.4,2,4,0
CUST-10029,Orion Software,2023-07-03,Basic,Monthly,40.9,36,3,63,-0.701,95.9,3,13.8,1,9,0
CUST-10030,Titan Analytics,2026-05-02,Pro,Monthly,209.37,2,12,257,0.066,82.7,0,4.4,0,3,0
CUST-10031,Data Flow,2022-07-03,Basic,Monthly,49.64,48,4,99,-0.02,41.9,4,43.4,0,3,0
CUST-10032,Vertex Labs,2024-12-01,Basic,Monthly,51.61,19,4,76,0.03,65.4,4,41.1,0,5,0
CUST-10033,Pulse Stack,2022-07-03,Enterprise,Annual,1027.71,48,54,1270,-0.596,84.8,2,32.2,0,0,0
CUST-10034,Omni Tech,2026-04-01,Enterprise,Annual,1074.86,3,78,1928,-0.006,71.4,0,40.1,3,8,0
CUST-10035,Pulse Dynamics,2024-08-01,Pro,Annual,242.2,23,11,99,0.5,86.4,1,1.0,0,3,0
CUST-10036,Hyper AI,2025-07-02,Basic,Monthly,53.18,12,4,26,-0.22,21.3,1,1.1,0,4,0
CUST-10037,Sync Cloud,2022-08-03,Basic,Monthly,41.29,47,3,82,0.074,56.1,4,84.1,3,5,1
CUST-10038,Titan Systems,2025-07-02,Pro,Annual,239.67,12,10,351,-0.705,58.1,3,16.2,3,3,0
CUST-10039,Titan Solutions,2025-10-01,Basic,Monthly,61.06,9,3,71,-0.097,100.0,4,6.8,1,10,0
CUST-10040,Data Digital,2022-07-03,Basic,Monthly,72.17,48,3,93,-0.279,96.7,4,2.4,0,4,0
CUST-10041,Sync Flow,2025-06-01,Basic,Monthly,40.74,13,2,36,-0.399,62.0,1,19.9,3,5,1
CUST-10042,Vertex Analytics,2026-05-02,Basic,Monthly,50.79,2,2,66,-0.126,52.3,4,8.5,0,4,0
CUST-10043,Cloud Global,2025-05-02,Enterprise,Multi-Year,687.0,14,69,1516,-0.764,86.6,4,24.2,0,6,0
CUST-10044,Pulse Systems,2024-03-02,Basic,Monthly,53.07,28,2,48,-0.057,52.3,3,28.4,0,7,0
CUST-10045,Strata AI,2025-10-01,Pro,Annual,182.64,9,8,214,0.5,60.9,2,14.0,0,8,0
CUST-10046,Sync Software,2025-04-01,Basic,Monthly,63.14,15,5,152,-0.338,58.4,1,25.2,1,10,0
CUST-10047,Flux HQ,2026-04-01,Pro,Annual,175.88,3,16,410,0.11,55.5,5,90.6,1,3,1
CUST-10048,Vanguard Dynamics,2024-08-01,Pro,Annual,148.58,23,16,492,-0.49,65.4,4,6.1,0,7,0
CUST-10049,Nexus HQ,2023-07-03,Basic,Monthly,45.54,36,4,119,-0.24,62.8,5,36.1,0,6,0
CUST-10050,Nexus Stack,2025-04-01,Enterprise,Multi-Year,702.97,15,47,985,-0.121,58.5,5,25.6,1,6,0
CUST-10051,Vanguard AI,2025-04-01,Pro,Monthly,221.42,15,6,154,-0.179,72.2,2,59.1,0,8,0
CUST-10052,Sync Tech,2026-03-02,Enterprise,Multi-Year,689.55,4,67,2206,0.234,64.2,3,53.9,0,6,0
CUST-10053,Data Software,2025-12-01,Enterprise,Annual,1003.26,7,33,965,-0.448,92.1,6,48.0,0,6,0
CUST-10054,Zentis Software,2025-12-31,Pro,Annual,136.98,6,10,214,0.421,25.1,4,12.5,0,4,0
CUST-10055,Vanguard HQ,2024-12-31,Enterprise,Annual,951.0,18,68,659,-0.362,54.6,5,14.3,1,2,1
CUST-10056,Aura AI,2024-10-31,Basic,Monthly,61.08,20,2,84,0.122,65.6,5,10.3,0,6,0
CUST-10057,Strata Systems,2022-07-03,Basic,Monthly,51.65,48,5,99,0.353,91.1,1,16.2,0,6,0
CUST-10058,Sync Systems,2026-04-01,Basic,Monthly,42.65,3,3,57,-0.047,65.4,2,19.4,0,10,0
CUST-10059,Pulse Flow,2024-07-02,Basic,Monthly,48.77,24,4,148,-0.223,55.9,2,35.6,0,6,0
CUST-10060,Flux Global,2024-10-31,Basic,Monthly,49.13,20,4,93,-0.461,68.9,4,10.5,0,9,0
CUST-10061,Sync Flow,2024-12-01,Basic,Monthly,52.47,19,4,124,-0.272,49.1,2,45.0,0,4,0
CUST-10062,Zentis AI,2022-07-03,Pro,Monthly,158.2,48,6,41,-0.201,80.5,4,21.5,0,6,0
CUST-10063,Zentis AI,2025-12-01,Basic,Monthly,53.36,7,4,11,0.025,52.1,4,27.9,0,10,0
CUST-10064,Titan HQ,2026-04-01,Basic,Monthly,29.12,3,3,56,-0.139,44.4,1,23.3,0,8,0
CUST-10065,Quantum Global,2024-02-01,Pro,Annual,180.2,29,11,384,-0.153,53.3,3,67.9,1,8,0
CUST-10066,Aura Tech,2025-07-02,Basic,Annual,45.41,12,2,49,-0.786,60.4,2,10.4,0,4,1
CUST-10067,Nexus Dynamics,2026-05-02,Pro,Monthly,217.9,2,9,249,-0.38,60.4,1,39.0,3,8,1
CUST-10068,Hyper Systems,2025-10-01,Basic,Monthly,49.17,9,1,16,0.304,71.1,4,130.8,0,8,0
CUST-10069,Cloud Stack,2025-08-01,Enterprise,Annual,788.38,11,69,2714,-0.116,38.7,2,60.3,0,6,0
CUST-10070,Cyber Analytics,2024-06-01,Pro,Annual,169.6,25,7,151,-0.613,67.8,2,33.2,0,5,0
CUST-10071,Vertex AI,2025-12-31,Basic,Monthly,50.46,6,2,45,-0.029,59.2,4,12.5,2,8,1
CUST-10072,Aero Analytics,2025-04-01,Basic,Monthly,48.42,15,1,30,-0.238,45.5,1,23.6,0,10,0
CUST-10073,Strata Global,2024-12-31,Pro,Monthly,181.71,18,6,127,-0.126,70.2,1,7.2,0,9,0
CUST-10074,Sync Global,2025-01-31,Pro,Annual,184.65,17,3,134,-0.306,50.9,3,29.6,0,3,0
CUST-10075,Apex Digital,2022-07-03,Pro,Annual,219.78,48,17,477,0.026,69.3,1,9.8,0,1,0
CUST-10076,Hyper Digital,2026-04-01,Pro,Monthly,183.55,3,15,394,0.042,50.2,4,19.2,1,10,0
CUST-10077,Flux Stack,2022-07-03,Basic,Monthly,48.35,48,4,79,0.282,65.8,3,26.5,0,5,0
CUST-10078,Sync Stack,2024-08-01,Basic,Monthly,64.95,23,4,112,-0.367,56.0,6,128.7,0,10,1
CUST-10079,Vanguard Tech,2023-03-03,Basic,Monthly,38.54,40,1,31,-0.137,88.9,5,40.7,0,6,0
CUST-10080,Omni AI,2025-04-01,Enterprise,Multi-Year,721.5,15,52,974,-0.338,74.4,5,9.4,1,4,0
CUST-10081,Cloud Cloud,2025-03-02,Pro,Monthly,222.39,16,19,318,0.006,67.6,3,5.0,0,6,0
CUST-10082,Apex Flow,2022-07-03,Basic,Annual,44.01,48,4,156,0.482,85.0,1,50.7,1,5,0
CUST-10083,Sync Global,2022-07-03,Basic,Monthly,46.66,48,1,21,0.174,40.9,2,3.3,0,1,0
CUST-10084,Cloud Global,2025-10-31,Basic,Monthly,43.26,8,4,70,-0.218,66.6,1,96.8,0,10,0
CUST-10085,Hyper Dynamics,2025-12-01,Basic,Monthly,47.09,7,3,75,-0.02,51.4,1,47.4,0,10,0
CUST-10086,Omni Dynamics,2024-12-31,Pro,Annual,246.72,18,16,379,0.001,67.2,1,45.8,1,1,0
CUST-10087,Nova Analytics,2022-07-03,Pro,Monthly,222.94,48,5,95,-0.237,33.6,1,1.0,0,8,0
CUST-10088,Data Systems,2025-08-01,Enterprise,Annual,1128.2,11,26,614,-0.815,56.4,1,82.3,0,2,1
CUST-10089,Titan Stack,2024-04-02,Basic,Monthly,38.59,27,3,47,-0.307,75.8,1,34.5,0,10,0
CUST-10090,Cloud Global,2023-11-02,Basic,Monthly,40.54,32,3,94,0.094,100.0,0,61.8,0,7,0
CUST-10091,Nova Software,2023-05-03,Pro,Monthly,114.25,38,9,215,0.5,66.9,1,7.3,0,2,0
CUST-10092,Apex Analytics,2024-09-01,Pro,Monthly,174.84,22,13,364,-0.008,80.9,4,4.2,0,5,0
CUST-10093,Vanguard Cloud,2025-05-02,Pro,Monthly,227.56,14,5,161,-0.176,70.3,7,73.1,0,10,0
CUST-10094,Apex Tech,2022-07-03,Pro,Annual,214.43,48,16,212,0.349,68.0,4,12.4,0,8,0
CUST-10095,Titan Software,2024-06-01,Basic,Monthly,47.37,25,1,34,-0.209,61.8,7,30.3,0,6,0
CUST-10096,Omni HQ,2023-10-02,Pro,Annual,198.33,33,14,381,-0.304,20.7,1,47.1,0,10,0
CUST-10097,Nexus HQ,2025-07-02,Basic,Monthly,43.94,12,4,76,0.071,49.3,5,33.9,0,2,0
CUST-10098,Zentis Tech,2024-02-01,Basic,Monthly,50.5,29,2,72,-0.168,48.1,2,23.7,0,9,0
CUST-10099,Vertex Flow,2025-10-01,Basic,Monthly,54.63,9,4,106,-0.424,63.3,5,44.9,0,8,1
CUST-10100,Aura Dynamics,2025-10-31,Basic,Annual,37.12,8,4,91,-0.103,75.1,3,29.9,0,8,0
CUST-10101,Vertex Stack,2023-11-02,Pro,Annual,207.94,32,15,364,-0.123,26.0,6,1.0,0,1,0
CUST-10102,Flux Stack,2024-10-31,Basic,Annual,55.85,20,1,21,-0.072,67.4,2,9.0,0,10,0
CUST-10103,Quantum Systems,2024-01-01,Pro,Monthly,186.61,30,1,35,0.056,62.6,3,5.8,3,6,1
CUST-10104,Aura Global,2025-10-01,Enterprise,Annual,1104.0,9,47,1127,-0.506,58.8,1,51.7,1,8,0
CUST-10105,Cloud Networks,2024-07-02,Basic,Monthly,69.69,24,5,156,-0.282,68.1,4,27.3,1,6,0
CUST-10106,Nova Dynamics,2025-03-02,Basic,Monthly,48.23,16,3,70,0.054,52.6,2,9.7,2,5,0
CUST-10107,Orion AI,2024-07-02,Pro,Monthly,210.74,24,11,264,-0.296,29.5,1,42.8,1,9,0
CUST-10108,Data Software,2025-08-31,Basic,Monthly,43.58,10,1,10,-0.245,68.7,1,13.3,0,4,0
CUST-10109,Flux Stack,2023-11-02,Basic,Monthly,50.33,32,5,118,-0.278,85.7,1,5.2,0,6,0
CUST-10110,Data Flow,2023-01-02,Basic,Annual,52.38,42,2,31,-0.077,67.8,6,9.4,3,5,1
CUST-10111,Omni AI,2025-10-01,Basic,Monthly,50.43,9,4,31,0.297,11.2,4,38.1,0,6,0
CUST-10112,Titan Cloud,2025-08-31,Enterprise,Multi-Year,846.2,10,58,1317,-0.468,55.4,2,129.4,1,7,1
CUST-10113,Nova Cloud,2024-03-02,Pro,Annual,205.16,28,14,317,0.111,81.8,4,4.8,0,9,0
CUST-10114,Hyper HQ,2023-12-02,Pro,Monthly,242.65,31,13,157,-0.308,41.3,1,19.5,0,1,0
CUST-10115,Pulse Tech,2023-12-02,Enterprise,Multi-Year,1066.23,31,53,1636,0.072,45.5,1,13.9,0,6,0
CUST-10116,Vanguard Labs,2024-01-01,Pro,Annual,227.72,30,5,111,-0.43,64.5,0,44.7,0,7,1
CUST-10117,Zentis Global,2025-05-02,Basic,Monthly,47.26,14,1,19,0.5,80.9,2,32.4,2,6,0
CUST-10118,Pulse Analytics,2025-05-02,Enterprise,Annual,1111.37,14,50,1377,0.015,64.3,4,1.0,0,2,0
CUST-10119,Pulse Labs,2025-10-01,Pro,Annual,207.34,9,3,90,-0.131,81.1,5,2.4,0,5,0
CUST-10120,Vertex Flow,2025-12-31,Pro,Monthly,170.62,6,10,182,0.137,30.6,6,41.2,2,6,0
CUST-10121,Nexus HQ,2024-01-01,Enterprise,Annual,1046.73,30,44,820,0.175,100.0,4,35.0,0,7,0
CUST-10122,Vertex Software,2026-03-02,Basic,Monthly,41.71,4,1,8,-0.192,100.0,3,25.7,0,5,0
CUST-10123,Nexus Dynamics,2022-07-03,Basic,Annual,44.35,48,3,75,0.08,49.9,4,2.2,0,8,0
CUST-10124,Vanguard Tech,2022-11-02,Basic,Annual,50.39,44,1,26,0.239,69.9,3,11.7,0,8,0
CUST-10125,Nova HQ,2022-07-03,Basic,Monthly,51.18,48,1,33,-0.258,33.2,2,4.1,0,8,0
CUST-10126,Sync Digital,2022-07-03,Pro,Monthly,163.5,48,9,192,0.356,66.1,2,12.6,0,9,0
CUST-10127,Aura HQ,2025-05-02,Enterprise,Multi-Year,1156.94,14,61,1880,0.282,66.2,9,28.5,0,5,0
CUST-10128,Flux Systems,2022-08-03,Basic,Monthly,53.2,47,2,53,-0.446,81.7,3,1.0,0,7,0
CUST-10129,Zentis Analytics,2025-12-31,Pro,Annual,177.96,6,8,236,-0.245,76.5,1,11.5,0,6,0
CUST-10130,Aura HQ,2026-05-02,Basic,Monthly,37.7,2,2,69,0.172,95.7,6,7.9,0,3,0
CUST-10131,Aura Stack,2023-04-03,Basic,Monthly,47.93,39,2,81,-0.094,100.0,1,61.6,0,6,0
CUST-10132,Cyber HQ,2026-04-01,Basic,Annual,45.72,3,2,51,-0.557,40.4,3,43.4,0,5,0
CUST-10133,Hyper Tech,2022-07-03,Basic,Monthly,49.83,48,1,21,0.218,100.0,2,5.3,0,8,0
CUST-10134,Cyber Solutions,2024-02-01,Enterprise,Annual,944.59,29,42,883,-0.03,58.5,2,2.5,1,3,0
CUST-10135,Cyber AI,2023-07-03,Basic,Monthly,34.25,36,3,94,-0.733,94.7,8,2.4,1,8,0
CUST-10136,Strata Dynamics,2025-10-31,Pro,Annual,187.41,8,16,336,0.024,42.3,0,2.6,0,7,0
CUST-10137,Nexus Digital,2024-02-01,Pro,Annual,189.88,29,14,352,-0.533,47.1,2,7.7,2,4,1
CUST-10138,Hyper Labs,2026-04-01,Basic,Monthly,53.66,3,4,92,-0.076,65.5,2,6.4,1,3,0
CUST-10139,Aero Flow,2022-09-02,Enterprise,Annual,894.37,46,40,1371,0.154,51.7,3,23.9,0,5,0
CUST-10140,Vanguard Stack,2025-12-31,Enterprise,Annual,1250.55,6,39,779,-0.276,50.1,1,30.5,1,4,1
CUST-10141,Hyper HQ,2023-12-02,Basic,Monthly,34.95,31,3,87,-0.343,63.1,3,58.5,0,9,0
CUST-10142,Data HQ,2025-10-31,Basic,Monthly,58.64,8,3,36,-0.306,69.3,3,2.9,0,1,0
CUST-10143,Flux Cloud,2026-04-01,Basic,Monthly,47.35,3,3,57,-0.028,63.3,1,3.4,0,3,0
CUST-10144,Quantum AI,2024-12-31,Basic,Monthly,55.32,18,1,11,-0.081,95.1,6,65.5,0,4,0
CUST-10145,Cloud Networks,2025-12-31,Basic,Monthly,49.59,6,3,45,-0.579,61.1,1,13.7,2,9,1
CUST-10146,Strata HQ,2023-09-02,Pro,Monthly,233.02,34,18,350,-0.617,12.0,3,11.1,0,7,1
CUST-10147,Vertex Cloud,2025-10-31,Pro,Annual,187.44,8,14,239,0.299,53.7,3,16.9,0,5,0
CUST-10148,Flux Tech,2025-07-02,Basic,Monthly,40.93,12,4,139,-0.262,87.5,1,1.0,0,6,0
CUST-10149,Nexus Digital,2024-09-01,Basic,Monthly,59.44,22,2,61,-0.005,49.2,1,77.9,0,8,0
CUST-10150,Flux Dynamics,2025-08-31,Enterprise,Multi-Year,981.99,10,50,1054,0.157,55.1,2,49.1,1,3,0
CUST-10151,Apex Tech,2025-06-01,Basic,Monthly,50.63,13,3,80,-0.099,89.3,5,14.4,0,8,0
CUST-10152,Pulse Systems,2022-12-02,Basic,Monthly,58.08,43,4,76,0.176,74.9,4,32.6,0,8,0
CUST-10153,Cyber Cloud,2025-12-31,Basic,Monthly,41.42,6,4,79,0.175,34.5,4,4.3,0,9,0
CUST-10154,Aura HQ,2026-03-02,Enterprise,Annual,1088.23,4,60,1610,0.39,53.4,1,5.8,0,5,0
CUST-10155,Aero Software,2025-08-01,Basic,Monthly,44.66,11,1,29,0.334,64.9,5,51.4,0,5,0
CUST-10156,Nexus Systems,2025-04-01,Pro,Monthly,195.05,15,8,219,0.073,26.2,2,22.5,0,2,0
CUST-10157,Aero Labs,2024-10-01,Pro,Annual,201.16,21,8,183,-0.135,47.9,1,19.6,0,6,0
CUST-10158,Aero Networks,2025-06-01,Basic,Monthly,37.97,13,1,23,-0.248,82.4,5,15.4,2,8,0
CUST-10159,Strata Networks,2023-03-03,Pro,Monthly,175.75,40,13,304,-0.451,54.0,3,1.7,1,8,1
CUST-10160,Cyber Flow,2026-05-02,Basic,Monthly,58.93,2,3,50,-0.449,56.5,2,4.8,0,6,0
CUST-10161,Flux Digital,2025-04-01,Pro,Annual,225.45,15,16,396,-0.267,52.0,1,30.2,0,7,0
CUST-10162,Aura Systems,2025-06-01,Pro,Monthly,197.13,13,5,130,-0.028,58.5,3,13.9,2,9,0
CUST-10163,Data Networks,2024-04-02,Pro,Monthly,206.26,27,11,304,-0.523,100.0,0,6.4,0,6,0
CUST-10164,Data Labs,2022-07-03,Basic,Monthly,46.84,48,2,40,-0.305,100.0,3,1.3,0,9,0
CUST-10165,Zentis Flow,2024-12-01,Pro,Monthly,239.49,19,17,166,0.053,31.2,2,4.7,1,10,0
CUST-10166,Flux Labs,2022-07-03,Basic,Monthly,47.53,48,4,142,-0.587,28.6,7,15.8,0,9,1
CUST-10167,Vanguard Labs,2025-08-31,Basic,Monthly,50.7,10,3,88,0.104,50.7,2,10.0,0,4,0
CUST-10168,Nexus Analytics,2026-05-02,Basic,Annual,57.42,2,1,20,0.0,89.2,1,1.0,0,8,0
CUST-10169,Aura Global,2025-12-31,Pro,Monthly,175.8,6,8,200,-0.416,61.8,1,41.5,0,6,0
CUST-10170,Nova Systems,2025-05-02,Pro,Monthly,245.53,14,5,116,-0.293,79.1,4,11.7,0,6,0
CUST-10171,Nexus Global,2025-08-01,Basic,Monthly,37.75,11,1,48,0.216,61.6,3,22.8,0,10,0
CUST-10172,Vertex Dynamics,2026-03-02,Pro,Annual,247.64,4,14,306,-0.037,78.3,6,12.1,1,7,0
CUST-10173,Cloud Tech,2025-04-01,Basic,Monthly,46.26,15,3,72,-0.263,57.0,3,11.9,0,6,0
CUST-10174,Orion Tech,2025-07-02,Pro,Monthly,191.76,12,10,173,-0.028,48.2,8,4.4,0,9,0
CUST-10175,Pulse AI,2026-01-30,Basic,Monthly,35.11,5,1,19,0.118,74.9,1,5.0,0,8,0
CUST-10176,Hyper Software,2025-08-31,Pro,Monthly,185.42,10,12,263,0.169,53.9,4,10.3,1,5,1
CUST-10177,Zentis HQ,2022-07-03,Basic,Annual,41.36,48,2,71,-0.158,61.7,3,12.8,0,5,0
CUST-10178,Zentis Analytics,2025-08-31,Enterprise,Annual,907.94,10,56,1937,0.112,72.2,4,16.8,1,10,0
CUST-10179,Nexus Analytics,2023-11-02,Basic,Annual,47.99,32,2,50,-0.006,72.7,1,10.1,0,10,0
CUST-10180,Vertex AI,2024-06-01,Basic,Monthly,56.04,25,2,40,0.5,65.7,3,42.8,2,10,0
CUST-10181,Zentis Analytics,2025-04-01,Basic,Monthly,50.53,15,1,9,-0.297,43.0,1,22.5,1,4,0
CUST-10182,Nova Solutions,2025-10-31,Enterprise,Annual,1045.11,8,28,989,0.45,22.5,5,4.0,0,7,0
CUST-10183,Sync HQ,2025-06-01,Enterprise,Multi-Year,834.84,13,77,1535,-0.474,52.7,5,7.7,0,9,0
CUST-10184,Vanguard HQ,2024-08-01,Basic,Annual,42.53,23,3,73,0.119,58.3,3,16.1,0,10,0
CUST-10185,Sync AI,2025-07-02,Pro,Monthly,252.69,12,7,167,-0.326,68.8,2,15.5,0,1,0
CUST-10186,Quantum Digital,2025-12-01,Pro,Monthly,177.05,7,9,133,-0.591,68.0,2,15.1,2,10,0
CUST-10187,Omni Cloud,2026-01-30,Pro,Monthly,248.44,5,15,318,-0.094,88.5,1,54.3,0,10,0
CUST-10188,Vanguard Software,2022-07-03,Pro,Monthly,191.74,48,3,21,0.052,69.9,2,9.5,0,10,0
CUST-10189,Vertex Labs,2025-03-02,Basic,Monthly,49.02,16,1,14,-0.043,100.0,4,4.7,0,2,0
CUST-10190,Strata Analytics,2024-05-02,Basic,Annual,56.87,26,2,47,-0.007,59.4,2,14.1,0,10,0
CUST-10191,Zentis Tech,2024-12-31,Enterprise,Annual,1189.59,18,28,959,-0.065,46.7,3,30.8,3,3,0
CUST-10192,Vertex Global,2022-07-03,Enterprise,Multi-Year,982.39,48,60,1603,-0.52,62.2,0,23.3,0,8,0
CUST-10193,Data Global,2024-10-01,Pro,Annual,187.41,21,16,384,0.007,22.8,2,83.9,3,5,1
CUST-10194,Sync Systems,2024-12-31,Basic,Monthly,48.59,18,1,31,-0.285,40.0,0,14.2,0,4,0
CUST-10195,Titan Software,2022-07-03,Basic,Monthly,51.48,48,5,128,-0.471,93.8,4,62.3,0,6,0
CUST-10196,Vertex Software,2023-10-02,Pro,Annual,225.61,33,12,286,0.5,45.3,4,2.3,0,5,0
CUST-10197,Pulse Solutions,2026-03-02,Enterprise,Multi-Year,999.63,4,33,705,0.126,16.2,1,11.5,1,10,0
CUST-10198,Omni Systems,2025-12-31,Enterprise,Annual,1091.74,6,29,342,0.115,76.7,6,7.9,0,6,0
CUST-10199,Strata Dynamics,2023-04-03,Pro,Monthly,247.91,39,10,251,0.117,51.9,2,3.4,0,7,0
CUST-10200,Flux Flow,2022-09-02,Pro,Monthly,210.38,46,11,247,-0.294,42.9,5,8.8,0,10,0
CUST-10201,Omni Analytics,2024-10-01,Basic,Monthly,51.29,21,1,30,-0.366,46.9,4,5.9,3,1,1
CUST-10202,Nova Labs,2024-10-01,Basic,Monthly,37.84,21,2,79,-0.047,33.2,2,28.0,0,5,1
CUST-10203,Flux Networks,2024-05-02,Enterprise,Multi-Year,604.79,26,59,2124,-0.166,27.5,3,28.5,0,9,0
CUST-10204,Hyper Software,2025-03-02,Pro,Monthly,210.59,16,10,174,-0.227,30.7,3,64.4,0,9,0
CUST-10205,Quantum Networks,2024-02-01,Basic,Annual,48.3,29,1,20,0.257,71.2,1,38.6,1,7,0
CUST-10206,Hyper Software,2026-03-02,Basic,Monthly,45.22,4,4,120,-0.094,67.8,1,1.0,0,2,0
CUST-10207,Hyper Flow,2022-07-03,Pro,Annual,206.27,48,15,473,0.072,79.5,2,8.5,0,6,0
CUST-10208,Flux Systems,2023-08-02,Basic,Annual,48.56,35,4,77,-0.219,81.2,2,147.8,0,8,0
CUST-10209,Sync Networks,2024-05-02,Basic,Monthly,57.29,26,5,140,-0.236,43.5,1,6.7,0,5,0
CUST-10210,Orion HQ,2025-08-01,Pro,Annual,201.57,11,13,359,0.396,50.5,4,21.2,0,9,0
CUST-10211,Vanguard HQ,2025-12-31,Pro,Monthly,176.7,6,10,173,-0.179,23.4,4,10.8,0,10,0
CUST-10212,Sync Global,2025-05-02,Pro,Monthly,228.56,14,15,579,-0.127,51.4,2,18.8,0,5,0
CUST-10213,Aura Networks,2024-03-02,Basic,Annual,47.4,28,1,18,-0.235,100.0,3,11.1,1,10,0
CUST-10214,Nexus Tech,2024-05-02,Pro,Annual,214.72,26,3,78,-0.316,42.2,2,7.6,0,8,0
CUST-10215,Cyber Dynamics,2025-06-01,Basic,Monthly,45.49,13,1,11,-0.266,79.0,2,1.0,1,5,0
CUST-10216,Sync Labs,2024-06-01,Basic,Monthly,44.22,25,5,130,0.079,66.0,4,15.3,0,8,0
CUST-10217,Apex Solutions,2022-12-02,Pro,Annual,201.51,43,7,291,-0.302,51.5,3,1.0,0,2,0
CUST-10218,Quantum Digital,2026-05-02,Pro,Annual,199.38,2,4,105,-0.435,79.6,5,9.4,0,4,0
CUST-10219,Sync Systems,2025-03-02,Pro,Monthly,213.32,16,14,188,-0.304,25.3,2,4.8,2,9,1
CUST-10220,Strata Global,2023-07-03,Pro,Annual,190.98,36,4,59,0.1,32.0,2,55.2,3,10,0
CUST-10221,Cyber Global,2024-10-01,Pro,Monthly,144.18,21,7,60,-0.23,58.2,1,19.2,1,4,1
CUST-10222,Apex Tech,2024-04-02,Basic,Monthly,45.82,27,2,39,-0.289,78.3,2,45.6,0,8,0
CUST-10223,Vertex Software,2024-12-01,Basic,Monthly,54.83,19,1,22,-0.389,63.2,1,14.6,2,5,1
CUST-10224,Quantum Global,2022-07-03,Basic,Monthly,46.81,48,1,16,-0.078,62.0,2,15.8,0,4,0
CUST-10225,Nexus Dynamics,2026-04-01,Basic,Annual,47.19,3,2,49,-0.632,61.4,1,1.4,0,8,0
CUST-10226,Titan Analytics,2024-12-31,Enterprise,Annual,1146.81,18,56,1906,-0.195,65.1,2,62.9,0,4,0
CUST-10227,Flux Systems,2026-03-02,Basic,Annual,43.77,4,2,37,-0.021,47.9,3,1.0,0,4,0
CUST-10228,Cyber Systems,2025-12-31,Enterprise,Annual,767.81,6,48,992,0.235,38.6,2,13.2,1,7,0
CUST-10229,Nexus Networks,2025-06-01,Pro,Annual,194.21,13,18,411,-0.007,73.3,1,20.6,0,3,0
CUST-10230,Titan Software,2025-12-31,Pro,Annual,184.55,6,15,432,0.29,75.9,3,5.6,0,8,0
CUST-10231,Nexus Software,2022-07-03,Pro,Annual,170.16,48,12,137,0.162,89.2,2,12.4,0,10,0
CUST-10232,Titan HQ,2022-07-03,Pro,Annual,193.76,48,13,314,-0.001,58.0,2,7.0,0,10,0
CUST-10233,Pulse Digital,2025-07-02,Basic,Monthly,52.61,12,3,105,0.399,57.8,1,11.2,0,8,0
CUST-10234,Hyper Solutions,2024-04-02,Basic,Annual,48.93,27,3,50,-0.264,48.9,4,60.2,0,4,0
CUST-10235,Flux Software,2024-10-31,Pro,Annual,208.16,20,12,304,-0.016,61.7,3,22.2,2,7,0
CUST-10236,Cyber Analytics,2022-12-02,Basic,Monthly,62.33,43,4,105,-0.064,84.8,3,10.4,3,7,0
CUST-10237,Quantum Software,2024-05-02,Basic,Annual,46.48,26,2,54,0.199,97.9,1,72.2,0,8,0
CUST-10238,Pulse Dynamics,2026-05-02,Pro,Monthly,207.31,2,13,525,-0.209,68.5,4,18.1,0,10,0
CUST-10239,Cloud Stack,2023-06-03,Basic,Monthly,45.26,37,5,135,0.096,70.4,2,42.9,2,6,0
CUST-10240,Cloud Software,2023-08-02,Enterprise,Multi-Year,872.17,35,56,1154,-0.433,59.1,3,4.9,0,5,1
CUST-10241,Cyber Labs,2024-12-01,Enterprise,Annual,911.35,19,37,1020,-0.109,43.4,4,5.8,0,9,0
CUST-10242,Cloud Flow,2022-07-03,Enterprise,Multi-Year,927.26,48,78,3274,-0.272,87.9,7,1.9,2,7,0
CUST-10243,Vanguard Stack,2022-07-03,Basic,Monthly,51.64,48,1,17,-0.598,77.3,3,4.6,0,7,0
CUST-10244,Cyber Stack,2024-10-31,Basic,Monthly,66.27,20,2,37,-0.14,35.0,2,6.4,0,7,1
CUST-10245,Pulse Networks,2024-07-02,Enterprise,Annual,891.7,24,34,646,-0.037,26.3,3,35.1,0,2,0
CUST-10246,Cloud Stack,2022-07-03,Basic,Monthly,45.94,48,3,129,0.224,39.5,7,16.6,0,6,0
CUST-10247,Hyper AI,2025-08-31,Enterprise,Multi-Year,989.54,10,31,610,0.344,57.2,2,9.5,0,10,0
CUST-10248,Nexus Dynamics,2025-08-01,Enterprise,Annual,1058.31,11,53,2126,-0.402,54.9,4,24.4,0,4,0
CUST-10249,Aura HQ,2025-12-31,Enterprise,Annual,1038.49,6,35,1021,0.257,94.9,3,34.5,0,9,0
CUST-10250,Data Dynamics,2022-07-03,Basic,Monthly,58.44,48,2,72,-0.224,100.0,4,1.5,1,5,0
CUST-10251,Strata Solutions,2023-08-02,Basic,Monthly,31.17,35,2,56,-0.499,86.6,4,1.6,0,7,0
CUST-10252,Omni Dynamics,2026-03-02,Enterprise,Multi-Year,641.32,4,45,944,-0.186,83.7,0,27.5,2,8,0
CUST-10253,Pulse HQ,2022-07-03,Basic,Monthly,45.36,48,5,78,0.13,57.6,10,7.0,0,9,0
CUST-10254,Apex Digital,2023-09-02,Basic,Monthly,57.07,34,2,30,0.121,47.6,6,7.8,1,10,0
CUST-10255,Data AI,2022-07-03,Pro,Annual,152.27,48,12,294,-0.581,74.5,6,4.6,1,7,0
CUST-10256,Vanguard Networks,2026-04-01,Enterprise,Annual,548.31,3,31,916,-0.352,100.0,2,2.2,0,5,0
CUST-10257,Vertex Stack,2024-12-01,Pro,Annual,216.05,19,12,144,-0.249,54.2,2,2.3,0,6,0
CUST-10258,Sync Solutions,2023-12-02,Pro,Monthly,206.27,31,9,301,-0.17,35.0,1,21.7,0,8,0
CUST-10259,Nova AI,2024-10-01,Basic,Monthly,40.99,21,5,135,-0.666,93.8,1,22.7,0,4,0
CUST-10260,Flux Solutions,2024-03-02,Pro,Annual,169.58,28,15,322,-0.172,67.6,5,54.3,0,4,0
CUST-10261,Apex Tech,2022-12-02,Enterprise,Multi-Year,853.68,43,25,692,-0.18,72.6,4,49.1,0,5,0
CUST-10262,Sync Systems,2025-06-01,Basic,Monthly,49.81,13,3,78,-0.59,85.0,2,14.7,0,8,0
CUST-10263,Zentis Networks,2022-07-03,Pro,Annual,180.3,48,11,216,0.235,63.1,1,3.5,2,7,0
CUST-10264,Nexus Tech,2025-12-31,Enterprise,Annual,1073.04,6,62,1426,0.497,50.1,0,6.3,0,4,0
CUST-10265,Orion AI,2025-10-01,Pro,Monthly,113.79,9,13,243,0.279,34.2,4,1.0,1,9,0
CUST-10266,Titan Flow,2026-04-01,Pro,Annual,173.42,3,6,189,-0.246,59.8,3,19.4,1,9,0
CUST-10267,Vanguard AI,2025-06-01,Pro,Annual,165.39,13,7,149,0.031,57.1,4,41.7,0,6,0
CUST-10268,Orion Global,2025-06-01,Basic,Monthly,47.12,13,3,57,-0.122,46.6,3,1.0,0,6,1
CUST-10269,Hyper AI,2023-01-02,Basic,Annual,45.05,42,4,122,-0.013,46.8,4,18.6,0,8,0
CUST-10270,Zentis HQ,2024-04-02,Pro,Monthly,222.82,27,16,390,-0.111,80.9,5,16.7,0,9,0
CUST-10271,Sync Labs,2025-03-02,Pro,Monthly,143.5,16,19,329,-0.6,74.5,1,14.5,0,6,0
CUST-10272,Cyber Labs,2024-04-02,Enterprise,Multi-Year,1005.82,27,55,1254,-0.3,55.1,2,13.8,1,5,0
CUST-10273,Nova Software,2026-04-01,Enterprise,Multi-Year,1082.67,3,33,336,0.249,70.7,2,6.5,0,8,0
CUST-10274,Flux Digital,2025-12-31,Pro,Annual,254.42,6,13,193,-0.434,65.5,2,2.8,0,6,0
CUST-10275,Data Solutions,2024-05-02,Pro,Monthly,184.62,26,13,303,0.096,60.0,3,12.7,0,0,0
CUST-10276,Cyber Tech,2024-04-02,Pro,Monthly,208.69,27,5,148,-0.241,5.0,6,4.8,0,9,0
CUST-10277,Vanguard Analytics,2023-05-03,Pro,Annual,145.15,38,11,309,0.035,74.0,1,25.4,0,2,0
CUST-10278,Vanguard Digital,2025-05-02,Pro,Monthly,127.6,14,16,556,-0.175,66.4,8,35.0,0,7,1
CUST-10279,Hyper Flow,2023-10-02,Pro,Annual,224.22,33,7,128,-0.484,59.1,2,14.0,0,6,0
CUST-10280,Omni Global,2024-01-01,Enterprise,Multi-Year,998.17,30,7,135,0.159,69.8,3,15.2,0,10,0
CUST-10281,Omni Digital,2022-07-03,Basic,Annual,57.66,48,5,122,-0.035,38.4,3,1.0,1,4,0
CUST-10282,Cyber Solutions,2025-12-01,Basic,Monthly,38.91,7,3,74,-0.551,76.4,2,27.1,0,6,0
CUST-10283,Aero Flow,2024-10-01,Basic,Monthly,52.82,21,3,41,-0.335,95.9,3,86.7,0,5,0
CUST-10284,Omni Global,2024-07-02,Pro,Monthly,254.78,24,12,265,0.219,80.1,5,4.9,0,2,0
CUST-10285,Quantum HQ,2022-07-03,Basic,Monthly,52.08,48,1,19,0.275,49.0,3,11.8,1,5,0
CUST-10286,Cyber Digital,2025-12-01,Basic,Monthly,51.03,7,3,99,-0.016,92.9,3,19.7,0,9,0
CUST-10287,Aero Digital,2024-10-31,Pro,Monthly,199.26,20,10,263,0.219,55.8,2,17.2,0,2,0
CUST-10288,Cloud Analytics,2025-07-02,Basic,Annual,37.45,12,1,33,-0.254,57.9,2,17.1,1,8,0
CUST-10289,Zentis Networks,2024-10-31,Pro,Monthly,239.46,20,16,434,-0.331,68.9,2,44.8,0,10,0
CUST-10290,Aero Global,2025-10-31,Basic,Monthly,44.51,8,7,222,-0.408,43.1,2,22.1,0,10,0
CUST-10291,Apex Networks,2026-04-01,Basic,Annual,52.71,3,3,51,0.137,72.8,5,7.9,0,2,0
CUST-10292,Omni HQ,2024-09-01,Pro,Monthly,152.34,22,12,284,-0.039,39.4,0,27.4,0,5,1
CUST-10293,Cyber Stack,2025-07-02,Basic,Monthly,40.33,12,1,21,-0.012,61.8,3,3.1,0,7,0
CUST-10294,Zentis Analytics,2025-12-31,Basic,Monthly,59.55,6,5,199,0.102,78.9,1,49.1,1,2,0
CUST-10295,Vanguard Cloud,2025-08-01,Pro,Monthly,188.63,11,11,186,-0.001,58.7,6,108.1,0,10,1
CUST-10296,Strata Cloud,2026-04-01,Pro,Annual,242.38,3,4,111,0.5,63.9,3,10.6,0,8,0
CUST-10297,Data Global,2022-07-03,Basic,Monthly,48.43,48,4,92,-0.046,62.6,3,57.5,0,3,1
CUST-10298,Aura Stack,2024-08-01,Pro,Annual,144.02,23,11,94,0.35,35.9,3,21.7,0,6,0
CUST-10299,Cloud Digital,2022-12-02,Basic,Monthly,55.56,43,4,61,0.122,44.2,2,39.9,0,3,0
CUST-10300,Vertex Networks,2025-04-01,Basic,Monthly,44.66,15,3,54,-0.9,83.6,3,9.0,1,5,0
CUST-10301,Nova Digital,2022-07-03,Pro,Monthly,219.86,48,18,219,-0.027,57.1,4,1.4,0,5,0
CUST-10302,Orion Solutions,2024-12-31,Pro,Monthly,199.75,18,12,338,-0.293,33.7,0,51.8,0,5,1
CUST-10303,Vertex Dynamics,2024-09-01,Pro,Monthly,152.94,22,12,299,-0.25,61.6,2,5.0,0,9,0
CUST-10304,Pulse Digital,2024-12-31,Pro,Annual,203.9,18,4,80,-0.479,13.4,2,17.0,0,8,0
CUST-10305,Omni HQ,2023-09-02,Enterprise,Annual,1328.1,34,47,1229,0.312,54.5,5,1.6,0,3,0
CUST-10306,Data Systems,2024-09-01,Pro,Monthly,213.72,22,11,211,0.253,28.9,3,67.2,0,6,0
CUST-10307,Apex Labs,2025-10-01,Basic,Monthly,48.58,9,3,48,-0.071,57.3,3,10.8,2,4,1
CUST-10308,Pulse Cloud,2026-01-30,Pro,Annual,231.1,5,12,399,-0.277,46.8,3,93.4,0,10,0
CUST-10309,Orion Dynamics,2024-07-02,Basic,Annual,50.55,24,1,32,0.149,94.2,6,5.1,0,7,0
CUST-10310,Vertex Cloud,2024-12-31,Basic,Monthly,50.54,18,2,24,-0.015,77.6,4,22.1,2,7,0
CUST-10311,Cyber Software,2026-03-02,Basic,Annual,40.98,4,1,20,0.5,87.0,0,30.8,0,3,0
CUST-10312,Zentis HQ,2025-05-02,Basic,Monthly,50.72,14,3,25,-0.498,39.0,7,2.3,0,7,0
CUST-10313,Aero Cloud,2024-12-01,Enterprise,Annual,1154.16,19,54,969,0.012,57.5,3,21.1,0,3,0
CUST-10314,Aero HQ,2022-11-02,Pro,Annual,174.04,44,9,170,-0.069,48.1,6,58.0,0,10,0
CUST-10315,Quantum Digital,2026-04-01,Pro,Annual,241.52,3,8,132,-0.146,78.1,3,8.9,0,8,0
CUST-10316,Apex Software,2025-07-02,Basic,Monthly,48.33,12,2,39,0.169,66.3,7,10.7,0,9,0
CUST-10317,Hyper Stack,2022-11-02,Basic,Monthly,42.47,44,4,126,-0.615,45.4,2,9.4,1,5,1
CUST-10318,Cyber HQ,2024-04-02,Basic,Annual,56.33,27,2,71,0.5,40.8,2,14.2,0,9,0
CUST-10319,Cloud Stack,2025-08-31,Basic,Annual,46.89,10,5,148,-0.454,87.7,4,36.5,0,8,0
CUST-10320,Nova Cloud,2022-08-03,Pro,Monthly,221.67,47,11,302,0.121,76.2,3,12.2,2,10,0
CUST-10321,Nexus Global,2024-12-31,Pro,Annual,190.29,18,12,196,0.01,93.9,3,6.1,0,4,0
CUST-10322,Pulse Software,2024-12-31,Pro,Monthly,197.21,18,5,129,0.12,44.6,3,57.9,0,8,0
CUST-10323,Hyper Cloud,2022-07-03,Basic,Monthly,52.63,48,6,94,-0.33,97.0,0,18.4,0,8,0
CUST-10324,Quantum Stack,2022-07-03,Enterprise,Annual,1042.59,48,50,803,-0.241,19.6,4,29.7,0,10,0
CUST-10325,Strata Digital,2025-07-02,Pro,Monthly,139.43,12,13,277,-0.649,75.3,3,6.0,1,4,1
CUST-10326,Nova Global,2026-01-30,Pro,Monthly,165.53,5,6,166,0.131,47.3,2,18.1,0,6,0
CUST-10327,Orion Solutions,2025-08-01,Pro,Annual,226.74,11,13,240,0.057,81.1,3,26.9,2,7,0
CUST-10328,Strata Analytics,2026-05-02,Basic,Monthly,48.03,2,1,26,-0.185,47.2,1,1.6,0,3,0
CUST-10329,Nova AI,2026-05-02,Basic,Monthly,45.15,2,1,37,0.076,57.4,0,30.2,0,5,0
CUST-10330,Flux Cloud,2025-05-02,Basic,Monthly,39.01,14,2,59,0.332,53.8,5,40.1,0,9,0
CUST-10331,Cloud Flow,2022-07-03,Pro,Monthly,166.77,48,7,130,-0.278,83.8,4,2.3,0,3,0
CUST-10332,Aura Cloud,2022-07-03,Basic,Annual,34.14,48,1,18,0.49,50.9,5,22.8,1,10,0
CUST-10333,Sync Stack,2024-12-01,Basic,Monthly,48.26,19,3,113,-0.534,67.7,2,44.0,0,7,0
CUST-10334,Pulse Dynamics,2024-09-01,Basic,Annual,44.6,22,3,32,0.434,38.9,3,8.8,0,6,0
CUST-10335,Sync Stack,2026-05-02,Basic,Annual,41.9,2,3,108,-0.414,72.8,3,26.2,0,6,0
CUST-10336,Nova Cloud,2025-12-01,Enterprise,Annual,988.79,7,26,496,-0.12,77.9,1,11.8,1,10,0
CUST-10337,Pulse Networks,2026-05-02,Pro,Monthly,209.86,2,5,104,-0.462,62.6,4,59.8,0,8,0
CUST-10338,Strata Tech,2023-07-03,Basic,Annual,64.39,36,4,47,-0.178,58.4,3,5.4,0,8,0
CUST-10339,Omni HQ,2026-01-30,Basic,Annual,37.89,5,1,7,-0.181,28.2,4,109.7,1,3,1
CUST-10340,Sync Solutions,2022-07-03,Basic,Monthly,57.52,48,1,37,-0.531,67.9,0,39.8,1,7,0
CUST-10341,Vanguard Software,2024-04-02,Basic,Monthly,56.15,27,2,36,0.077,21.9,2,18.2,1,2,1
CUST-10342,Flux Tech,2025-10-31,Basic,Monthly,43.27,8,2,54,0.242,61.8,3,43.2,0,4,0
CUST-10343,Quantum Systems,2025-12-31,Basic,Monthly,50.49,6,4,96,0.129,8.5,2,46.7,0,3,0
CUST-10344,Pulse AI,2024-05-02,Basic,Monthly,45.64,26,3,52,-0.449,79.0,5,19.0,0,2,0
CUST-10345,Quantum Flow,2022-07-03,Pro,Annual,204.54,48,8,291,0.153,48.0,5,5.1,0,5,0
CUST-10346,Data Tech,2023-10-02,Pro,Annual,244.05,33,13,289,0.006,40.3,2,2.4,0,9,0
CUST-10347,Cyber AI,2025-07-02,Basic,Monthly,53.45,12,4,96,0.5,100.0,3,5.2,0,7,0
CUST-10348,Vanguard Global,2024-08-01,Basic,Monthly,52.74,23,3,76,-0.531,67.6,3,35.1,0,9,1
CUST-10349,Strata AI,2025-08-01,Pro,Monthly,186.16,11,8,276,0.07,55.2,2,7.3,0,5,0
CUST-10350,Nexus HQ,2022-07-03,Pro,Monthly,154.7,48,17,303,0.383,84.5,2,2.5,0,7,0
CUST-10351,Cyber AI,2023-08-02,Enterprise,Multi-Year,967.76,35,35,816,-0.06,85.5,2,2.1,0,10,0
CUST-10352,Zentis Flow,2024-06-01,Pro,Monthly,235.02,25,12,296,-0.007,98.9,2,40.0,0,10,0
CUST-10353,Apex Dynamics,2025-04-01,Basic,Monthly,37.78,15,5,155,-0.342,90.9,2,14.3,0,7,0
CUST-10354,Zentis AI,2024-06-01,Basic,Monthly,41.25,25,2,17,0.402,54.0,4,3.5,1,10,0
CUST-10355,Aura Labs,2025-07-02,Pro,Annual,202.77,12,11,182,0.092,5.0,5,3.3,0,8,0
CUST-10356,Titan Networks,2026-05-02,Basic,Monthly,41.76,2,2,21,-0.076,100.0,4,13.3,1,8,0
CUST-10357,Aero Dynamics,2025-05-02,Pro,Monthly,175.34,14,13,312,-0.023,44.9,4,14.2,0,6,0
CUST-10358,Cyber Global,2022-07-03,Enterprise,Annual,935.52,48,92,1718,0.331,58.6,2,26.7,3,2,0
CUST-10359,Flux Stack,2024-05-02,Pro,Monthly,158.24,26,10,201,-0.3,42.4,2,10.3,1,2,1
CUST-10360,Orion Software,2026-03-02,Basic,Monthly,41.84,4,3,71,-0.582,60.6,3,31.0,0,0,0
CUST-10361,Pulse Cloud,2022-07-03,Pro,Monthly,220.0,48,14,590,0.133,54.2,2,3.8,0,4,0
CUST-10362,Pulse Networks,2025-10-01,Basic,Annual,39.39,9,4,87,-0.188,30.3,2,4.8,0,6,1
CUST-10363,Cyber Cloud,2025-10-31,Pro,Monthly,151.3,8,12,247,-0.268,59.5,3,8.1,0,10,0
CUST-10364,Apex AI,2025-08-31,Enterprise,Annual,904.59,10,50,781,0.248,24.8,1,35.3,3,8,0
CUST-10365,Vanguard Digital,2024-08-01,Basic,Monthly,54.38,23,3,83,-0.234,36.0,3,12.9,1,10,0
CUST-10366,Aero Flow,2024-10-01,Enterprise,Annual,969.49,21,35,767,-0.139,76.9,3,22.3,1,10,0
CUST-10367,Cloud Dynamics,2024-12-31,Enterprise,Annual,929.38,18,30,1070,-0.347,51.3,3,15.2,0,7,0
CUST-10368,Strata Software,2023-11-02,Basic,Monthly,49.33,32,1,34,0.278,41.6,2,36.0,0,10,0
CUST-10369,Quantum Analytics,2025-08-01,Basic,Monthly,36.17,11,3,8,0.003,80.6,3,41.9,0,7,0
CUST-10370,Flux Labs,2023-04-03,Basic,Monthly,52.64,39,1,27,0.005,94.9,3,22.3,0,8,0
CUST-10371,Aero Analytics,2025-12-31,Basic,Annual,51.82,6,1,15,-0.347,100.0,2,1.5,1,5,0
CUST-10372,Zentis Digital,2023-04-03,Basic,Monthly,45.99,39,5,101,0.171,49.8,2,15.9,1,6,0
CUST-10373,Apex Tech,2024-03-02,Pro,Monthly,229.03,28,12,278,-0.544,94.2,3,54.1,1,7,1
CUST-10374,Cyber Systems,2024-01-01,Basic,Monthly,40.71,30,2,40,0.057,48.6,5,28.7,0,5,0
CUST-10375,Strata Systems,2024-12-31,Basic,Annual,57.29,18,4,171,0.104,92.8,1,13.4,0,8,0
CUST-10376,Nexus Networks,2024-03-02,Pro,Annual,203.61,28,7,104,-0.141,37.9,4,50.8,0,5,0
CUST-10377,Aero Solutions,2026-03-02,Basic,Monthly,46.53,4,1,31,-0.199,64.1,3,3.7,0,6,0
CUST-10378,Data Cloud,2022-07-03,Pro,Monthly,198.41,48,12,375,-0.071,60.1,3,2.3,0,6,0
CUST-10379,Vanguard Solutions,2026-04-01,Basic,Monthly,48.21,3,1,35,-0.703,39.0,3,21.3,0,5,1
CUST-10380,Aero Networks,2026-01-30,Basic,Monthly,57.97,5,2,29,0.01,59.0,5,13.4,0,3,0
CUST-10381,Cyber Networks,2024-08-01,Pro,Monthly,166.86,23,13,178,-0.394,41.9,6,1.3,2,3,0
CUST-10382,Vertex Cloud,2023-09-02,Pro,Monthly,176.24,34,12,274,0.065,56.9,3,19.9,3,8,0
CUST-10383,Apex Flow,2026-04-01,Enterprise,Annual,1154.29,3,45,1308,0.092,15.6,4,6.2,3,3,1
CUST-10384,Flux Labs,2022-07-03,Pro,Annual,181.22,48,7,65,0.041,56.9,3,5.0,0,3,0
CUST-10385,Titan HQ,2022-07-03,Pro,Annual,225.88,48,4,91,-0.264,56.0,3,53.3,0,7,1
CUST-10386,Vertex Stack,2024-07-02,Basic,Monthly,61.49,24,3,46,-0.185,61.6,1,3.2,0,1,0
CUST-10387,Nexus Stack,2024-12-31,Basic,Monthly,46.05,18,1,26,0.165,61.7,1,38.0,0,9,0
CUST-10388,Apex HQ,2023-08-02,Pro,Annual,219.34,35,10,188,-0.516,40.4,1,25.2,0,8,0
CUST-10389,Data Dynamics,2025-08-01,Pro,Monthly,164.56,11,20,223,0.008,50.4,2,6.5,0,6,0
CUST-10390,Apex Analytics,2024-12-31,Enterprise,Annual,1112.1,18,41,795,0.5,48.2,6,48.0,0,7,0
CUST-10391,Quantum HQ,2022-07-03,Basic,Monthly,50.47,48,2,70,-0.279,56.3,0,1.0,1,8,0
CUST-10392,Quantum Cloud,2022-07-03,Basic,Monthly,52.48,48,2,53,-0.142,64.0,4,24.9,0,6,0
CUST-10393,Hyper Analytics,2022-07-03,Pro,Monthly,179.73,48,14,255,-0.394,59.8,2,1.0,0,9,0
CUST-10394,Data Cloud,2025-10-01,Basic,Monthly,36.79,9,5,150,0.35,47.6,1,2.9,0,5,0
CUST-10395,Sync Stack,2025-10-31,Enterprise,Annual,1074.41,8,31,419,0.302,14.0,1,5.9,0,10,0
CUST-10396,Titan Systems,2025-08-31,Enterprise,Annual,689.8,10,63,1763,-0.392,25.2,2,15.3,0,10,0
CUST-10397,Orion Analytics,2025-03-02,Basic,Monthly,46.67,16,4,92,-0.261,77.1,2,6.4,0,4,0
CUST-10398,Hyper Stack,2025-08-01,Pro,Monthly,227.09,11,13,107,-0.101,67.7,1,4.2,0,6,0
CUST-10399,Cloud Networks,2025-06-01,Pro,Annual,204.73,13,12,86,0.103,53.6,3,12.6,0,10,0
CUST-10400,Hyper Analytics,2024-06-01,Basic,Monthly,63.32,25,3,49,0.304,50.0,3,22.1,0,4,0
CUST-10401,Apex Software,2023-06-03,Enterprise,Annual,1152.61,37,59,696,0.039,58.4,4,42.4,0,9,0
CUST-10402,Omni Analytics,2023-09-02,Pro,Annual,179.48,34,14,356,-0.309,42.6,4,20.7,1,8,1
CUST-10403,Aero AI,2022-12-02,Pro,Monthly,199.82,43,8,175,0.324,46.5,2,26.7,1,9,0
CUST-10404,Data Tech,2026-05-02,Basic,Monthly,48.65,2,5,77,-0.351,83.1,2,23.0,0,7,0
CUST-10405,Zentis Flow,2026-04-01,Enterprise,Multi-Year,761.91,3,64,1922,-0.502,55.3,2,11.3,0,4,0
CUST-10406,Pulse Tech,2023-03-03,Basic,Monthly,42.09,40,1,29,-0.047,59.2,2,32.2,1,9,0
CUST-10407,Omni Dynamics,2024-10-31,Basic,Monthly,44.88,20,1,10,0.028,66.5,2,2.2,0,2,0
CUST-10408,Orion Stack,2024-08-01,Enterprise,Multi-Year,693.87,23,44,692,0.353,44.6,4,14.1,0,8,0
CUST-10409,Hyper Stack,2026-04-01,Basic,Monthly,49.35,3,2,61,-0.585,76.1,5,18.8,0,5,1
CUST-10410,Zentis Stack,2025-10-01,Basic,Monthly,47.17,9,2,80,0.229,55.8,0,6.4,0,4,0
CUST-10411,Nexus Solutions,2024-05-02,Enterprise,Annual,748.32,26,50,1277,-0.069,77.3,5,13.3,0,5,0
CUST-10412,Flux AI,2022-07-03,Enterprise,Annual,1059.57,48,55,1131,-0.59,40.5,2,16.2,0,6,0
CUST-10413,Titan Tech,2022-07-03,Pro,Annual,220.37,48,11,382,-0.055,50.5,5,6.6,0,8,0
CUST-10414,Nova Digital,2024-12-01,Pro,Annual,205.78,19,17,681,0.366,30.9,2,1.0,0,4,0
CUST-10415,Vanguard Labs,2024-10-01,Basic,Monthly,46.62,21,1,37,-0.074,24.6,3,38.4,0,4,0
CUST-10416,Cyber Dynamics,2022-10-02,Basic,Monthly,53.35,45,2,17,-0.213,49.8,4,5.4,1,1,1
CUST-10417,Aura Tech,2024-10-31,Basic,Monthly,54.0,20,3,56,-0.329,32.3,4,29.6,0,6,0
CUST-10418,Cyber Solutions,2024-12-01,Pro,Monthly,208.18,19,9,134,0.5,64.7,3,12.5,0,7,0
CUST-10419,Strata Flow,2022-07-03,Pro,Monthly,174.39,48,15,441,0.356,82.4,0,172.0,0,10,0
CUST-10420,Quantum AI,2023-03-03,Pro,Monthly,207.26,40,8,177,-0.063,58.1,3,6.4,0,6,0
CUST-10421,Cloud Flow,2022-07-03,Pro,Annual,234.69,48,17,447,-0.101,59.2,1,6.9,0,4,0
CUST-10422,Nova Digital,2025-10-31,Basic,Annual,44.61,8,3,94,-0.054,89.8,3,8.8,0,3,0
CUST-10423,Sync Analytics,2024-10-31,Basic,Monthly,64.42,20,3,39,-0.161,77.0,1,3.6,0,10,0
CUST-10424,Flux Stack,2022-08-03,Basic,Monthly,45.14,47,2,47,-0.088,61.9,1,3.8,3,4,1
CUST-10425,Aura Cloud,2026-03-02,Pro,Monthly,199.97,4,5,133,0.171,77.5,4,29.1,3,6,0
CUST-10426,Cyber Dynamics,2023-03-03,Basic,Monthly,44.06,40,2,52,0.072,27.9,3,26.6,0,5,0
CUST-10427,Zentis Networks,2025-12-31,Enterprise,Annual,1032.46,6,42,1348,-0.006,38.6,3,28.7,0,10,0
CUST-10428,Vanguard Dynamics,2023-01-02,Basic,Monthly,36.19,42,4,96,-0.063,41.4,2,1.0,0,9,0
CUST-10429,Pulse Dynamics,2024-06-01,Basic,Annual,44.99,25,1,27,-0.263,64.9,2,23.4,0,6,0
CUST-10430,Vertex Networks,2025-12-01,Basic,Monthly,40.97,7,4,101,-0.212,57.4,4,10.6,2,4,1
CUST-10431,Strata HQ,2025-01-31,Pro,Monthly,203.04,17,7,215,0.173,55.4,5,34.5,0,8,0
CUST-10432,Strata Analytics,2024-01-01,Pro,Monthly,228.68,30,7,250,0.031,73.7,0,25.5,0,10,0
CUST-10433,Orion Digital,2024-05-02,Basic,Monthly,53.75,26,1,22,0.218,72.5,3,48.7,1,8,0
CUST-10434,Aero Solutions,2025-04-01,Basic,Annual,31.57,15,4,71,0.391,53.2,1,2.3,1,9,0
CUST-10435,Apex Cloud,2022-07-03,Pro,Annual,259.96,48,7,203,-0.306,59.0,4,73.3,0,2,1
CUST-10436,Vanguard Systems,2024-12-01,Basic,Annual,51.17,19,1,26,0.172,27.6,1,16.7,0,6,0
CUST-10437,Aura HQ,2024-12-01,Pro,Annual,175.82,19,8,180,-0.057,69.7,3,11.4,0,10,0
CUST-10438,Titan Stack,2026-04-01,Pro,Annual,203.69,3,13,383,-0.291,50.3,5,9.8,0,10,0
CUST-10439,Sync Solutions,2022-07-03,Basic,Monthly,50.29,48,2,42,-0.226,68.3,4,48.3,0,7,0
CUST-10440,Sync Software,2025-12-31,Basic,Monthly,44.1,6,3,51,0.064,67.1,2,20.2,0,4,1
CUST-10441,Orion Flow,2024-10-31,Enterprise,Annual,1028.66,20,6,158,0.144,36.0,0,2.9,2,6,0
CUST-10442,Sync Global,2023-02-01,Basic,Monthly,44.54,41,3,69,-0.302,54.9,4,107.5,0,10,0
CUST-10443,Apex Global,2025-12-01,Basic,Monthly,46.03,7,2,40,-0.056,58.1,1,23.7,0,5,0
CUST-10444,Data Tech,2024-10-31,Pro,Monthly,178.51,20,11,236,-0.391,34.5,5,5.3,1,6,1
CUST-10445,Pulse Flow,2025-10-31,Enterprise,Annual,784.31,8,27,1042,-0.334,48.5,6,13.8,0,4,0
CUST-10446,Cyber Cloud,2023-07-03,Enterprise,Annual,1020.85,36,51,1720,-0.02,61.5,4,13.9,0,10,0
CUST-10447,Flux Stack,2024-09-01,Pro,Monthly,216.47,22,11,293,-0.09,48.3,3,24.5,0,6,0
CUST-10448,Pulse Flow,2022-07-03,Basic,Monthly,52.78,48,4,114,-0.259,89.4,5,4.0,0,10,0
CUST-10449,Aura Digital,2022-07-03,Basic,Monthly,55.03,48,4,134,-0.423,64.0,2,45.0,0,8,0
CUST-10450,Aura Cloud,2024-04-02,Pro,Monthly,208.68,27,19,235,0.424,64.4,0,18.2,0,9,0
CUST-10451,Apex Tech,2023-10-02,Pro,Monthly,183.1,33,6,120,-0.321,81.7,1,3.5,0,10,0
CUST-10452,Omni HQ,2024-10-01,Basic,Annual,55.17,21,1,23,0.081,70.8,5,1.4,0,3,0
CUST-10453,Aero Flow,2025-06-01,Enterprise,Annual,795.58,13,50,955,-0.016,78.6,3,36.7,0,4,0
CUST-10454,Pulse Networks,2024-04-02,Basic,Monthly,42.38,27,5,65,-0.224,89.4,2,33.4,0,6,0
CUST-10455,Zentis Solutions,2022-07-03,Basic,Monthly,41.91,48,3,71,-0.303,44.8,2,33.6,0,2,1
CUST-10456,Aura Global,2025-04-01,Basic,Annual,56.94,15,4,56,0.06,91.5,1,35.7,1,5,1
CUST-10457,Nova Solutions,2025-08-01,Basic,Monthly,55.93,11,3,101,0.012,32.5,2,20.0,0,5,0
CUST-10458,Cyber Flow,2025-05-02,Basic,Monthly,52.58,14,5,165,-0.34,67.3,2,22.2,0,8,1
CUST-10459,Flux Solutions,2025-03-02,Basic,Monthly,56.88,16,1,10,-0.013,79.4,2,1.8,0,6,0
CUST-10460,Titan Flow,2026-04-01,Basic,Monthly,42.54,3,2,67,0.128,42.0,1,12.4,0,2,0
CUST-10461,Strata Networks,2024-12-31,Pro,Annual,209.41,18,15,481,-0.164,64.5,4,36.5,1,9,0
CUST-10462,Omni Networks,2024-12-31,Pro,Annual,195.26,18,10,279,-0.341,37.0,2,4.4,0,8,1
CUST-10463,Pulse Tech,2024-08-01,Pro,Annual,224.28,23,13,317,-0.187,82.8,3,6.3,0,9,0
CUST-10464,Data Solutions,2025-06-01,Enterprise,Multi-Year,981.73,13,35,1032,0.025,36.8,1,2.5,0,8,0
CUST-10465,Hyper Flow,2024-06-01,Basic,Monthly,46.17,25,5,93,-0.281,60.2,4,3.1,0,10,0
CUST-10466,Flux Stack,2022-07-03,Basic,Monthly,52.98,48,1,18,-0.236,35.0,4,27.0,0,6,1
CUST-10467,Cloud HQ,2022-07-03,Enterprise,Annual,1130.29,48,49,1137,-0.093,43.6,2,27.6,1,7,1
CUST-10468,Data Flow,2024-08-01,Basic,Annual,44.09,23,2,48,0.041,74.7,2,44.4,0,7,0
CUST-10469,Aura Networks,2026-04-01,Enterprise,Annual,989.85,3,15,385,-0.045,38.6,4,26.7,2,8,0
CUST-10470,Zentis Stack,2022-07-03,Basic,Annual,41.22,48,5,98,-0.36,32.7,0,78.2,1,9,0
CUST-10471,Nova Analytics,2023-12-02,Enterprise,Annual,624.67,31,49,1111,-0.261,44.1,2,7.9,2,7,0
CUST-10472,Omni Tech,2025-07-02,Basic,Monthly,50.47,12,1,18,0.482,69.3,2,11.0,1,7,0
CUST-10473,Data Networks,2026-01-30,Enterprise,Multi-Year,1090.24,5,57,1308,-0.239,62.6,1,11.9,0,6,0
CUST-10474,Pulse Solutions,2026-01-30,Pro,Monthly,206.82,5,8,40,-0.324,91.2,2,20.9,0,7,0
CUST-10475,Cloud Networks,2025-12-31,Enterprise,Annual,706.86,6,70,1537,0.302,100.0,2,1.0,0,6,0
CUST-10476,Apex Flow,2026-04-01,Basic,Monthly,46.42,3,3,74,-0.184,74.1,1,6.1,1,5,0
CUST-10477,Flux Systems,2022-07-03,Pro,Monthly,132.78,48,9,248,0.018,48.6,3,13.7,0,7,0
CUST-10478,Sync Labs,2024-10-01,Enterprise,Annual,1204.25,21,31,556,0.006,77.8,8,59.3,0,3,0
CUST-10479,Nexus Global,2023-12-02,Pro,Monthly,166.58,31,10,332,-0.281,57.2,7,5.2,2,2,1
CUST-10480,Omni Flow,2022-10-02,Pro,Monthly,236.47,45,16,539,-0.713,46.8,2,13.4,0,7,0
CUST-10481,Quantum Digital,2023-03-03,Pro,Annual,227.23,40,12,366,0.01,100.0,1,19.1,0,9,0
CUST-10482,Aura Tech,2022-07-03,Basic,Annual,42.38,48,3,105,-0.169,36.6,2,37.0,3,7,1
CUST-10483,Apex Analytics,2022-07-03,Pro,Monthly,165.19,48,18,661,-0.727,65.5,5,1.9,1,0,1
CUST-10484,Omni Cloud,2025-03-02,Pro,Annual,209.46,16,12,212,0.041,54.9,3,64.7,0,2,0
CUST-10485,Aura Cloud,2022-07-03,Enterprise,Annual,872.48,48,64,1301,0.015,99.2,1,26.9,0,5,0
CUST-10486,Vanguard Systems,2023-10-02,Basic,Monthly,49.75,33,5,144,0.326,56.1,3,16.0,2,6,0
CUST-10487,Nexus Networks,2026-04-01,Basic,Monthly,45.45,3,1,16,0.014,48.4,2,12.5,0,6,1
CUST-10488,Aura Tech,2024-01-01,Enterprise,Multi-Year,732.09,30,39,680,0.092,56.7,2,1.0,1,7,0
CUST-10489,Vertex AI,2024-01-01,Enterprise,Multi-Year,664.76,30,30,1061,-0.188,57.8,2,1.0,0,6,0
CUST-10490,Aura Tech,2022-07-03,Basic,Monthly,50.67,48,1,10,0.014,48.6,2,19.8,1,8,0
CUST-10491,Zentis Digital,2025-06-01,Pro,Monthly,182.24,13,7,146,-0.127,41.1,2,11.1,1,2,1
CUST-10492,Nexus Systems,2024-08-01,Basic,Monthly,44.93,23,2,48,0.19,65.5,1,38.3,3,4,0
CUST-10493,Quantum Stack,2026-05-02,Basic,Monthly,54.11,2,4,130,0.211,77.4,1,22.5,2,7,0
CUST-10494,Zentis Networks,2025-08-01,Basic,Monthly,57.62,11,3,70,0.077,80.2,0,3.1,0,7,0
CUST-10495,Vertex HQ,2026-04-01,Basic,Monthly,47.0,3,3,96,-0.262,34.6,4,37.3,0,6,0
CUST-10496,Hyper Global,2024-10-31,Pro,Annual,188.83,20,15,368,0.044,44.5,0,14.6,1,3,1
CUST-10497,Cyber Analytics,2022-12-02,Basic,Monthly,52.68,43,3,91,-0.087,92.3,2,16.8,0,8,0
CUST-10498,Orion Stack,2025-12-01,Enterprise,Multi-Year,795.66,7,72,1939,-0.286,71.3,2,1.3,0,4,0
CUST-10499,Orion HQ,2024-10-31,Enterprise,Annual,1032.44,20,39,1153,-0.068,91.9,2,11.4,0,8,0
CUST-10500,Nova AI,2025-12-01,Pro,Monthly,215.47,7,16,338,0.23,51.0,4,25.7,0,2,0
CUST-10501,Strata Software,2026-01-30,Pro,Annual,219.3,5,10,322,-0.134,40.0,0,63.0,0,2,1
CUST-10502,Strata Networks,2024-12-01,Basic,Annual,34.76,19,4,89,0.5,82.9,3,6.5,0,8,0
CUST-10503,Zentis AI,2026-03-02,Pro,Monthly,176.27,4,4,99,-0.215,92.9,0,33.4,0,7,0
CUST-10504,Omni Analytics,2024-08-01,Pro,Monthly,172.78,23,13,301,-0.038,33.1,3,23.8,0,6,0
CUST-10505,Orion Labs,2026-05-02,Basic,Annual,49.73,2,3,95,-0.452,68.9,0,9.0,1,4,0
CUST-10506,Orion Flow,2026-03-02,Enterprise,Annual,1071.04,4,54,1824,0.031,75.4,6,1.0,0,5,0
CUST-10507,Hyper Stack,2024-10-01,Pro,Monthly,243.68,21,9,250,0.212,70.4,4,2.2,0,5,0
CUST-10508,Data Digital,2024-08-01,Enterprise,Annual,924.83,23,59,2019,-0.107,58.3,5,18.9,0,5,0
CUST-10509,Data Networks,2026-05-02,Pro,Annual,184.15,2,18,519,-0.288,57.7,0,8.9,0,7,0
CUST-10510,Vertex Systems,2024-09-01,Pro,Annual,233.32,22,12,424,0.293,67.9,4,6.7,0,5,0
CUST-10511,Pulse Systems,2022-09-02,Basic,Annual,51.18,46,4,102,-0.769,62.1,3,56.4,0,4,0
CUST-10512,Flux Tech,2023-10-02,Enterprise,Annual,1188.96,33,20,418,-0.553,24.7,3,67.7,0,4,0
CUST-10513,Cloud Labs,2026-01-30,Enterprise,Annual,1042.27,5,74,1101,-0.255,71.3,2,60.5,0,7,0
CUST-10514,Cyber Cloud,2024-08-01,Basic,Monthly,40.5,23,1,6,0.195,81.5,2,8.0,0,10,0
CUST-10515,Orion Cloud,2024-02-01,Basic,Monthly,39.2,29,5,160,0.197,76.6,0,27.7,0,4,0
CUST-10516,Omni Labs,2026-05-02,Basic,Monthly,37.6,2,3,113,0.428,46.9,0,5.6,0,5,0
CUST-10517,Pulse Networks,2022-07-03,Pro,Monthly,218.76,48,16,400,-0.556,33.3,2,5.6,0,10,0
CUST-10518,Omni Flow,2022-07-03,Enterprise,Annual,1177.11,48,29,860,-0.187,60.6,4,25.9,1,7,0
CUST-10519,Strata Tech,2022-07-03,Basic,Monthly,62.59,48,3,58,-0.339,89.8,1,40.5,2,8,0
CUST-10520,Pulse Software,2022-11-02,Pro,Annual,224.17,44,6,121,0.07,65.7,1,26.2,0,10,0
CUST-10521,Sync Stack,2023-08-02,Basic,Monthly,57.55,35,3,67,0.263,41.5,1,9.8,0,9,0
CUST-10522,Zentis Digital,2024-05-02,Enterprise,Multi-Year,912.08,26,58,786,-0.249,64.6,2,11.9,0,6,0
CUST-10523,Data AI,2024-02-01,Pro,Monthly,164.48,29,13,491,-0.024,64.3,3,2.7,0,7,0
CUST-10524,Hyper Global,2023-01-02,Pro,Annual,224.37,42,9,206,0.397,56.7,1,12.8,0,3,0
CUST-10525,Pulse Digital,2024-03-02,Basic,Annual,52.07,28,2,50,0.113,82.2,1,6.0,0,4,0
CUST-10526,Quantum Software,2025-08-01,Basic,Monthly,49.79,11,2,38,0.184,71.6,3,4.0,0,3,0
CUST-10527,Sync Dynamics,2025-06-01,Basic,Annual,51.85,13,1,20,-0.188,77.3,1,26.9,0,6,0
CUST-10528,Quantum Tech,2022-07-03,Basic,Monthly,51.38,48,1,14,0.149,72.6,2,2.9,2,6,0
CUST-10529,Nexus Systems,2026-05-02,Enterprise,Multi-Year,1191.38,2,46,867,0.472,71.8,3,1.0,0,4,0
CUST-10530,Omni Analytics,2023-12-02,Pro,Annual,237.66,31,8,215,0.205,20.7,2,2.4,0,10,0
CUST-10531,Zentis Software,2022-07-03,Enterprise,Multi-Year,1080.55,48,53,596,-0.283,46.3,4,17.4,0,4,0
CUST-10532,Omni Cloud,2023-11-02,Enterprise,Annual,1125.74,32,59,1502,-0.205,51.9,3,3.2,1,10,0
CUST-10533,Hyper Cloud,2022-07-03,Pro,Monthly,214.34,48,11,108,-0.363,75.5,3,1.4,0,4,0
CUST-10534,Omni Flow,2024-01-01,Pro,Annual,185.23,30,1,28,-0.076,88.6,2,18.9,0,4,0
CUST-10535,Aero Networks,2026-05-02,Enterprise,Annual,1112.37,2,73,2637,0.104,62.0,4,2.3,0,5,0
CUST-10536,Nova Global,2022-11-02,Pro,Annual,157.37,44,13,342,0.213,69.8,2,4.3,0,2,0
CUST-10537,Aura Cloud,2025-08-31,Basic,Monthly,56.75,10,1,16,-0.222,94.4,5,24.8,0,6,0
CUST-10538,Vertex Analytics,2025-03-02,Basic,Annual,40.22,16,3,101,-0.03,56.2,4,4.3,0,6,0
CUST-10539,Nexus Software,2025-08-01,Basic,Monthly,51.1,11,1,34,-0.393,65.9,3,25.8,0,5,0
CUST-10540,Cyber Flow,2025-10-01,Enterprise,Multi-Year,872.35,9,51,907,0.175,90.1,8,4.0,1,7,0
CUST-10541,Vanguard Analytics,2025-04-01,Pro,Annual,215.52,15,16,330,-0.095,41.9,2,16.1,0,2,0
CUST-10542,Sync Labs,2025-06-01,Basic,Monthly,48.75,13,1,24,-0.499,66.7,4,1.6,0,6,0
CUST-10543,Vertex HQ,2024-05-02,Pro,Monthly,151.4,26,8,256,0.154,56.2,1,9.9,0,5,0
CUST-10544,Zentis Analytics,2022-12-02,Pro,Monthly,211.56,43,15,396,0.378,53.4,2,4.7,0,8,0
CUST-10545,Apex Stack,2025-08-31,Basic,Monthly,44.75,10,1,33,-0.611,85.0,4,4.9,0,7,0
CUST-10546,Sync Analytics,2025-12-01,Basic,Monthly,55.48,7,2,65,-0.591,32.5,3,16.2,1,9,0
CUST-10547,Nexus Stack,2024-03-02,Pro,Annual,199.04,28,9,157,0.158,68.1,2,52.7,0,3,0
CUST-10548,Cloud Cloud,2024-02-01,Pro,Annual,210.8,29,11,108,-0.089,58.0,2,33.0,0,2,0
CUST-10549,Nova Digital,2022-07-03,Pro,Monthly,170.42,48,14,181,-0.179,36.6,0,1.0,0,10,0
CUST-10550,Strata Software,2026-05-02,Pro,Monthly,181.41,2,13,181,0.407,37.3,5,38.6,2,2,1
CUST-10551,Sync Systems,2022-07-03,Enterprise,Annual,930.27,48,31,777,0.055,87.7,1,17.3,0,5,0
CUST-10552,Zentis AI,2024-10-31,Pro,Annual,224.57,20,11,377,-0.24,81.0,2,42.9,0,5,1
CUST-10553,Aura Tech,2024-06-01,Pro,Annual,249.07,25,15,257,0.168,88.8,4,4.5,0,9,0
CUST-10554,Aura Solutions,2026-03-02,Enterprise,Multi-Year,878.35,4,63,2042,-0.186,20.6,5,14.4,2,5,0
CUST-10555,Cyber Solutions,2025-04-01,Basic,Monthly,56.91,15,4,59,-0.459,58.1,0,26.3,0,10,0
CUST-10556,Vanguard Digital,2025-10-31,Basic,Monthly,33.05,8,4,147,0.111,59.4,0,27.4,0,9,0
CUST-10557,Hyper Dynamics,2025-10-01,Basic,Annual,40.22,9,4,81,-0.197,40.0,3,8.8,0,8,0
CUST-10558,Cloud Solutions,2024-12-01,Pro,Monthly,170.38,19,8,267,-0.045,37.1,2,2.3,0,10,0
CUST-10559,Cyber Flow,2022-12-02,Pro,Monthly,158.63,43,14,413,-0.216,60.0,2,8.7,0,8,0
CUST-10560,Aura Networks,2023-08-02,Pro,Monthly,151.73,35,6,186,-0.402,73.4,4,1.5,0,7,0
CUST-10561,Aero Dynamics,2024-08-01,Basic,Monthly,52.04,23,1,16,-0.284,18.3,2,29.2,0,9,0
CUST-10562,Flux Labs,2024-10-31,Basic,Monthly,47.43,20,1,40,-0.478,49.0,0,41.4,0,7,0
CUST-10563,Strata Tech,2025-04-01,Basic,Monthly,51.79,15,3,23,0.276,64.9,5,20.1,0,6,0
CUST-10564,Vanguard Networks,2022-07-03,Basic,Monthly,54.07,48,3,46,-0.425,31.9,3,20.9,0,6,1
CUST-10565,Vanguard Tech,2024-09-01,Pro,Monthly,206.93,22,10,136,-0.164,50.9,2,72.5,0,7,0
CUST-10566,Aero Dynamics,2025-10-01,Basic,Monthly,53.83,9,1,20,-0.111,98.8,1,28.4,0,6,0
CUST-10567,Nova Dynamics,2025-10-31,Basic,Monthly,48.49,8,1,18,0.163,77.1,4,8.5,0,5,0
CUST-10568,Apex Digital,2024-06-01,Enterprise,Annual,821.13,25,56,830,-0.21,73.1,1,11.7,1,5,0
CUST-10569,Flux Cloud,2024-10-31,Basic,Monthly,56.77,20,1,28,0.289,100.0,1,106.4,0,7,0
CUST-10570,Cyber Labs,2026-05-02,Pro,Monthly,181.42,2,4,101,0.5,88.0,4,34.3,0,5,0
CUST-10571,Data Global,2022-10-02,Pro,Monthly,171.07,45,15,354,-0.085,27.2,2,20.0,0,6,0
CUST-10572,Titan Analytics,2023-12-02,Basic,Monthly,47.69,31,1,17,0.079,28.9,2,7.4,0,1,0
CUST-10573,Aura Digital,2024-03-02,Pro,Monthly,171.75,28,20,655,-0.262,66.3,2,10.3,0,5,0
CUST-10574,Strata Stack,2026-04-01,Enterprise,Annual,936.45,3,52,764,-0.416,62.7,3,5.3,0,1,0
CUST-10575,Nexus HQ,2025-06-01,Enterprise,Multi-Year,1050.56,13,47,659,-0.127,48.7,3,14.2,0,6,0
CUST-10576,Sync Global,2022-07-03,Basic,Monthly,51.56,48,4,111,-0.353,42.2,3,21.3,0,7,0
CUST-10577,Quantum Software,2022-07-03,Enterprise,Annual,864.46,48,32,394,-0.157,57.4,2,2.4,1,1,0
CUST-10578,Omni Cloud,2025-08-31,Basic,Monthly,45.42,10,4,42,0.188,39.9,3,10.6,0,9,0
CUST-10579,Aura Tech,2025-12-31,Basic,Annual,56.9,6,1,20,0.193,73.7,2,26.1,1,5,0
CUST-10580,Apex Digital,2025-03-02,Basic,Monthly,52.65,16,3,65,-0.577,88.4,4,20.5,0,6,0
CUST-10581,Orion Stack,2025-07-02,Enterprise,Annual,1309.95,12,49,1384,-0.039,53.5,3,4.5,0,4,0
CUST-10582,Pulse Flow,2024-01-01,Basic,Monthly,57.67,30,3,135,-0.386,84.0,1,20.7,0,7,0
CUST-10583,Cloud Networks,2022-07-03,Basic,Monthly,57.41,48,3,36,-0.26,69.1,3,5.0,0,6,0
CUST-10584,Flux Labs,2025-06-01,Pro,Annual,157.57,13,10,209,-0.047,71.6,3,20.1,0,4,0
CUST-10585,Flux AI,2026-04-01,Basic,Monthly,54.61,3,2,19,-0.187,40.2,2,84.7,2,4,1
CUST-10586,Vertex HQ,2022-07-03,Basic,Monthly,48.61,48,3,73,0.076,58.5,3,9.1,0,5,0
CUST-10587,Hyper Cloud,2026-05-02,Basic,Monthly,44.95,2,4,101,-0.074,100.0,2,8.3,2,2,0
CUST-10588,Hyper Digital,2022-07-03,Basic,Annual,50.23,48,3,82,-0.386,80.5,2,7.6,0,5,0
CUST-10589,Quantum Cloud,2024-03-02,Basic,Monthly,55.95,28,4,81,-0.672,88.1,3,4.0,0,8,0
CUST-10590,Omni Global,2022-07-03,Basic,Monthly,52.68,48,4,90,0.055,61.7,1,11.9,0,7,0
CUST-10591,Sync AI,2025-12-01,Pro,Annual,172.78,7,13,432,0.309,57.0,5,19.4,0,8,0
CUST-10592,Aura Cloud,2026-04-01,Basic,Annual,54.46,3,4,92,-0.534,82.5,2,1.0,1,5,0
CUST-10593,Pulse Cloud,2024-12-31,Basic,Annual,44.31,18,1,24,-0.356,80.3,3,23.0,0,9,1
CUST-10594,Flux Systems,2025-03-02,Enterprise,Multi-Year,1031.47,16,59,1055,-0.426,52.3,4,23.8,0,10,0
CUST-10595,Aero HQ,2025-08-01,Basic,Annual,46.77,11,2,55,-0.474,100.0,2,2.8,0,7,0
CUST-10596,Orion Global,2022-07-03,Pro,Monthly,192.47,48,11,390,0.068,57.1,2,6.0,0,7,0
CUST-10597,Quantum Dynamics,2022-11-02,Basic,Annual,54.63,44,1,32,0.112,39.6,2,2.0,0,8,0
CUST-10598,Vertex Networks,2024-03-02,Basic,Annual,41.35,28,4,71,0.5,68.9,4,64.3,0,7,0
CUST-10599,Cyber Solutions,2025-12-31,Basic,Monthly,63.3,6,4,116,0.081,64.4,1,18.8,0,10,0
CUST-10600,Nova Networks,2023-09-02,Basic,Monthly,35.62,34,2,94,-0.194,61.9,0,28.1,0,8,0
CUST-10601,Apex Networks,2023-10-02,Basic,Annual,44.61,33,6,229,-0.452,54.1,3,35.8,0,4,1
CUST-10602,Omni Dynamics,2025-04-01,Basic,Monthly,51.72,15,3,100,-0.198,57.4,4,22.9,0,3,0
CUST-10603,Zentis Analytics,2022-07-03,Basic,Annual,53.29,48,4,111,0.155,81.3,2,26.5,1,5,1
CUST-10604,Aura Dynamics,2025-12-31,Basic,Monthly,48.26,6,3,98,0.179,51.1,4,17.2,1,8,1
CUST-10605,Quantum Cloud,2025-10-01,Basic,Monthly,48.58,9,2,46,-0.094,66.5,5,35.6,0,6,0
CUST-10606,Flux Cloud,2026-04-01,Basic,Monthly,52.02,3,5,157,-0.135,66.3,3,3.2,1,5,0
CUST-10607,Titan Solutions,2023-03-03,Basic,Monthly,47.3,40,5,158,0.01,51.2,5,19.6,0,9,1
CUST-10608,Flux Stack,2024-06-01,Pro,Annual,240.59,25,18,558,0.085,48.8,3,41.7,1,1,0
CUST-10609,Flux AI,2025-08-01,Pro,Annual,224.05,11,12,327,-0.103,67.9,1,31.7,0,3,0
CUST-10610,Strata Software,2025-12-31,Basic,Monthly,55.42,6,3,80,-0.233,60.4,3,11.8,0,4,0
CUST-10611,Vanguard Dynamics,2026-04-01,Pro,Monthly,170.16,3,13,465,-0.081,33.0,2,10.4,0,6,0
CUST-10612,Data Flow,2025-12-31,Pro,Monthly,196.63,6,12,221,-0.23,76.6,0,39.4,0,7,0
CUST-10613,Pulse Analytics,2025-03-02,Basic,Monthly,46.79,16,1,27,-0.187,75.8,3,24.2,0,8,0
CUST-10614,Aero HQ,2025-10-31,Enterprise,Multi-Year,848.31,8,42,666,0.172,46.5,3,9.6,1,5,0
CUST-10615,Cyber Labs,2025-10-01,Enterprise,Annual,1052.97,9,38,506,-0.346,81.6,2,15.5,0,8,0
CUST-10616,Vanguard Flow,2022-07-03,Basic,Monthly,45.05,48,2,48,-0.017,43.9,2,18.0,0,8,0
CUST-10617,Aura Flow,2024-12-01,Basic,Monthly,53.82,19,1,23,-0.538,5.0,4,4.4,0,4,1
CUST-10618,Aero AI,2023-09-02,Pro,Monthly,167.05,34,14,119,-0.16,48.6,1,40.0,0,7,0
CUST-10619,Quantum Cloud,2026-05-02,Pro,Monthly,250.31,2,10,290,0.13,67.9,2,17.9,1,9,0
CUST-10620,Nexus Systems,2025-06-01,Basic,Monthly,42.41,13,4,101,0.305,37.8,4,84.6,0,0,1
CUST-10621,Nova Analytics,2025-01-31,Basic,Annual,50.61,17,1,33,-0.249,68.7,6,1.0,1,7,0
CUST-10622,Vanguard Dynamics,2025-12-01,Basic,Annual,54.82,7,3,88,0.162,30.0,2,53.9,0,2,0
CUST-10623,Hyper Dynamics,2026-01-30,Basic,Annual,44.81,5,4,120,0.453,75.4,2,23.2,0,4,0
CUST-10624,Strata Tech,2022-07-03,Pro,Monthly,224.45,48,15,287,-0.231,60.5,2,38.6,0,8,0
CUST-10625,Nova Software,2022-07-03,Basic,Monthly,39.97,48,2,25,-0.238,78.5,2,7.6,0,10,0
CUST-10626,Strata Labs,2026-03-02,Basic,Monthly,59.67,4,1,39,-0.545,32.4,1,6.9,0,10,0
CUST-10627,Quantum AI,2025-07-02,Pro,Annual,199.42,12,13,372,-0.118,66.4,2,20.2,0,9,0
CUST-10628,Quantum Tech,2022-07-03,Basic,Annual,44.62,48,2,77,-0.762,72.6,4,53.4,0,6,0
CUST-10629,Aura Stack,2026-03-02,Basic,Monthly,46.8,4,3,110,-0.188,36.1,4,26.1,0,10,0
CUST-10630,Sync Solutions,2024-04-02,Pro,Monthly,223.15,27,3,98,-0.037,17.7,6,9.8,1,4,1
CUST-10631,Orion Flow,2022-07-03,Enterprise,Annual,911.42,48,11,181,-0.345,63.5,6,9.6,2,5,0
CUST-10632,Aero Digital,2022-07-03,Pro,Annual,176.63,48,19,257,-0.285,100.0,2,2.5,0,8,0
CUST-10633,Vertex Dynamics,2025-01-31,Pro,Annual,192.39,17,18,815,-0.287,19.9,2,26.3,0,8,1
CUST-10634,Vanguard Dynamics,2025-12-31,Basic,Monthly,40.35,6,3,107,-0.298,50.8,2,26.5,2,8,1
CUST-10635,Flux AI,2025-12-01,Basic,Annual,62.38,7,1,25,-0.065,64.7,3,1.0,0,6,0
CUST-10636,Vanguard Digital,2022-07-03,Pro,Annual,182.09,48,12,221,0.148,64.5,1,5.2,0,8,0
CUST-10637,Aura Dynamics,2022-07-03,Basic,Annual,55.11,48,3,83,-0.054,82.6,2,57.2,0,9,0
CUST-10638,Flux Labs,2024-07-02,Basic,Annual,50.54,24,2,38,-0.047,30.0,4,80.3,1,6,0
CUST-10639,Orion Tech,2023-06-03,Basic,Annual,41.76,37,1,14,0.06,83.2,1,31.3,0,10,0
CUST-10640,Pulse Digital,2023-09-02,Basic,Monthly,48.96,34,4,67,-0.333,81.0,5,13.9,0,10,0
CUST-10641,Omni HQ,2024-03-02,Basic,Monthly,54.76,28,4,51,-0.02,79.0,4,5.1,0,0,0
CUST-10642,Vertex AI,2022-10-02,Basic,Monthly,47.62,45,3,40,0.206,34.6,4,8.2,1,3,0
CUST-10643,Hyper Stack,2024-01-01,Basic,Monthly,57.77,30,2,26,-0.158,53.8,6,1.0,0,0,0
CUST-10644,Hyper Cloud,2024-10-31,Basic,Annual,56.51,20,1,21,0.384,51.4,4,3.4,0,5,0
CUST-10645,Cloud Flow,2025-10-31,Enterprise,Annual,1136.7,8,14,416,-0.114,54.0,3,33.6,1,6,0
CUST-10646,Omni Software,2023-08-02,Pro,Monthly,185.28,35,12,391,-0.071,84.5,3,9.5,0,5,0
CUST-10647,Apex Labs,2025-01-31,Pro,Annual,166.77,17,10,170,0.164,68.3,1,5.9,2,5,0
CUST-10648,Vanguard Stack,2025-08-31,Pro,Monthly,180.68,10,14,318,-0.329,44.3,1,49.9,3,7,1
CUST-10649,Nexus Networks,2023-02-01,Basic,Monthly,50.44,41,4,80,0.072,94.8,6,57.6,0,3,0
CUST-10650,Titan Solutions,2023-12-02,Basic,Monthly,53.01,31,4,106,-0.526,21.1,1,15.1,0,8,0
CUST-10651,Cyber Systems,2022-07-03,Pro,Annual,134.18,48,11,289,0.085,24.8,1,33.9,0,8,0
CUST-10652,Pulse Global,2025-12-31,Pro,Monthly,198.76,6,7,245,0.5,25.9,3,1.7,0,7,0
CUST-10653,Cyber Analytics,2024-04-02,Pro,Annual,203.72,27,15,350,-0.371,85.6,2,13.8,1,10,0
CUST-10654,Cloud Systems,2025-10-31,Basic,Monthly,46.96,8,1,20,-0.163,68.4,4,9.6,0,2,0
CUST-10655,Cloud Tech,2022-07-03,Basic,Annual,58.49,48,3,69,-0.268,58.0,2,1.3,0,6,0
CUST-10656,Orion Dynamics,2026-03-02,Basic,Monthly,52.1,4,1,15,0.379,65.4,2,12.9,0,7,0
CUST-10657,Aero Analytics,2024-03-02,Basic,Monthly,58.63,28,3,73,-0.425,49.4,2,30.0,0,0,1
CUST-10658,Pulse Cloud,2023-03-03,Pro,Monthly,192.55,40,5,159,-0.043,50.1,2,1.0,2,4,1
CUST-10659,Zentis Systems,2025-07-02,Pro,Monthly,226.98,12,14,418,0.032,54.8,0,1.0,0,5,0
CUST-10660,Pulse Cloud,2022-07-03,Basic,Monthly,61.02,48,2,63,0.336,59.2,2,18.5,0,4,0
CUST-10661,Sync Cloud,2022-07-03,Enterprise,Annual,1195.56,48,57,1888,0.301,28.2,2,4.4,0,8,0
CUST-10662,Sync Digital,2025-08-31,Pro,Monthly,166.4,10,10,328,0.127,100.0,1,37.0,3,6,0
CUST-10663,Apex Software,2026-05-02,Basic,Monthly,47.14,2,2,45,-0.087,39.5,2,14.9,0,7,0
CUST-10664,Strata Software,2025-08-31,Basic,Monthly,46.46,10,1,26,0.196,68.3,3,10.0,0,6,0
CUST-10665,Omni Digital,2025-08-31,Basic,Monthly,52.6,10,2,41,-0.072,100.0,3,9.9,0,7,0
CUST-10666,Flux Systems,2022-07-03,Basic,Monthly,54.04,48,4,102,0.5,65.9,2,26.9,0,5,0
CUST-10667,Vertex Cloud,2022-07-03,Basic,Annual,42.83,48,1,27,0.105,74.7,1,3.0,0,6,0
CUST-10668,Titan Analytics,2026-04-01,Basic,Monthly,49.5,3,3,56,0.389,85.2,4,63.3,0,7,0
CUST-10669,Omni Digital,2025-01-31,Basic,Monthly,34.15,17,2,33,0.194,45.3,2,1.0,0,7,0
CUST-10670,Cyber Flow,2024-10-01,Basic,Annual,59.6,21,3,62,-0.157,70.1,1,10.8,0,8,0
CUST-10671,Sync Cloud,2026-03-02,Enterprise,Annual,922.22,4,26,883,0.193,54.1,4,8.2,0,10,0
CUST-10672,Omni HQ,2025-06-01,Basic,Annual,49.41,13,1,12,-0.122,44.1,1,15.7,2,6,0
CUST-10673,Aero Dynamics,2025-08-01,Pro,Monthly,189.76,11,13,121,-0.044,58.4,1,30.0,0,6,0
CUST-10674,Aura Tech,2024-10-31,Basic,Annual,57.42,20,1,28,0.261,32.0,4,1.1,0,4,0
CUST-10675,Pulse AI,2024-03-02,Enterprise,Annual,573.8,28,49,490,0.141,36.8,6,1.0,0,1,0
CUST-10676,Zentis Solutions,2023-12-02,Basic,Annual,48.88,31,1,29,0.159,34.7,3,9.9,0,6,0
CUST-10677,Zentis Networks,2026-01-30,Basic,Monthly,48.22,5,1,16,-0.2,91.7,1,34.6,0,9,0
CUST-10678,Omni Labs,2022-12-02,Enterprise,Annual,931.02,43,43,290,0.03,68.1,3,5.3,0,5,0
CUST-10679,Aero Networks,2024-02-01,Enterprise,Annual,1257.68,29,47,1240,0.209,85.5,3,11.9,0,6,0
CUST-10680,Apex Analytics,2022-07-03,Pro,Monthly,172.51,48,12,84,0.042,49.6,2,14.6,0,9,0
CUST-10681,Nexus Software,2025-03-02,Basic,Monthly,54.67,16,2,72,0.047,19.6,6,13.8,3,7,1
CUST-10682,Orion Flow,2022-07-03,Basic,Monthly,51.62,48,4,98,0.074,82.8,3,35.3,1,9,0
CUST-10683,Aura Dynamics,2022-07-03,Pro,Annual,236.66,48,7,53,-0.098,79.7,2,5.3,0,6,0
CUST-10684,Omni Stack,2025-03-02,Enterprise,Annual,899.02,16,49,1042,0.058,29.6,2,38.0,1,8,0
CUST-10685,Pulse Analytics,2025-06-01,Pro,Annual,177.12,13,14,369,-0.267,78.7,3,10.0,0,5,0
CUST-10686,Titan HQ,2022-07-03,Pro,Monthly,231.72,48,11,192,-0.074,63.4,5,14.9,3,10,0
CUST-10687,Data Analytics,2023-11-02,Basic,Annual,52.13,32,1,20,0.12,40.3,3,41.7,3,2,1
CUST-10688,Sync Digital,2022-07-03,Pro,Annual,152.88,48,8,169,0.038,47.3,1,5.0,0,6,0
CUST-10689,Quantum Digital,2023-02-01,Basic,Monthly,45.04,41,4,146,0.27,63.0,4,6.9,0,10,0
CUST-10690,Hyper Software,2024-06-01,Basic,Annual,51.84,25,3,20,0.243,52.9,1,18.9,0,10,0
CUST-10691,Nexus Networks,2026-01-30,Basic,Annual,55.16,5,2,58,-0.189,66.3,5,7.5,0,8,0
CUST-10692,Strata Labs,2025-08-31,Pro,Monthly,178.72,10,16,348,-0.309,35.8,0,6.6,0,6,0
CUST-10693,Zentis Solutions,2022-07-03,Basic,Monthly,27.58,48,3,48,0.455,60.1,1,30.8,0,5,0
CUST-10694,Quantum Tech,2025-08-01,Basic,Monthly,52.85,11,1,26,0.167,72.2,3,75.6,2,9,0
CUST-10695,Omni Solutions,2026-03-02,Pro,Annual,162.57,4,9,203,0.007,48.3,2,40.8,0,8,0
CUST-10696,Cyber Systems,2023-11-02,Basic,Monthly,34.17,32,2,39,0.479,93.2,1,30.8,2,10,0
CUST-10697,Data Systems,2023-09-02,Pro,Monthly,114.46,34,12,310,0.113,86.2,3,50.0,0,9,0
CUST-10698,Flux Software,2025-08-31,Basic,Monthly,54.98,10,5,72,0.239,52.7,5,29.4,0,7,0
CUST-10699,Titan Global,2025-08-31,Basic,Monthly,49.95,10,4,110,0.5,57.5,1,45.5,1,6,0
CUST-10700,Nova Software,2025-01-31,Pro,Annual,192.26,17,12,229,-0.327,51.7,2,13.9,0,10,0
CUST-10701,Sync Dynamics,2026-05-02,Basic,Annual,59.21,2,2,57,0.189,82.7,2,37.5,0,7,0
CUST-10702,Cloud Networks,2023-03-03,Basic,Monthly,53.68,40,3,90,-0.222,90.2,2,1.2,2,10,0
CUST-10703,Aura Stack,2025-08-01,Basic,Monthly,60.88,11,2,60,0.026,75.8,3,1.7,0,10,0
CUST-10704,Omni Flow,2022-07-03,Basic,Monthly,38.76,48,6,141,-0.11,66.4,3,75.2,0,5,0
CUST-10705,Vanguard Stack,2023-02-01,Enterprise,Annual,993.82,41,45,1449,-0.506,70.9,4,50.4,1,8,1
CUST-10706,Hyper Cloud,2024-03-02,Basic,Monthly,37.12,28,2,51,0.256,78.6,2,6.7,0,7,0
CUST-10707,Vertex Systems,2025-08-01,Pro,Monthly,192.15,11,12,255,-0.43,70.1,3,10.6,0,5,0
CUST-10708,Pulse Dynamics,2024-12-01,Basic,Monthly,47.17,19,3,63,-0.407,80.9,1,9.4,0,9,0
CUST-10709,Aero Dynamics,2025-03-02,Pro,Monthly,217.7,16,7,72,-0.31,59.1,2,5.4,0,6,0
CUST-10710,Flux Solutions,2025-07-02,Pro,Annual,200.36,12,13,365,-0.208,100.0,2,8.8,0,4,0
CUST-10711,Vertex Stack,2022-07-03,Pro,Annual,217.61,48,6,99,-0.152,43.7,1,1.6,0,4,0
CUST-10712,Aero Labs,2024-12-31,Basic,Annual,54.17,18,1,15,-0.172,50.1,3,21.1,0,7,0
CUST-10713,Sync Global,2022-10-02,Basic,Monthly,64.84,45,2,45,-0.38,78.8,4,29.2,3,10,1
CUST-10714,Hyper Cloud,2026-03-02,Basic,Monthly,46.68,4,3,71,-0.202,43.2,3,52.1,0,10,0
CUST-10715,Titan Digital,2026-01-30,Enterprise,Multi-Year,857.99,5,42,1077,-0.165,42.1,5,38.6,0,4,0
CUST-10716,Sync Analytics,2022-07-03,Pro,Annual,206.35,48,10,155,-0.303,43.6,1,24.2,0,3,0
CUST-10717,Aero Dynamics,2024-08-01,Enterprise,Annual,878.78,23,63,1271,0.017,23.6,5,7.1,2,8,0
CUST-10718,Titan Tech,2024-12-01,Basic,Monthly,59.89,19,4,92,0.068,57.2,2,11.3,2,6,1
CUST-10719,Pulse Cloud,2024-10-31,Pro,Monthly,190.55,20,12,397,-0.176,85.0,3,1.9,2,7,0
CUST-10720,Apex Analytics,2025-12-01,Enterprise,Multi-Year,914.25,7,33,780,-0.394,30.4,3,53.1,0,5,0
CUST-10721,Flux Solutions,2023-10-02,Basic,Monthly,45.54,33,3,119,0.203,58.3,2,12.2,1,6,0
CUST-10722,Orion HQ,2026-03-02,Basic,Monthly,54.28,4,1,11,0.022,43.3,2,10.8,1,5,0
CUST-10723,Vertex Digital,2024-09-01,Pro,Monthly,194.29,22,13,478,0.296,58.4,3,2.9,0,4,0
CUST-10724,Strata Software,2024-09-01,Pro,Monthly,179.85,22,11,240,0.132,30.8,3,26.5,1,10,0
CUST-10725,Omni Digital,2022-07-03,Pro,Annual,248.71,48,8,154,-0.58,41.9,1,2.4,0,10,1
CUST-10726,Cyber Tech,2024-10-31,Basic,Annual,42.71,20,3,70,-0.615,22.0,3,32.7,0,7,1
CUST-10727,Quantum Labs,2026-01-30,Pro,Monthly,200.06,5,7,174,-0.092,59.2,1,8.7,0,5,0
CUST-10728,Nexus Networks,2024-09-01,Basic,Monthly,53.79,22,1,27,0.046,92.1,5,28.6,1,7,0
CUST-10729,Aura Tech,2026-03-02,Basic,Monthly,37.01,4,2,52,0.302,63.9,0,37.4,0,5,0
CUST-10730,Hyper HQ,2025-12-01,Basic,Monthly,52.53,7,2,37,-0.024,61.2,1,10.1,1,1,0
CUST-10731,Flux Systems,2026-05-02,Pro,Annual,167.51,2,10,109,0.036,23.2,5,30.2,0,4,0
CUST-10732,Aero Cloud,2024-12-01,Pro,Annual,223.56,19,15,491,0.162,33.4,3,45.3,0,4,0
CUST-10733,Titan Digital,2026-03-02,Pro,Annual,170.26,4,9,158,0.136,58.5,2,4.6,0,5,0
CUST-10734,Flux AI,2025-01-31,Basic,Annual,54.09,17,3,52,-0.176,51.2,1,4.2,0,9,0
CUST-10735,Zentis Flow,2022-07-03,Enterprise,Annual,1164.71,48,32,911,0.107,80.3,1,1.0,2,5,0
CUST-10736,Quantum Software,2023-10-02,Basic,Monthly,55.33,33,3,66,0.048,54.4,6,27.9,0,6,0
CUST-10737,Cyber Digital,2026-04-01,Pro,Annual,206.5,3,12,186,-0.062,37.5,4,5.9,0,4,0
CUST-10738,Hyper Dynamics,2025-10-31,Basic,Annual,47.3,8,2,47,0.094,60.9,5,8.1,1,6,0
CUST-10739,Aura Analytics,2024-02-01,Basic,Monthly,44.76,29,4,62,-0.583,35.6,3,35.1,0,5,1
CUST-10740,Cyber Networks,2022-07-03,Basic,Monthly,59.81,48,3,50,-0.254,56.9,4,22.0,1,9,0
CUST-10741,Nexus Flow,2026-05-02,Basic,Monthly,43.86,2,3,115,-0.03,64.9,5,23.6,1,7,1
CUST-10742,Titan HQ,2022-12-02,Pro,Annual,168.04,43,14,222,-0.234,78.6,3,2.3,0,4,0
CUST-10743,Strata Cloud,2024-09-01,Pro,Monthly,218.86,22,8,222,0.363,15.3,3,28.1,0,6,1
CUST-10744,Pulse Dynamics,2024-10-01,Basic,Monthly,43.15,21,3,103,-0.261,61.3,2,1.5,2,8,0
CUST-10745,Titan Tech,2022-07-03,Enterprise,Multi-Year,856.63,48,39,694,-0.211,55.8,2,43.7,0,10,0
CUST-10746,Titan Global,2023-08-02,Basic,Annual,38.39,35,1,40,0.09,58.9,2,12.5,0,4,0
CUST-10747,Titan Labs,2022-07-03,Pro,Monthly,184.59,48,8,246,-0.181,24.4,1,51.6,0,6,0
CUST-10748,Aero Networks,2025-07-02,Enterprise,Annual,986.61,12,37,1094,-0.527,79.8,3,41.1,0,5,0
CUST-10749,Data Tech,2024-10-01,Pro,Monthly,206.26,21,16,236,-0.178,59.0,4,5.5,0,7,0
CUST-10750,Strata Tech,2024-06-01,Basic,Monthly,55.99,25,2,67,-0.47,45.9,2,21.2,0,2,1
CUST-10751,Data Digital,2025-08-01,Enterprise,Multi-Year,1077.96,11,47,1005,-0.614,64.3,2,6.8,2,7,0
CUST-10752,Orion Labs,2024-09-01,Pro,Monthly,193.3,22,10,174,-0.476,35.3,3,1.8,0,10,0
CUST-10753,Nexus Stack,2025-10-31,Basic,Annual,47.54,8,1,31,-0.111,77.3,2,16.2,0,7,0
CUST-10754,Vanguard HQ,2026-01-30,Basic,Monthly,52.75,5,1,29,0.244,74.5,4,37.9,0,4,0
CUST-10755,Quantum Stack,2025-06-01,Pro,Annual,236.99,13,14,242,-0.153,73.6,6,27.9,0,5,0
CUST-10756,Zentis HQ,2023-09-02,Pro,Monthly,202.77,34,10,351,-0.349,44.4,5,25.8,0,7,0
CUST-10757,Vertex Dynamics,2022-07-03,Pro,Annual,185.0,48,13,495,0.255,71.4,2,31.8,2,3,0
CUST-10758,Flux HQ,2025-03-02,Enterprise,Annual,850.22,16,62,1752,0.109,79.7,2,21.0,1,8,0
CUST-10759,Zentis HQ,2024-04-02,Pro,Annual,155.86,27,12,350,0.189,46.2,0,53.2,1,8,0
CUST-10760,Pulse Solutions,2026-03-02,Basic,Monthly,53.9,4,4,74,0.293,73.8,0,8.7,0,4,0
CUST-10761,Quantum Stack,2022-07-03,Basic,Monthly,53.25,48,2,75,0.25,47.2,3,16.1,2,8,0
CUST-10762,Orion Labs,2024-09-01,Basic,Monthly,53.24,22,3,110,-0.147,54.9,4,10.7,2,1,1
CUST-10763,Sync Dynamics,2023-04-03,Pro,Monthly,195.16,39,13,227,-0.189,92.1,3,31.1,0,6,0
CUST-10764,Quantum Systems,2023-03-03,Basic,Monthly,59.34,40,3,78,0.5,34.1,2,2.9,0,5,0
CUST-10765,Flux Networks,2025-10-01,Pro,Annual,184.55,9,18,650,-0.009,86.9,2,73.7,1,4,0
CUST-10766,Cloud Tech,2024-10-31,Pro,Annual,227.51,20,9,246,-0.142,49.2,3,5.2,0,1,0
CUST-10767,Apex Systems,2022-07-03,Enterprise,Annual,993.19,48,48,1403,-0.062,58.4,4,10.4,0,4,0
CUST-10768,Apex Solutions,2026-03-02,Basic,Monthly,44.53,4,3,57,-0.533,71.6,2,4.9,0,3,0
CUST-10769,Pulse Analytics,2024-01-01,Pro,Monthly,216.69,30,14,357,0.085,52.1,4,63.0,0,8,1
CUST-10770,Vanguard Labs,2022-07-03,Basic,Monthly,52.01,48,3,77,0.403,59.5,2,11.9,0,10,0
CUST-10771,Cloud Networks,2025-08-31,Pro,Annual,209.66,10,10,192,-0.573,93.3,3,16.8,1,8,0
CUST-10772,Nexus Systems,2022-07-03,Basic,Monthly,49.6,48,3,92,0.1,57.2,8,5.9,0,7,0
CUST-10773,Cyber Global,2022-07-03,Basic,Monthly,48.72,48,3,136,-0.124,48.4,0,14.5,2,9,0
CUST-10774,Hyper Flow,2023-08-02,Pro,Monthly,270.29,35,9,303,-0.029,47.3,3,53.2,0,8,0
CUST-10775,Vertex Cloud,2025-10-31,Basic,Annual,57.7,8,2,24,0.209,35.4,3,20.4,0,7,0
CUST-10776,Strata Stack,2025-08-01,Basic,Monthly,54.31,11,2,64,0.188,91.0,2,50.4,1,10,0
CUST-10777,Titan Global,2026-05-02,Pro,Annual,202.34,2,16,296,-0.278,40.7,1,18.7,0,6,0
CUST-10778,Zentis Tech,2022-10-02,Pro,Monthly,229.06,45,7,103,-0.194,30.5,2,65.1,0,8,1
CUST-10779,Strata Global,2022-07-03,Pro,Monthly,214.46,48,13,287,-0.153,41.6,2,10.6,0,4,1
CUST-10780,Pulse Analytics,2024-05-02,Pro,Annual,199.78,26,12,291,-0.827,73.9,2,70.7,0,7,1
CUST-10781,Nexus Flow,2025-07-02,Pro,Annual,189.94,12,14,215,-0.525,61.9,3,1.5,0,3,1
CUST-10782,Nova Networks,2026-04-01,Basic,Monthly,48.41,3,1,28,-0.021,33.3,3,21.7,0,10,0
CUST-10783,Strata Digital,2023-07-03,Basic,Annual,25.7,36,3,57,-0.479,28.3,4,2.2,0,7,0
CUST-10784,Apex Labs,2023-10-02,Basic,Monthly,50.55,33,1,26,-0.025,52.1,4,6.7,0,8,0
CUST-10785,Aura Dynamics,2022-07-03,Enterprise,Annual,925.8,48,37,430,-0.044,71.9,1,40.9,0,7,0
CUST-10786,Aero AI,2023-09-02,Pro,Monthly,246.54,34,11,234,0.5,34.0,5,68.5,0,3,0
CUST-10787,Hyper Cloud,2022-10-02,Basic,Monthly,49.14,45,2,47,-0.514,71.1,2,17.2,0,4,0
CUST-10788,Strata Tech,2023-08-02,Basic,Monthly,40.26,35,3,80,-0.31,47.4,2,21.2,0,8,0
CUST-10789,Vertex Solutions,2024-05-02,Enterprise,Multi-Year,991.53,26,40,1101,-0.205,41.8,4,30.8,0,6,0
CUST-10790,Orion Systems,2025-04-01,Basic,Monthly,41.31,15,4,94,0.255,27.7,0,27.3,0,8,0
CUST-10791,Vertex Systems,2022-07-03,Pro,Annual,213.13,48,13,265,-0.265,81.3,2,24.1,0,9,1
CUST-10792,Sync Analytics,2024-04-02,Pro,Annual,207.68,27,11,450,-0.51,40.8,6,41.2,0,7,0
CUST-10793,Zentis Global,2025-05-02,Pro,Monthly,227.59,14,13,247,-0.518,49.0,3,18.9,0,7,0
CUST-10794,Vanguard AI,2026-03-02,Basic,Monthly,43.19,4,2,23,-0.126,93.8,3,3.9,0,3,0
CUST-10795,Orion Global,2025-08-31,Enterprise,Multi-Year,1004.1,10,62,1057,-0.184,19.3,4,6.4,2,9,0
CUST-10796,Omni Cloud,2024-10-01,Enterprise,Multi-Year,794.45,21,44,1614,-0.066,71.3,1,17.3,1,7,0
CUST-10797,Nova Analytics,2025-10-01,Pro,Annual,219.94,9,16,592,-0.404,49.2,4,2.9,1,10,0
CUST-10798,Cyber Tech,2025-10-31,Pro,Monthly,214.49,8,10,329,0.157,63.9,4,49.4,0,9,1
CUST-10799,Hyper Dynamics,2024-10-31,Enterprise,Annual,1073.3,20,69,1809,0.337,63.1,4,16.4,1,6,0
CUST-10800,Flux Flow,2025-12-31,Pro,Annual,199.05,6,15,506,-0.082,61.6,5,9.0,0,4,0
CUST-10801,Data AI,2023-02-01,Basic,Annual,52.05,41,1,19,0.15,82.8,2,1.8,0,8,0
CUST-10802,Strata Software,2024-12-31,Pro,Monthly,246.89,18,12,235,0.239,13.7,2,4.8,0,9,0
CUST-10803,Pulse AI,2024-09-01,Pro,Annual,190.49,22,14,378,0.115,52.1,2,9.7,0,7,1
CUST-10804,Vanguard Dynamics,2026-01-30,Basic,Monthly,50.02,5,3,56,-0.179,23.5,3,33.8,0,9,0
CUST-10805,Strata AI,2025-08-01,Pro,Annual,166.58,11,15,330,-0.2,39.9,8,15.7,2,2,1
CUST-10806,Cyber Flow,2025-05-02,Enterprise,Annual,868.89,14,38,875,0.037,93.0,2,6.3,2,4,0
CUST-10807,Hyper Solutions,2023-01-02,Enterprise,Annual,1013.66,42,27,443,0.011,29.5,1,9.7,0,6,0
CUST-10808,Cyber Solutions,2023-05-03,Basic,Monthly,57.11,38,3,85,-0.162,73.7,4,17.4,0,8,0
CUST-10809,Sync Solutions,2025-10-31,Basic,Monthly,47.12,8,4,62,0.129,61.3,2,1.4,0,7,0
CUST-10810,Quantum Digital,2024-06-01,Enterprise,Annual,963.65,25,24,620,0.05,56.5,1,107.8,0,4,0
CUST-10811,Aura Tech,2025-10-31,Pro,Monthly,186.85,8,14,94,0.186,58.3,3,39.5,0,8,0
CUST-10812,Vertex Dynamics,2022-07-03,Basic,Monthly,45.07,48,1,34,-0.395,52.8,2,17.2,3,6,0
CUST-10813,Vertex Tech,2022-07-03,Enterprise,Annual,1043.2,48,72,1812,0.146,63.1,3,12.6,0,4,0
CUST-10814,Cyber Tech,2024-09-01,Enterprise,Multi-Year,774.64,22,58,1084,-0.253,63.7,3,21.1,0,9,0
CUST-10815,Titan Stack,2023-12-02,Pro,Annual,237.24,31,9,281,-0.094,76.2,4,43.5,0,7,0
CUST-10816,Quantum Global,2023-02-01,Pro,Monthly,179.14,41,10,256,-0.292,83.4,6,23.0,0,6,0
CUST-10817,Nexus Analytics,2023-10-02,Basic,Annual,54.31,33,3,84,-0.154,71.4,4,52.3,0,6,0
CUST-10818,Flux Global,2023-12-02,Basic,Monthly,39.67,31,2,52,0.168,66.8,2,57.3,3,4,0
CUST-10819,Vanguard Digital,2022-07-03,Basic,Annual,53.92,48,2,45,-0.064,21.2,1,1.2,0,6,0
CUST-10820,Hyper AI,2024-07-02,Pro,Annual,219.06,24,16,646,0.11,32.8,4,10.3,0,4,0
CUST-10821,Titan Dynamics,2024-05-02,Basic,Monthly,51.82,26,4,70,-0.149,58.9,3,19.9,0,3,0
CUST-10822,Cyber Dynamics,2022-07-03,Basic,Monthly,41.69,48,5,98,0.24,52.5,3,1.0,0,7,0
CUST-10823,Nexus Networks,2024-02-01,Basic,Monthly,50.83,29,4,116,0.087,49.9,7,11.8,0,8,0
CUST-10824,Orion Networks,2023-09-02,Pro,Monthly,163.69,34,9,468,0.103,36.2,1,10.7,0,3,0
CUST-10825,Titan Tech,2025-10-31,Enterprise,Annual,961.12,8,32,518,-0.211,78.4,2,9.6,0,6,0
CUST-10826,Zentis Global,2025-06-01,Basic,Monthly,56.57,13,2,58,0.163,95.5,2,1.0,0,5,0
CUST-10827,Data Systems,2026-01-30,Basic,Monthly,54.86,5,2,23,0.255,87.9,1,3.6,0,9,0
CUST-10828,Aura HQ,2024-12-01,Pro,Monthly,199.45,19,13,213,0.238,7.6,0,43.5,0,5,0
CUST-10829,Hyper Solutions,2025-03-02,Basic,Monthly,41.84,16,2,54,-0.322,84.0,4,2.3,0,9,0
CUST-10830,Flux Solutions,2022-07-03,Basic,Monthly,53.75,48,3,24,0.06,50.4,7,21.6,0,4,0
CUST-10831,Hyper Stack,2024-06-01,Basic,Monthly,49.14,25,4,87,0.236,64.9,3,3.2,0,3,0
CUST-10832,Sync Analytics,2023-04-03,Basic,Monthly,31.95,39,2,34,-0.298,52.9,5,12.7,0,9,1
CUST-10833,Pulse Stack,2025-08-01,Basic,Monthly,54.75,11,2,46,0.182,77.5,1,1.5,0,10,0
CUST-10834,Cyber Dynamics,2022-10-02,Basic,Monthly,48.82,45,2,30,-0.032,56.4,2,19.7,0,8,0
CUST-10835,Flux Stack,2024-06-01,Basic,Monthly,57.84,25,3,43,-0.039,45.1,3,51.9,0,9,0
CUST-10836,Orion Analytics,2023-12-02,Enterprise,Annual,834.87,31,48,955,-0.244,38.3,1,7.2,0,7,0
CUST-10837,Flux Labs,2025-08-31,Basic,Monthly,25.65,10,3,94,0.225,75.3,3,53.5,0,7,0
CUST-10838,Orion Software,2024-10-01,Pro,Monthly,207.33,21,16,291,-0.071,59.7,3,15.9,1,6,0
CUST-10839,Sync Labs,2024-05-02,Pro,Annual,207.7,26,8,235,-0.361,70.0,2,92.0,3,8,1
CUST-10840,Cloud Networks,2024-08-01,Basic,Monthly,36.57,23,5,150,-0.099,73.6,4,12.1,0,6,0
CUST-10841,Omni Software,2022-07-03,Pro,Monthly,169.79,48,11,263,0.091,63.9,3,40.6,0,9,0
CUST-10842,Vanguard Solutions,2022-07-03,Basic,Monthly,69.25,48,1,13,-0.077,80.9,2,2.0,0,7,0
CUST-10843,Apex Systems,2022-07-03,Enterprise,Annual,953.2,48,74,1773,0.219,74.2,3,15.0,0,5,0
CUST-10844,Quantum Analytics,2024-03-02,Basic,Annual,54.37,28,2,39,-0.138,18.7,1,19.1,0,4,0
CUST-10845,Aero Tech,2022-07-03,Basic,Monthly,44.22,48,5,119,-0.398,58.3,1,63.4,0,9,0
CUST-10846,Quantum Flow,2022-10-02,Basic,Monthly,33.64,45,1,15,0.426,66.5,1,5.7,2,10,0
CUST-10847,Apex Tech,2025-10-01,Enterprise,Annual,973.49,9,46,1348,-0.057,59.2,4,4.5,0,9,0
CUST-10848,Nova HQ,2025-04-01,Pro,Monthly,191.07,15,7,213,0.064,58.5,5,16.1,0,8,0
CUST-10849,Aero AI,2025-10-31,Pro,Annual,187.06,8,6,124,-0.077,65.1,2,6.4,0,6,0
CUST-10850,Strata Solutions,2026-05-02,Basic,Monthly,48.16,2,2,54,-0.264,77.4,4,11.3,0,5,0
CUST-10851,Cloud Solutions,2025-12-01,Pro,Annual,206.89,7,11,256,-0.061,100.0,3,23.3,1,4,0
CUST-10852,Omni Flow,2026-05-02,Basic,Monthly,47.9,2,3,94,-0.33,49.1,2,67.0,1,6,1
CUST-10853,Vanguard Stack,2023-10-02,Enterprise,Annual,809.59,33,37,688,0.135,5.4,3,17.7,0,8,0
CUST-10854,Zentis Analytics,2025-04-01,Basic,Monthly,52.57,15,1,36,0.5,69.4,0,7.6,0,8,0
CUST-10855,Vertex Software,2025-08-01,Basic,Monthly,34.67,11,1,23,-0.037,60.4,3,67.2,0,9,0
CUST-10856,Nexus Systems,2023-06-03,Basic,Monthly,33.93,37,5,125,0.139,92.0,3,19.5,1,9,0
CUST-10857,Cloud Stack,2022-10-02,Basic,Monthly,54.43,45,3,78,0.042,65.6,1,17.9,0,7,0
CUST-10858,Orion Labs,2022-07-03,Pro,Monthly,214.13,48,9,196,0.216,43.8,4,10.4,0,3,0
CUST-10859,Vertex Networks,2024-04-02,Basic,Annual,48.58,27,2,47,-0.214,55.0,4,55.4,0,3,1
CUST-10860,Strata Digital,2025-01-31,Pro,Annual,157.35,17,9,158,0.397,34.9,0,42.2,0,7,0
CUST-10861,Cyber Cloud,2025-08-31,Basic,Monthly,43.8,10,1,25,-0.111,35.0,1,4.7,0,3,0
CUST-10862,Orion Cloud,2025-10-31,Pro,Monthly,191.16,8,15,521,0.139,67.7,2,22.2,0,5,0
CUST-10863,Cyber Networks,2025-12-01,Basic,Monthly,37.27,7,1,22,-0.355,71.6,6,43.6,0,5,0
CUST-10864,Data Stack,2025-05-02,Basic,Monthly,43.57,14,2,54,-0.361,72.9,3,11.8,0,4,0
CUST-10865,Nova Tech,2022-07-03,Pro,Annual,218.47,48,14,281,0.121,25.6,2,9.0,1,4,0
CUST-10866,Titan AI,2026-05-02,Basic,Monthly,59.49,2,2,46,0.005,60.3,0,13.6,0,3,0
CUST-10867,Hyper Networks,2025-12-01,Basic,Monthly,45.92,7,1,18,0.149,32.1,1,2.7,0,2,0
CUST-10868,Zentis Cloud,2025-12-01,Enterprise,Annual,1112.36,7,41,1054,-0.324,82.0,4,18.4,0,8,0
CUST-10869,Nova Digital,2023-11-02,Enterprise,Annual,712.18,32,42,1110,0.009,59.1,2,4.6,0,7,0
CUST-10870,Omni Labs,2025-07-02,Basic,Annual,53.85,12,2,65,-0.324,25.6,1,5.6,0,2,0
CUST-10871,Pulse AI,2025-03-02,Basic,Monthly,43.09,16,1,25,0.028,67.6,0,27.1,0,4,0
CUST-10872,Orion Labs,2026-01-30,Pro,Monthly,208.17,5,9,250,-0.396,69.9,3,24.0,0,4,0
CUST-10873,Apex HQ,2025-05-02,Basic,Monthly,47.18,14,4,62,0.061,72.7,1,98.7,0,6,1
CUST-10874,Omni HQ,2026-03-02,Basic,Annual,58.71,4,3,114,-0.324,47.8,4,47.4,0,1,0
CUST-10875,Quantum Stack,2024-10-31,Basic,Monthly,42.57,20,1,27,-0.705,43.4,3,30.8,0,10,0
CUST-10876,Sync Networks,2026-03-02,Pro,Monthly,217.73,4,14,275,0.048,34.7,3,38.2,0,9,0
CUST-10877,Vanguard Tech,2023-03-03,Pro,Annual,190.66,40,14,504,-0.078,63.9,2,23.2,0,1,0
CUST-10878,Apex Cloud,2024-09-01,Basic,Monthly,47.84,22,5,118,0.211,58.9,4,4.3,0,5,0
CUST-10879,Cyber Systems,2023-10-02,Basic,Monthly,47.65,33,2,39,-0.016,75.5,4,11.8,2,7,0
CUST-10880,Quantum AI,2025-04-01,Basic,Monthly,42.78,15,1,24,-0.623,47.7,3,2.0,1,10,0
CUST-10881,Flux Flow,2025-06-01,Pro,Annual,198.58,13,11,217,0.185,51.1,1,1.0,0,7,0
CUST-10882,Pulse Global,2026-03-02,Basic,Monthly,48.54,4,3,90,-0.132,49.9,2,19.0,0,10,0
CUST-10883,Flux Dynamics,2024-10-31,Basic,Monthly,50.77,20,4,84,-0.215,66.5,3,4.5,2,8,0
CUST-10884,Titan Tech,2024-12-01,Pro,Annual,201.52,19,2,30,0.067,53.1,2,13.0,0,6,0
CUST-10885,Aero Dynamics,2025-01-31,Basic,Monthly,54.87,17,1,23,-0.232,70.9,1,32.6,2,4,0
CUST-10886,Nexus AI,2023-08-02,Pro,Monthly,226.57,35,9,237,-0.014,50.8,5,21.3,0,8,0
CUST-10887,Apex Cloud,2022-10-02,Basic,Monthly,41.28,45,1,19,-0.174,17.5,3,12.8,1,9,0
CUST-10888,Vertex Dynamics,2023-07-03,Basic,Monthly,55.39,36,2,18,0.237,59.6,2,39.3,1,10,0
CUST-10889,Vanguard Analytics,2026-01-30,Basic,Monthly,40.28,5,2,75,-0.123,84.8,1,17.5,0,6,0
CUST-10890,Cyber Analytics,2024-06-01,Pro,Annual,216.55,25,11,158,-0.022,42.0,9,10.1,0,10,0
CUST-10891,Aero Flow,2026-03-02,Enterprise,Multi-Year,1091.87,4,63,1082,-0.606,86.5,2,1.0,0,7,0
CUST-10892,Cyber Networks,2023-12-02,Pro,Annual,141.95,31,14,267,-0.141,77.9,4,6.3,0,10,0
CUST-10893,Hyper AI,2025-06-01,Basic,Monthly,49.68,13,4,122,-0.204,74.7,6,6.8,0,5,0
CUST-10894,Apex Solutions,2026-01-30,Pro,Monthly,185.02,5,7,151,-0.322,98.0,7,22.9,0,3,0
CUST-10895,Cloud Stack,2022-07-03,Basic,Monthly,43.42,48,2,49,-0.216,56.0,2,16.1,1,3,0
CUST-10896,Orion Cloud,2024-06-01,Basic,Monthly,58.93,25,2,43,-0.317,68.2,3,14.7,0,9,1
CUST-10897,Titan Tech,2025-07-02,Enterprise,Annual,901.05,12,48,651,-0.577,85.4,8,4.5,0,2,0
CUST-10898,Cyber Dynamics,2026-05-02,Basic,Monthly,43.07,2,1,23,0.442,81.7,1,1.3,0,3,0
CUST-10899,Hyper HQ,2024-10-31,Basic,Monthly,49.56,20,1,25,-0.218,37.0,4,9.4,1,8,1
CUST-10900,Cyber Analytics,2022-07-03,Basic,Monthly,54.04,48,2,33,-0.384,5.1,2,21.2,0,6,0
CUST-10901,Aero Global,2024-07-02,Basic,Monthly,47.96,24,1,19,-0.424,51.1,1,74.6,0,6,1
CUST-10902,Vertex AI,2022-07-03,Basic,Monthly,57.57,48,4,114,0.187,41.3,3,5.4,1,8,1
CUST-10903,Omni Flow,2026-01-30,Pro,Monthly,214.85,5,8,222,-0.087,29.5,4,16.4,2,5,0
CUST-10904,Vanguard HQ,2024-09-01,Basic,Monthly,32.99,22,1,23,-0.289,86.2,1,8.9,0,7,0
CUST-10905,Vanguard Stack,2023-02-01,Enterprise,Annual,919.66,41,35,1108,-0.163,18.6,4,24.4,0,7,0
CUST-10906,Cloud Tech,2024-10-31,Pro,Annual,182.23,20,15,351,0.274,25.2,1,13.3,0,2,0
CUST-10907,Nova Digital,2026-03-02,Basic,Monthly,52.52,4,1,31,-0.246,56.5,2,41.2,2,8,1
CUST-10908,Hyper Global,2024-08-01,Basic,Monthly,29.71,23,2,41,-0.063,95.4,3,26.1,2,8,1
CUST-10909,Nova HQ,2024-06-01,Basic,Annual,67.74,25,2,56,-0.466,100.0,2,10.9,0,7,0
CUST-10910,Titan Solutions,2023-10-02,Pro,Monthly,214.85,33,9,235,-0.247,47.1,1,20.6,0,5,0
CUST-10911,Quantum HQ,2023-06-03,Basic,Monthly,50.09,37,6,167,-0.351,65.6,2,20.9,0,8,0
CUST-10912,Hyper Systems,2023-05-03,Pro,Monthly,234.27,38,14,421,-0.189,39.8,2,2.0,1,6,0
CUST-10913,Sync HQ,2024-03-02,Basic,Annual,66.23,28,2,54,0.238,49.4,4,1.3,0,10,0
CUST-10914,Cloud Analytics,2025-12-01,Pro,Annual,224.99,7,8,199,-0.39,49.7,3,6.4,0,6,0
CUST-10915,Quantum Stack,2025-05-02,Basic,Annual,55.97,14,5,176,-0.057,37.7,3,5.6,0,8,0
CUST-10916,Vertex Systems,2023-05-03,Basic,Monthly,49.96,38,4,131,0.417,74.9,7,7.8,0,6,0
CUST-10917,Aura Cloud,2022-07-03,Enterprise,Multi-Year,977.79,48,1,30,-0.345,75.2,2,20.5,0,5,0
CUST-10918,Zentis Stack,2026-03-02,Pro,Monthly,184.8,4,13,426,0.163,62.1,5,53.1,0,4,0
CUST-10919,Zentis Cloud,2024-10-31,Basic,Monthly,42.93,20,1,22,0.471,42.0,3,2.3,0,9,0
CUST-10920,Zentis Digital,2025-08-01,Enterprise,Multi-Year,896.05,11,35,967,0.181,52.9,2,6.6,0,6,0
CUST-10921,Orion Solutions,2025-10-31,Basic,Annual,39.07,8,1,16,-0.019,65.9,5,16.0,0,8,0
CUST-10922,Vanguard Systems,2024-12-01,Enterprise,Annual,987.63,19,56,892,0.452,50.5,4,25.3,0,8,0
CUST-10923,Strata Tech,2024-07-02,Pro,Monthly,148.71,24,14,278,0.082,97.2,1,22.8,3,6,0
CUST-10924,Aura Cloud,2026-05-02,Basic,Monthly,50.4,2,5,154,0.325,66.9,5,19.0,1,0,1
CUST-10925,Omni Stack,2023-04-03,Basic,Monthly,48.73,39,4,55,0.161,79.8,5,21.4,0,7,0
CUST-10926,Sync Analytics,2022-12-02,Basic,Monthly,50.08,43,1,15,0.021,61.7,3,11.2,1,6,0
CUST-10927,Nexus Solutions,2022-07-03,Pro,Annual,183.41,48,12,205,-0.282,84.6,4,1.0,1,5,0
CUST-10928,Nova Tech,2025-12-31,Pro,Annual,290.84,6,13,371,-0.076,59.5,0,2.5,0,10,0
CUST-10929,Omni Cloud,2024-07-02,Basic,Monthly,59.0,24,2,33,0.048,43.7,1,28.7,0,4,0
CUST-10930,Strata Labs,2025-04-01,Basic,Monthly,39.85,15,2,68,-0.319,22.0,2,56.2,0,7,0
CUST-10931,Nexus Solutions,2025-08-01,Pro,Annual,205.95,11,18,317,-0.077,76.7,3,25.2,0,5,0
CUST-10932,Omni Tech,2024-09-01,Enterprise,Multi-Year,907.89,22,47,968,-0.166,59.8,2,44.2,0,7,0
CUST-10933,Vertex Analytics,2023-04-03,Pro,Annual,168.72,39,10,85,-0.012,53.2,5,21.9,0,6,0
CUST-10934,Orion Global,2026-05-02,Basic,Monthly,39.15,2,1,21,0.118,76.6,3,1.0,0,5,0
CUST-10935,Aero Cloud,2022-07-03,Basic,Monthly,52.18,48,3,76,-0.085,68.4,1,69.4,2,10,1
CUST-10936,Zentis Global,2023-01-02,Basic,Monthly,43.99,42,2,52,-0.239,48.4,3,1.0,0,7,0
CUST-10937,Nexus Cloud,2023-07-03,Enterprise,Multi-Year,1144.03,36,38,498,-0.422,31.5,2,97.8,2,10,0
CUST-10938,Zentis Digital,2023-07-03,Basic,Annual,56.3,36,2,39,-0.133,57.6,1,42.7,1,6,1
CUST-10939,Data Solutions,2025-05-02,Pro,Monthly,240.01,14,11,0,-0.207,91.5,1,35.4,0,7,0
CUST-10940,Orion Cloud,2023-07-03,Basic,Monthly,42.73,36,4,71,-0.077,35.1,2,4.8,1,6,0
CUST-10941,Nova Systems,2025-06-01,Pro,Monthly,213.19,13,7,184,0.279,56.4,6,24.7,0,6,0
CUST-10942,Nexus Cloud,2022-07-03,Pro,Annual,217.88,48,13,272,0.047,80.4,1,53.3,0,5,0
CUST-10943,Hyper Stack,2025-12-31,Pro,Monthly,184.85,6,15,302,-0.237,100.0,2,1.0,0,3,0
CUST-10944,Vanguard Flow,2025-08-31,Basic,Monthly,43.33,10,5,127,0.132,66.3,1,21.9,0,10,0
CUST-10945,Vertex Global,2024-10-01,Basic,Monthly,60.83,21,3,50,-0.203,33.9,4,100.6,0,8,0
CUST-10946,Cloud Labs,2025-08-01,Basic,Monthly,50.67,11,1,21,-0.014,47.3,2,19.8,0,9,0
CUST-10947,Pulse Flow,2025-04-01,Enterprise,Annual,1094.3,15,50,1439,-0.425,62.5,2,38.6,0,4,0
CUST-10948,Strata Cloud,2024-12-31,Enterprise,Multi-Year,875.81,18,55,1271,0.42,60.7,2,31.3,1,6,0
CUST-10949,Nova Global,2022-07-03,Pro,Monthly,162.6,48,10,333,-0.181,76.4,4,18.7,0,6,0
CUST-10950,Orion Systems,2024-10-31,Pro,Annual,182.0,20,17,262,0.375,54.8,1,13.6,2,5,0
CUST-10951,Titan Solutions,2025-06-01,Pro,Annual,195.3,13,14,412,-0.129,52.2,3,21.8,0,5,0
CUST-10952,Omni AI,2025-10-31,Basic,Monthly,41.18,8,3,131,-0.293,59.8,4,1.0,0,8,0
CUST-10953,Cyber Stack,2025-05-02,Enterprise,Annual,997.52,14,28,1010,0.046,74.4,3,13.6,0,7,0
CUST-10954,Vanguard Digital,2024-12-01,Basic,Monthly,36.59,19,2,60,0.109,37.8,3,9.3,1,7,0
CUST-10955,Orion Labs,2023-08-02,Basic,Monthly,40.77,35,3,76,0.109,68.6,2,26.2,0,8,0
CUST-10956,Vanguard Tech,2026-01-30,Pro,Annual,219.03,5,14,448,-0.293,66.6,8,10.3,0,8,0
CUST-10957,Vanguard Tech,2025-10-31,Basic,Monthly,53.44,8,5,43,-0.041,75.7,0,3.2,0,7,0
CUST-10958,Flux Digital,2025-06-01,Basic,Monthly,46.12,13,3,86,-0.051,72.6,2,10.6,0,4,0
CUST-10959,Aero Networks,2025-07-02,Pro,Annual,168.62,12,6,196,-0.25,48.7,1,20.8,1,4,0
CUST-10960,Sync Flow,2025-05-02,Basic,Monthly,41.45,14,2,61,-0.078,60.5,0,3.2,0,8,0
CUST-10961,Orion Dynamics,2023-03-03,Pro,Monthly,187.86,40,9,354,0.27,23.4,5,17.3,0,6,1
CUST-10962,Quantum Solutions,2025-08-01,Basic,Monthly,53.74,11,1,26,-0.043,54.4,5,1.0,0,4,0
CUST-10963,Vertex Analytics,2024-12-01,Basic,Monthly,55.82,19,1,12,-0.18,82.1,2,12.0,0,7,0
CUST-10964,Quantum Software,2024-06-01,Basic,Monthly,45.35,25,4,86,0.43,69.5,3,3.0,0,4,0
CUST-10965,Titan Networks,2025-10-31,Basic,Monthly,40.52,8,3,92,0.032,41.8,3,58.3,0,7,0
CUST-10966,Aero Systems,2023-10-02,Pro,Monthly,207.0,33,11,166,0.237,22.9,3,23.3,0,9,0
CUST-10967,Orion Flow,2024-10-01,Basic,Monthly,42.95,21,4,156,-0.057,37.7,1,1.4,0,6,0
CUST-10968,Vertex Networks,2025-03-02,Pro,Monthly,183.53,16,8,176,0.074,81.0,2,13.5,1,7,0
CUST-10969,Flux AI,2023-01-02,Basic,Monthly,58.74,42,1,24,0.024,97.9,7,20.7,1,5,0
CUST-10970,Vanguard Dynamics,2025-10-31,Pro,Annual,223.69,8,15,444,0.219,82.0,0,12.8,1,10,0
CUST-10971,Quantum Digital,2022-07-03,Enterprise,Annual,1022.67,48,50,1460,0.307,76.4,8,16.5,0,9,0
CUST-10972,Nova Tech,2024-09-01,Pro,Monthly,161.03,22,12,128,-0.504,70.1,4,47.1,0,9,1
CUST-10973,Cyber Global,2024-06-01,Basic,Annual,50.55,25,5,150,0.5,47.4,3,2.0,0,4,0
CUST-10974,Titan Labs,2022-07-03,Basic,Monthly,56.81,48,1,22,-0.378,74.0,3,12.0,2,9,1
CUST-10975,Titan Networks,2022-12-02,Basic,Monthly,46.24,43,1,18,-0.172,75.7,4,6.6,0,7,0
CUST-10976,Cloud HQ,2024-07-02,Pro,Monthly,239.33,24,16,361,0.274,28.8,1,23.0,1,1,1
CUST-10977,Vanguard Stack,2023-07-03,Basic,Monthly,58.5,36,2,63,0.232,69.1,3,1.0,2,7,0
CUST-10978,Aura HQ,2025-04-01,Basic,Annual,61.23,15,3,61,0.123,70.7,4,51.3,0,6,0
CUST-10979,Pulse Systems,2024-10-01,Pro,Annual,208.11,21,4,119,0.147,50.0,3,23.9,0,5,0
CUST-10980,Quantum Tech,2026-04-01,Basic,Monthly,53.32,3,5,182,-0.262,24.6,2,10.8,0,1,1
CUST-10981,Omni Dynamics,2026-03-02,Pro,Annual,241.21,4,6,208,0.188,100.0,4,1.3,0,8,0
CUST-10982,Hyper Global,2022-10-02,Basic,Annual,52.29,45,3,27,-0.392,42.4,1,21.0,3,10,1
CUST-10983,Flux Dynamics,2026-04-01,Basic,Monthly,45.32,3,6,83,-0.039,63.2,2,20.0,0,6,0
CUST-10984,Nova Labs,2025-12-31,Pro,Annual,185.61,6,12,296,-0.331,62.9,5,21.9,0,3,0
CUST-10985,Vanguard Software,2023-03-03,Basic,Annual,50.75,40,2,45,0.103,88.0,5,1.0,0,8,0
CUST-10986,Orion Systems,2026-05-02,Pro,Monthly,160.48,2,11,296,-0.448,54.3,1,17.7,2,3,0
CUST-10987,Orion AI,2025-08-31,Basic,Monthly,47.95,10,1,8,0.166,55.1,4,2.9,2,8,0
CUST-10988,Quantum Systems,2024-08-01,Basic,Monthly,57.06,23,3,101,-0.167,60.3,3,35.0,0,4,0
CUST-10989,Cloud Dynamics,2024-07-02,Pro,Annual,133.59,24,8,187,-0.423,95.2,2,31.6,0,10,0
CUST-10990,Orion Stack,2023-05-03,Pro,Monthly,244.8,38,9,312,-0.042,69.2,1,52.8,0,7,0
CUST-10991,Cloud Flow,2024-12-01,Pro,Monthly,232.5,19,10,265,0.089,100.0,4,9.9,0,7,0
CUST-10992,Strata Labs,2024-12-01,Basic,Monthly,45.62,19,3,58,0.418,61.4,3,2.1,0,8,0
CUST-10993,Cyber Solutions,2023-10-02,Pro,Monthly,215.22,33,11,80,0.075,40.6,3,7.6,0,5,0
CUST-10994,Pulse Cloud,2024-12-31,Basic,Monthly,49.02,18,2,20,-0.053,66.3,2,6.5,0,2,0
CUST-10995,Orion Networks,2024-07-02,Basic,Monthly,58.04,24,4,137,-0.357,36.1,3,10.1,0,8,0
CUST-10996,Strata HQ,2022-07-03,Enterprise,Annual,1146.26,48,43,828,-0.039,52.3,6,15.2,3,8,0
CUST-10997,Flux HQ,2025-05-02,Basic,Annual,38.71,14,3,50,0.068,65.4,4,3.6,3,8,0
CUST-10998,Omni Stack,2025-06-01,Enterprise,Annual,1087.0,13,30,608,-0.056,81.8,6,28.4,0,5,0
CUST-10999,Aura Software,2026-05-02,Basic,Annual,47.49,2,1,19,-0.159,96.7,0,3.3,0,10,0
CUST-11000,Data Solutions,2024-06-01,Basic,Monthly,49.61,25,3,23,0.446,71.7,2,63.3,0,8,0
CUST-11001,Zentis Cloud,2026-05-02,Pro,Annual,177.26,2,11,199,-0.086,69.3,1,8.8,1,3,0
CUST-11002,Strata Stack,2024-12-01,Enterprise,Annual,1260.96,19,49,901,0.367,22.6,3,38.3,1,7,0
CUST-11003,Omni Stack,2023-02-01,Pro,Annual,230.05,41,9,204,-0.071,64.3,3,1.8,0,6,0
CUST-11004,Aero Global,2024-10-01,Pro,Annual,176.92,21,7,176,0.258,69.8,2,75.6,1,9,0
CUST-11005,Nova AI,2025-10-01,Pro,Monthly,159.16,9,9,186,-0.209,65.4,3,22.7,0,9,0
CUST-11006,Cloud Dynamics,2023-04-03,Pro,Annual,187.49,39,15,475,-0.224,39.8,3,43.2,0,3,1
CUST-11007,Data Stack,2025-10-01,Pro,Monthly,211.97,9,6,56,-0.432,42.6,6,2.3,0,7,0
CUST-11008,Orion Systems,2023-09-02,Basic,Monthly,50.77,34,3,72,0.201,5.0,4,60.2,0,10,1
CUST-11009,Sync Labs,2024-06-01,Basic,Annual,58.21,25,2,37,0.051,100.0,6,2.6,1,8,0
CUST-11010,Aura Dynamics,2025-12-31,Basic,Annual,54.81,6,5,132,-0.043,33.6,6,4.9,0,5,0
CUST-11011,Titan Global,2022-07-03,Enterprise,Multi-Year,1144.29,48,36,1150,-0.027,88.0,1,3.2,0,1,0
CUST-11012,Hyper Flow,2025-12-01,Enterprise,Annual,1047.98,7,20,587,-0.246,72.2,4,1.0,0,6,0
CUST-11013,Nova Dynamics,2022-07-03,Basic,Monthly,38.79,48,1,20,0.171,26.9,0,68.3,0,4,0
CUST-11014,Hyper Networks,2026-05-02,Pro,Monthly,193.16,2,9,187,0.134,59.6,1,1.0,1,10,0
CUST-11015,Vertex Stack,2025-10-01,Enterprise,Annual,1157.85,9,59,1839,-0.097,68.8,3,2.1,0,0,0
CUST-11016,Cloud Networks,2025-12-01,Basic,Monthly,48.62,7,1,26,0.151,66.0,3,2.5,0,8,0
CUST-11017,Strata Software,2026-05-02,Pro,Monthly,214.02,2,19,626,0.476,46.3,4,7.3,2,9,0
CUST-11018,Nova Systems,2023-09-02,Enterprise,Annual,951.24,34,7,143,-0.409,70.9,1,16.3,0,9,0
CUST-11019,Cyber Tech,2024-01-01,Basic,Monthly,41.43,30,6,182,-0.296,40.5,3,113.3,0,9,1
CUST-11020,Pulse Dynamics,2023-03-03,Pro,Monthly,195.32,40,15,393,0.183,100.0,3,47.6,0,5,0
CUST-11021,Strata Software,2025-10-01,Basic,Monthly,51.27,9,5,161,0.332,61.2,3,16.0,0,3,0
CUST-11022,Titan Software,2025-03-02,Enterprise,Annual,900.75,16,47,1104,-0.456,61.9,1,10.3,0,6,0
CUST-11023,Apex AI,2024-03-02,Enterprise,Multi-Year,963.68,28,38,592,0.001,71.9,4,13.0,0,7,0
CUST-11024,Nexus AI,2025-03-02,Enterprise,Annual,858.22,16,38,1082,0.5,53.4,2,95.0,0,3,0
CUST-11025,Nova Solutions,2023-12-02,Basic,Monthly,57.23,31,3,31,-0.053,45.6,0,18.6,0,4,0
CUST-11026,Pulse AI,2024-05-02,Enterprise,Annual,954.88,26,51,1049,-0.241,83.9,3,36.9,0,3,0
CUST-11027,Vertex Solutions,2026-03-02,Pro,Monthly,242.36,4,10,323,0.25,100.0,3,3.6,0,7,0
CUST-11028,Pulse Labs,2023-04-03,Basic,Monthly,60.24,39,4,131,-0.364,84.5,4,30.5,2,1,1
CUST-11029,Vanguard Software,2023-10-02,Pro,Annual,196.58,33,8,74,-0.283,72.1,3,15.0,1,7,0
CUST-11030,Hyper Dynamics,2024-03-02,Basic,Monthly,41.59,28,3,94,-0.358,65.0,4,4.9,1,8,0
CUST-11031,Vanguard Stack,2025-12-31,Pro,Monthly,136.74,6,14,117,-0.021,100.0,2,33.3,0,9,0
CUST-11032,Quantum Systems,2025-10-01,Basic,Monthly,38.18,9,4,95,-0.07,40.9,6,7.9,0,10,0
CUST-11033,Nexus Networks,2025-05-02,Basic,Monthly,38.9,14,3,61,-0.174,33.0,3,73.6,0,6,0
CUST-11034,Aura Flow,2025-08-31,Basic,Annual,59.13,10,4,58,-0.039,43.4,4,1.0,1,8,0
CUST-11035,Quantum Stack,2025-10-31,Pro,Annual,202.46,8,8,182,0.054,41.9,2,6.5,0,10,0
CUST-11036,Aura Cloud,2023-01-02,Basic,Monthly,51.86,42,3,71,-0.477,29.5,2,12.1,0,6,1
CUST-11037,Orion Labs,2024-05-02,Pro,Monthly,132.72,26,10,141,-0.288,31.4,3,4.1,0,9,0
CUST-11038,Vertex Labs,2024-09-01,Basic,Monthly,40.19,22,5,162,0.028,35.5,2,29.1,0,4,1
CUST-11039,Sync HQ,2025-10-31,Basic,Monthly,55.52,8,2,35,-0.083,51.4,3,9.9,0,6,0
CUST-11040,Quantum Global,2022-07-03,Pro,Annual,207.56,48,8,232,-0.493,77.2,4,37.9,0,9,0
CUST-11041,Orion Global,2025-12-01,Pro,Monthly,194.61,7,12,299,0.279,62.4,4,25.0,0,4,0
CUST-11042,Cyber Tech,2023-03-03,Basic,Monthly,53.15,40,3,44,0.325,48.9,1,18.0,0,5,0
CUST-11043,Omni HQ,2022-07-03,Pro,Monthly,247.83,48,5,126,-0.322,51.0,0,27.1,1,8,0
CUST-11044,Omni Tech,2023-10-02,Enterprise,Multi-Year,965.88,33,40,639,-0.006,61.8,4,2.8,0,3,0
CUST-11045,Nexus HQ,2022-07-03,Pro,Monthly,201.07,48,7,100,0.265,21.8,3,34.5,0,8,0
CUST-11046,Cyber Digital,2024-04-02,Basic,Monthly,50.42,27,2,38,0.063,25.1,4,11.9,0,6,0
CUST-11047,Orion Cloud,2025-10-31,Basic,Annual,66.58,8,3,118,0.176,49.8,2,17.5,1,4,0
CUST-11048,Vertex Tech,2025-12-01,Enterprise,Annual,684.41,7,52,1656,0.169,47.9,2,1.0,0,7,0
CUST-11049,Aura Analytics,2025-08-01,Basic,Monthly,54.02,11,4,130,-0.411,81.7,2,52.6,0,9,1
CUST-11050,Flux Labs,2026-05-02,Enterprise,Annual,981.8,2,55,1489,0.173,48.6,2,23.4,0,10,0
CUST-11051,Nova Analytics,2024-01-01,Pro,Monthly,215.92,30,11,279,0.01,58.7,3,9.8,0,8,0
CUST-11052,Pulse Flow,2025-10-01,Enterprise,Multi-Year,900.49,9,55,1232,0.115,55.1,3,13.1,0,4,0
CUST-11053,Quantum Networks,2022-12-02,Pro,Annual,197.54,43,7,137,-0.372,29.1,4,11.0,0,10,0
CUST-11054,Cyber Labs,2025-07-02,Enterprise,Annual,1105.6,12,35,690,0.242,50.2,4,11.2,0,4,0
CUST-11055,Orion Solutions,2024-12-31,Basic,Monthly,71.88,18,3,66,-0.172,38.4,4,35.3,0,3,1
CUST-11056,Pulse Analytics,2022-07-03,Pro,Annual,223.12,48,17,290,-0.03,67.8,5,16.9,1,5,0
CUST-11057,Cyber Systems,2025-10-31,Basic,Annual,42.77,8,4,113,0.064,77.1,1,18.8,2,4,0
CUST-11058,Vertex Global,2023-10-02,Basic,Monthly,45.89,33,4,96,0.083,70.1,1,6.1,0,5,0
CUST-11059,Titan Tech,2023-07-03,Pro,Annual,185.47,36,10,269,0.109,25.8,0,7.4,0,4,0
CUST-11060,Nova Global,2025-10-31,Enterprise,Annual,729.92,8,47,803,-0.219,57.2,7,1.0,0,8,0
CUST-11061,Nova Stack,2024-12-01,Enterprise,Annual,949.54,19,46,775,-0.203,73.4,3,15.3,2,8,0
CUST-11062,Nova Global,2025-07-02,Pro,Monthly,220.87,12,17,412,-0.08,74.8,3,11.4,0,10,0
CUST-11063,Apex AI,2023-05-03,Basic,Monthly,39.63,38,2,46,0.093,81.5,3,3.9,0,7,0
CUST-11064,Aura Labs,2024-06-01,Basic,Monthly,56.71,25,1,17,-0.079,70.3,5,14.6,0,7,1
CUST-11065,Aero Solutions,2025-01-31,Pro,Monthly,213.56,17,13,326,0.103,70.5,3,20.5,0,5,0
CUST-11066,Sync Flow,2023-04-03,Basic,Annual,43.6,39,2,52,-0.031,57.1,2,18.5,0,7,0
CUST-11067,Apex Solutions,2025-10-31,Basic,Monthly,47.96,8,2,43,-0.356,100.0,1,64.8,0,4,0
CUST-11068,Vertex Solutions,2023-07-03,Basic,Monthly,60.75,36,1,8,-0.145,56.4,1,4.8,0,10,0
CUST-11069,Pulse Flow,2022-07-03,Basic,Annual,54.39,48,5,175,-0.412,68.9,1,14.8,0,5,0
CUST-11070,Hyper Stack,2022-07-03,Basic,Monthly,49.06,48,1,25,0.134,56.9,3,4.9,0,10,0
CUST-11071,Zentis Flow,2023-04-03,Basic,Annual,47.25,39,2,31,-0.111,33.4,2,26.0,0,6,0
CUST-11072,Vanguard Systems,2025-05-02,Basic,Annual,49.56,14,3,53,-0.047,46.6,4,124.8,0,9,0
CUST-11073,Nexus Solutions,2022-07-03,Basic,Monthly,45.24,48,4,74,-0.193,57.4,2,7.7,0,8,0
CUST-11074,Flux Solutions,2025-06-01,Enterprise,Annual,683.6,13,39,1270,-0.127,66.0,3,10.0,0,9,0
CUST-11075,Cloud Dynamics,2024-05-02,Basic,Monthly,64.01,26,4,93,-0.095,65.9,3,34.9,0,10,0
CUST-11076,Strata Flow,2025-12-31,Basic,Monthly,50.14,6,2,68,-0.24,49.2,4,6.0,0,4,1
CUST-11077,Aura Digital,2022-07-03,Pro,Monthly,210.88,48,5,67,-0.079,25.3,2,22.7,0,3,0
CUST-11078,Cloud Stack,2023-12-02,Basic,Monthly,48.57,31,4,84,-0.247,50.9,2,10.3,0,4,0
CUST-11079,Quantum Tech,2023-07-03,Enterprise,Annual,888.84,36,57,1364,-0.189,44.8,2,46.2,0,6,0
CUST-11080,Strata Labs,2026-04-01,Pro,Monthly,193.45,3,11,231,-0.488,58.4,3,30.9,0,5,0
CUST-11081,Omni HQ,2023-06-03,Basic,Monthly,37.24,37,4,69,0.012,81.4,4,46.0,0,3,0
CUST-11082,Nexus Stack,2023-05-03,Basic,Annual,65.74,38,2,83,0.25,56.5,1,46.6,1,3,0
CUST-11083,Data Software,2024-02-01,Enterprise,Annual,814.01,29,37,722,-0.015,42.1,1,21.8,0,6,0
CUST-11084,Nexus Solutions,2025-08-31,Enterprise,Annual,844.36,10,25,589,-0.165,45.8,2,27.3,0,1,0
CUST-11085,Omni Global,2024-12-31,Basic,Monthly,45.76,18,1,27,0.067,59.9,2,13.8,0,6,0
CUST-11086,Aero Dynamics,2026-03-02,Pro,Annual,237.45,4,7,191,-0.037,83.9,1,21.9,0,10,0
CUST-11087,Flux Cloud,2025-01-31,Basic,Annual,49.11,17,3,55,-0.258,64.4,2,25.9,0,10,0
CUST-11088,Sync Labs,2025-10-31,Enterprise,Annual,813.77,8,71,2524,0.056,66.8,2,9.0,0,8,0
CUST-11089,Data Networks,2025-07-02,Basic,Annual,58.22,12,3,34,-0.23,52.0,2,1.0,0,8,0
CUST-11090,Titan Dynamics,2025-12-31,Enterprise,Annual,1108.54,6,40,747,-0.38,73.4,3,6.4,0,8,0
CUST-11091,Nexus Dynamics,2025-10-31,Pro,Annual,215.07,8,10,299,0.025,57.6,4,8.4,0,4,1
CUST-11092,Vanguard Networks,2026-04-01,Pro,Monthly,220.36,3,8,122,-0.519,23.9,2,21.7,0,7,0
CUST-11093,Hyper Stack,2022-07-03,Pro,Monthly,270.47,48,11,165,-0.484,21.0,2,51.7,0,4,0
CUST-11094,Titan AI,2024-10-31,Basic,Monthly,65.06,20,1,34,-0.505,51.8,2,1.4,2,6,1
CUST-11095,Aero Flow,2025-05-02,Basic,Monthly,43.95,14,4,139,-0.088,68.5,2,19.8,0,4,0
CUST-11096,Strata Software,2024-10-31,Basic,Monthly,60.94,20,3,93,-0.372,54.2,2,18.0,0,9,0
CUST-11097,Aero Solutions,2024-05-02,Basic,Monthly,51.82,26,5,48,-0.073,70.8,3,43.9,0,7,0
CUST-11098,Cloud Cloud,2022-07-03,Pro,Annual,213.9,48,12,136,-0.373,75.2,1,8.0,0,5,0
CUST-11099,Aura Solutions,2025-12-31,Basic,Monthly,36.56,6,2,53,0.136,27.4,2,14.5,0,6,1
CUST-11100,Nova Networks,2025-08-31,Basic,Monthly,47.75,10,1,23,-0.095,67.6,2,7.7,0,10,0
CUST-11101,Vertex Flow,2022-07-03,Enterprise,Annual,877.2,48,72,1386,0.219,67.8,5,40.7,0,3,0
CUST-11102,Cyber Tech,2025-06-01,Enterprise,Annual,1123.08,13,36,1319,-0.166,77.6,3,54.5,0,6,0
CUST-11103,Cyber Analytics,2026-05-02,Enterprise,Multi-Year,1159.5,2,25,647,-0.31,83.8,3,19.0,3,5,0
CUST-11104,Cloud Global,2026-01-30,Enterprise,Annual,688.14,5,61,1889,-0.293,50.1,4,22.9,1,6,0
CUST-11105,Omni Solutions,2026-05-02,Basic,Monthly,48.84,2,5,70,-0.343,64.8,2,34.8,1,7,1
CUST-11106,Hyper Tech,2022-07-03,Basic,Monthly,57.25,48,3,76,-0.49,71.2,3,20.4,1,3,1
CUST-11107,Vanguard Digital,2025-08-31,Pro,Annual,193.43,10,8,155,-0.238,66.4,8,9.1,0,4,0
CUST-11108,Omni Networks,2022-07-03,Pro,Annual,220.76,48,8,218,-0.079,18.6,5,12.7,1,5,0
CUST-11109,Strata Analytics,2022-07-03,Basic,Monthly,51.58,48,1,34,-0.16,57.3,4,10.1,0,7,0
CUST-11110,Cyber Systems,2024-07-02,Pro,Annual,209.2,24,6,127,-0.073,58.7,6,27.0,2,7,1
CUST-11111,Strata Solutions,2026-05-02,Basic,Monthly,47.01,2,4,116,-0.255,73.2,1,28.1,0,5,0
CUST-11112,Strata Labs,2026-03-02,Basic,Monthly,40.06,4,3,43,-0.224,76.4,4,10.1,0,5,0
CUST-11113,Titan Analytics,2024-12-31,Pro,Annual,165.52,18,7,242,-0.315,77.3,1,16.8,0,7,0
CUST-11114,Cyber Networks,2025-05-02,Pro,Monthly,220.17,14,12,430,-0.713,55.7,2,1.9,0,7,1
CUST-11115,Nexus Tech,2024-07-02,Pro,Monthly,199.58,24,9,180,-0.158,45.1,0,3.4,0,3,0
CUST-11116,Aero Solutions,2025-03-02,Basic,Monthly,47.98,16,4,76,-0.187,69.4,4,11.7,0,3,0
CUST-11117,Nova Stack,2022-07-03,Enterprise,Annual,935.48,48,59,1406,-0.305,70.8,3,6.6,0,5,0
CUST-11118,Cloud Labs,2024-10-31,Basic,Annual,46.76,20,1,36,0.409,100.0,2,36.3,0,6,0
CUST-11119,Quantum Dynamics,2024-01-01,Basic,Monthly,56.69,30,1,19,-0.009,46.0,4,3.2,0,8,1
CUST-11120,Orion Digital,2022-07-03,Enterprise,Multi-Year,948.76,48,10,231,-0.143,72.5,4,52.7,0,10,0
CUST-11121,Strata Labs,2026-01-30,Enterprise,Annual,798.04,5,50,2056,-0.032,69.9,3,2.4,0,7,0
CUST-11122,Quantum Tech,2025-10-31,Enterprise,Annual,1110.44,8,40,756,-0.055,53.0,2,5.4,0,4,0
CUST-11123,Pulse Stack,2026-03-02,Pro,Monthly,192.88,4,10,167,0.122,53.9,2,16.0,0,9,0
CUST-11124,Titan Solutions,2026-01-30,Pro,Annual,199.94,5,10,203,0.5,36.3,1,19.4,0,6,0
CUST-11125,Aero Analytics,2024-12-01,Pro,Annual,246.99,19,5,139,-0.352,91.6,5,13.2,0,3,0
CUST-11126,Nexus Analytics,2025-08-01,Basic,Monthly,48.85,11,1,35,-0.091,88.4,2,6.2,0,4,0
CUST-11127,Quantum Digital,2025-04-01,Basic,Monthly,51.13,15,2,61,-0.001,64.1,3,10.1,0,7,0
CUST-11128,Strata Solutions,2022-07-03,Basic,Annual,40.33,48,3,84,0.017,71.1,2,11.5,1,9,0
CUST-11129,Titan Cloud,2025-12-31,Basic,Monthly,47.39,6,3,92,-0.314,64.7,2,9.9,0,3,0
CUST-11130,Vertex Analytics,2024-10-01,Pro,Monthly,217.19,21,19,775,0.113,60.4,4,7.9,0,8,0
CUST-11131,Quantum Global,2026-03-02,Basic,Annual,37.57,4,1,14,-0.192,53.3,0,2.5,0,9,0
CUST-11132,Titan AI,2025-08-01,Basic,Monthly,50.48,11,3,64,0.09,94.5,4,19.3,0,7,0
CUST-11133,Vanguard Digital,2024-10-31,Basic,Monthly,49.74,20,4,5,-0.093,41.2,7,13.4,0,10,0
CUST-11134,Sync HQ,2022-07-03,Pro,Monthly,200.23,48,9,379,0.332,83.4,4,95.6,0,10,0
CUST-11135,Hyper Labs,2025-05-02,Basic,Monthly,56.62,14,3,63,-0.324,46.4,5,27.0,0,8,0
CUST-11136,Cloud Cloud,2026-04-01,Enterprise,Annual,1049.12,3,38,1130,0.253,81.0,4,11.5,0,8,0
CUST-11137,Nova AI,2025-05-02,Basic,Monthly,59.86,14,5,109,-0.233,97.6,2,7.6,0,6,0
CUST-11138,Flux Tech,2026-01-30,Basic,Monthly,41.7,5,2,56,0.483,50.9,9,13.6,0,7,0
CUST-11139,Sync Stack,2025-10-31,Pro,Annual,203.06,8,13,90,-0.271,76.0,2,4.1,0,4,0
CUST-11140,Sync Flow,2024-06-01,Pro,Annual,201.52,25,9,56,0.09,44.9,2,12.5,0,8,0
CUST-11141,Strata HQ,2026-04-01,Basic,Monthly,41.14,3,3,77,0.147,62.4,2,40.0,2,5,0
CUST-11142,Orion Networks,2025-01-31,Pro,Monthly,227.55,17,7,36,-0.444,68.5,3,5.4,0,10,0
CUST-11143,Aura HQ,2024-06-01,Pro,Monthly,268.39,25,14,547,0.155,58.6,2,7.8,2,4,0
CUST-11144,Hyper Systems,2025-04-01,Basic,Monthly,48.88,15,3,53,0.273,51.0,0,4.8,0,8,0
CUST-11145,Vertex Cloud,2026-05-02,Enterprise,Annual,1074.68,2,32,911,0.167,82.4,1,14.8,0,6,0
CUST-11146,Cloud Software,2022-07-03,Pro,Annual,201.52,48,11,191,-0.4,57.6,2,1.9,0,2,0
CUST-11147,Strata Tech,2025-06-01,Pro,Annual,177.7,13,14,413,0.116,39.6,4,22.2,0,6,0
CUST-11148,Vanguard Digital,2023-05-03,Enterprise,Multi-Year,726.16,38,70,1620,-0.281,64.3,1,12.4,0,4,0
CUST-11149,Titan Flow,2025-08-01,Enterprise,Annual,893.24,11,53,1692,0.127,67.5,4,1.2,0,4,0
CUST-11150,Vertex Global,2025-01-31,Pro,Monthly,157.45,17,19,429,-0.05,90.3,1,3.8,1,6,0
CUST-11151,Flux Networks,2025-05-02,Pro,Monthly,249.87,14,8,246,-0.188,63.4,3,3.2,0,6,0
CUST-11152,Omni Dynamics,2025-07-02,Pro,Annual,195.56,12,8,225,0.004,38.7,2,25.1,0,3,0
CUST-11153,Cloud Flow,2026-05-02,Pro,Monthly,188.67,2,15,464,-0.259,73.2,1,42.7,1,10,0
CUST-11154,Cloud Stack,2025-07-02,Pro,Monthly,225.54,12,15,379,0.064,39.9,2,29.2,0,3,0
CUST-11155,Titan Global,2022-07-03,Pro,Monthly,165.52,48,18,451,-0.108,42.5,5,42.2,0,9,0
CUST-11156,Pulse Tech,2024-01-01,Basic,Monthly,43.36,30,5,238,0.266,65.7,5,12.9,0,5,0
CUST-11157,Data Stack,2026-01-30,Enterprise,Annual,1009.2,5,34,490,-0.346,80.7,4,9.9,1,7,0
CUST-11158,Quantum HQ,2024-08-01,Enterprise,Multi-Year,1153.16,23,52,1905,0.015,51.3,3,5.3,0,5,0
CUST-11159,Aura Labs,2022-07-03,Basic,Annual,52.69,48,2,70,0.385,99.5,4,2.8,0,9,0
CUST-11160,Titan Global,2023-12-02,Pro,Monthly,206.41,31,18,419,-0.368,55.5,2,7.1,3,6,0
CUST-11161,Zentis Solutions,2026-01-30,Basic,Monthly,49.57,5,1,29,0.275,58.9,6,31.2,0,9,0
CUST-11162,Strata Stack,2022-07-03,Basic,Monthly,51.94,48,2,33,-0.176,60.9,2,1.5,1,3,1
CUST-11163,Flux Systems,2025-08-31,Pro,Monthly,205.02,10,13,370,0.223,35.3,3,47.3,0,3,0
CUST-11164,Orion Software,2025-03-02,Basic,Monthly,41.43,16,3,67,-0.421,72.4,1,67.4,0,2,0
CUST-11165,Vertex Tech,2024-10-31,Pro,Monthly,200.38,20,15,258,-0.119,88.3,2,17.5,0,10,0
CUST-11166,Omni AI,2022-07-03,Pro,Monthly,166.95,48,12,214,0.235,65.9,4,1.1,0,5,0
CUST-11167,Aura Global,2022-07-03,Pro,Annual,201.42,48,12,292,0.173,49.4,2,58.1,0,3,0
CUST-11168,Cyber Stack,2022-07-03,Basic,Annual,45.47,48,2,51,-0.425,67.5,0,9.0,0,5,0
CUST-11169,Cyber Dynamics,2026-05-02,Basic,Monthly,67.66,2,4,77,-0.436,62.9,1,4.8,1,6,0
CUST-11170,Zentis Tech,2022-07-03,Pro,Monthly,197.81,48,15,440,0.084,34.0,2,22.2,0,6,1
CUST-11171,Quantum Solutions,2026-04-01,Enterprise,Annual,788.57,3,39,772,0.12,51.8,1,4.8,0,6,0
CUST-11172,Vertex Cloud,2025-10-01,Pro,Monthly,194.99,9,13,353,-0.117,35.9,3,56.2,0,6,1
CUST-11173,Strata Digital,2024-12-01,Basic,Annual,52.82,19,4,105,0.137,75.8,3,14.4,3,10,0
CUST-11174,Nova Solutions,2024-12-31,Pro,Annual,248.95,18,16,340,-0.188,71.5,2,1.0,0,10,0
CUST-11175,Quantum Software,2024-07-02,Pro,Annual,181.4,24,14,228,0.127,71.5,2,35.6,0,5,0
CUST-11176,Flux Digital,2025-01-31,Pro,Annual,151.76,17,11,148,-0.172,5.6,3,12.0,0,3,1
CUST-11177,Zentis Systems,2022-07-03,Basic,Annual,55.0,48,3,64,-0.021,100.0,4,52.9,0,9,0
CUST-11178,Quantum AI,2025-10-31,Pro,Annual,157.79,8,6,114,0.066,58.1,1,55.3,2,7,0
CUST-11179,Nova Software,2025-10-01,Pro,Monthly,185.98,9,12,174,0.1,22.6,3,19.5,0,7,0
CUST-11180,Nexus Dynamics,2022-07-03,Enterprise,Annual,960.4,48,32,646,0.271,99.5,2,14.8,3,8,0
CUST-11181,Hyper Global,2026-04-01,Basic,Monthly,48.49,3,3,152,0.123,74.5,3,4.2,1,4,0
CUST-11182,Quantum Networks,2024-06-01,Pro,Monthly,219.57,25,8,134,-0.022,72.3,1,7.0,0,4,0
CUST-11183,Cloud Systems,2024-01-01,Enterprise,Multi-Year,896.56,30,58,1195,-0.023,100.0,3,22.4,0,1,0
CUST-11184,Vanguard Software,2024-12-01,Basic,Monthly,46.99,19,1,20,0.171,72.2,1,2.1,0,9,0
CUST-11185,Pulse Solutions,2023-12-02,Enterprise,Multi-Year,996.86,31,71,1745,0.5,64.3,5,2.5,0,10,0
CUST-11186,Nova Software,2025-12-31,Pro,Monthly,203.47,6,15,460,-0.425,100.0,4,5.8,0,3,0
CUST-11187,Omni Dynamics,2022-07-03,Basic,Annual,49.72,48,4,72,-0.235,74.0,5,11.3,0,5,0
CUST-11188,Vertex Networks,2026-01-30,Basic,Monthly,52.2,5,6,203,0.135,45.5,1,19.7,1,8,1
CUST-11189,Data Digital,2025-05-02,Pro,Annual,224.19,14,11,333,0.005,61.0,1,68.0,0,4,0
CUST-11190,Flux Networks,2026-04-01,Basic,Monthly,51.89,3,1,22,-0.409,71.0,5,28.7,0,6,1
CUST-11191,Quantum Digital,2024-10-01,Pro,Annual,212.54,21,8,169,-0.388,77.3,4,25.6,0,2,0
CUST-11192,Omni Analytics,2024-02-01,Basic,Monthly,37.37,29,2,55,-0.331,48.3,3,3.8,0,5,1
CUST-11193,Flux Tech,2022-07-03,Pro,Monthly,200.5,48,14,376,-0.143,60.4,0,5.4,2,8,0
CUST-11194,Nova Digital,2023-09-02,Basic,Monthly,52.52,34,2,44,0.065,69.7,3,6.5,1,6,0
CUST-11195,Cloud Analytics,2024-10-01,Enterprise,Multi-Year,1108.23,21,13,413,0.119,85.3,3,1.5,0,10,0
CUST-11196,Zentis Systems,2022-07-03,Enterprise,Annual,895.25,48,57,276,0.428,57.5,4,8.2,1,3,0
CUST-11197,Cloud Digital,2025-01-31,Enterprise,Annual,900.24,17,32,560,-0.057,18.3,4,32.0,0,7,0
CUST-11198,Orion Flow,2024-09-01,Pro,Monthly,181.86,22,9,149,-0.384,48.4,0,4.2,1,1,1
CUST-11199,Orion Solutions,2024-07-02,Basic,Annual,52.94,24,3,107,0.105,49.0,1,9.7,0,1,0
CUST-11200,Zentis Labs,2025-05-02,Pro,Annual,229.86,14,19,289,-0.59,97.3,0,21.3,1,5,1
CUST-11201,Apex Tech,2022-09-02,Basic,Monthly,46.01,46,2,22,-0.015,58.0,3,3.0,0,5,0
CUST-11202,Nexus Digital,2025-12-01,Basic,Monthly,55.67,7,3,93,-0.172,50.5,4,43.1,0,4,1
CUST-11203,Zentis Networks,2024-10-01,Basic,Monthly,49.91,21,1,18,0.066,52.3,3,26.9,1,6,1
CUST-11204,Data Stack,2023-10-02,Basic,Monthly,48.09,33,4,79,-0.343,58.2,5,45.0,0,3,1
CUST-11205,Zentis AI,2022-07-03,Pro,Monthly,192.69,48,12,388,-0.398,100.0,5,10.6,0,4,0
CUST-11206,Orion Digital,2022-07-03,Pro,Annual,221.29,48,4,68,-0.281,68.4,3,27.3,0,8,0
CUST-11207,Apex Cloud,2024-12-01,Basic,Monthly,51.39,19,1,27,-0.285,73.2,0,7.6,0,6,0
CUST-11208,Flux Networks,2024-04-02,Basic,Monthly,65.73,27,3,95,-0.386,62.3,3,1.4,0,4,0
CUST-11209,Omni Cloud,2025-05-02,Enterprise,Annual,871.29,14,59,922,0.002,66.8,1,2.5,0,4,0
CUST-11210,Pulse Stack,2025-01-31,Basic,Monthly,52.81,17,3,40,-0.175,54.4,6,42.1,0,4,1
CUST-11211,Aero Networks,2022-07-03,Basic,Monthly,45.11,48,1,17,-0.045,56.6,2,25.9,0,7,1
CUST-11212,Strata Tech,2022-07-03,Basic,Monthly,42.61,48,2,56,0.062,94.2,1,20.4,0,10,0
CUST-11213,Nexus Systems,2022-07-03,Pro,Annual,198.68,48,12,205,-0.403,87.6,8,1.0,0,4,0
CUST-11214,Strata AI,2026-01-30,Pro,Annual,203.1,5,14,476,0.126,41.6,4,52.2,0,4,0
CUST-11215,Aura Cloud,2022-07-03,Basic,Monthly,70.45,48,1,29,-0.034,46.6,4,30.6,0,3,0
CUST-11216,Data Solutions,2022-07-03,Basic,Monthly,47.65,48,3,63,-0.04,60.8,0,15.8,0,7,0
CUST-11217,Orion Systems,2025-07-02,Pro,Monthly,165.26,12,7,210,-0.309,26.8,1,43.7,0,6,0
CUST-11218,Vanguard Dynamics,2024-12-01,Pro,Monthly,207.15,19,8,151,0.236,69.7,2,3.6,0,6,0
CUST-11219,Vanguard Flow,2023-05-03,Basic,Monthly,33.75,38,2,42,-0.509,60.0,1,21.9,1,5,1
CUST-11220,Titan AI,2024-09-01,Enterprise,Multi-Year,985.22,22,33,687,-0.045,51.3,4,30.8,0,4,0
CUST-11221,Quantum Stack,2022-07-03,Basic,Monthly,49.12,48,3,46,0.138,32.9,1,4.0,0,7,1
CUST-11222,Titan Global,2025-03-02,Basic,Monthly,54.84,16,3,47,-0.362,52.1,1,27.5,0,9,1
CUST-11223,Flux Tech,2023-11-02,Enterprise,Annual,1144.9,32,39,865,-0.452,100.0,4,73.6,0,10,0
CUST-11224,Vanguard HQ,2023-03-03,Basic,Monthly,45.3,40,4,90,-0.642,74.4,1,28.5,0,8,0
CUST-11225,Strata Tech,2024-12-31,Pro,Annual,194.5,18,12,374,-0.217,90.2,4,10.1,1,7,0
CUST-11226,Sync Cloud,2022-07-03,Basic,Monthly,43.37,48,2,56,-0.052,68.4,2,8.5,0,7,0
CUST-11227,Pulse Systems,2024-10-01,Basic,Annual,40.71,21,2,55,-0.104,36.6,3,59.5,0,7,0
CUST-11228,Hyper Labs,2025-05-02,Enterprise,Annual,1045.44,14,47,1867,-0.414,38.9,4,3.7,0,6,0
CUST-11229,Omni AI,2026-03-02,Basic,Monthly,39.64,4,2,74,-0.163,64.4,5,17.3,2,9,0
CUST-11230,Orion AI,2025-05-02,Enterprise,Annual,936.87,14,66,2281,-0.174,65.5,3,20.2,0,3,0
CUST-11231,Pulse Dynamics,2023-09-02,Basic,Monthly,41.69,34,3,115,0.32,19.6,2,6.3,1,3,1
CUST-11232,Cloud Dynamics,2022-07-03,Basic,Monthly,53.04,48,1,31,-0.454,69.8,0,9.8,2,8,0
CUST-11233,Vanguard Software,2025-10-01,Basic,Monthly,62.24,9,3,62,-0.6,93.0,4,15.4,1,5,1
CUST-11234,Zentis Flow,2025-07-02,Pro,Annual,160.15,12,8,157,-0.219,93.0,3,28.8,0,3,0
CUST-11235,Vanguard HQ,2025-12-31,Basic,Monthly,35.38,6,4,91,0.022,48.4,2,25.2,0,10,0
CUST-11236,Cloud Cloud,2024-01-01,Enterprise,Multi-Year,980.29,30,55,1172,-0.063,47.3,3,5.2,0,5,0
CUST-11237,Nova Cloud,2022-07-03,Basic,Monthly,49.12,48,3,100,-0.168,32.6,3,12.1,0,6,0
CUST-11238,Aura Software,2024-04-02,Enterprise,Multi-Year,1031.77,27,100,2513,-0.055,26.1,5,3.8,0,0,0
CUST-11239,Omni Cloud,2024-06-01,Basic,Monthly,45.72,25,2,39,-0.434,78.2,4,13.3,0,2,0
CUST-11240,Apex Tech,2024-10-01,Enterprise,Annual,968.93,21,59,1692,0.07,73.6,3,13.7,1,5,0
CUST-11241,Aero Global,2026-03-02,Pro,Annual,209.97,4,7,189,0.363,51.4,2,10.7,0,8,0
CUST-11242,Strata HQ,2023-09-02,Pro,Monthly,230.06,34,12,275,-0.027,59.0,3,37.6,1,5,0
CUST-11243,Data Analytics,2024-07-02,Pro,Annual,140.64,24,12,385,-0.094,75.1,1,75.7,2,7,0
CUST-11244,Titan Labs,2024-03-02,Pro,Annual,187.99,28,18,467,-0.356,53.0,2,22.8,1,10,0
CUST-11245,Nexus Networks,2022-07-03,Pro,Monthly,205.38,48,14,407,0.477,38.7,7,27.8,0,3,0
CUST-11246,Aura Analytics,2023-04-03,Basic,Monthly,42.25,39,1,31,-0.296,96.7,3,27.8,0,10,0
CUST-11247,Aura Networks,2023-04-03,Basic,Monthly,61.72,39,3,61,0.08,87.6,2,5.8,2,7,0
CUST-11248,Flux Labs,2022-07-03,Enterprise,Multi-Year,903.78,48,9,136,0.178,98.1,2,36.8,0,6,0
CUST-11249,Hyper AI,2022-07-03,Pro,Annual,197.77,48,6,136,0.034,81.7,1,58.6,0,10,0
CUST-11250,Quantum Software,2024-08-01,Pro,Monthly,215.6,23,10,164,-0.276,44.7,2,24.8,2,5,1
CUST-11251,Sync Flow,2026-03-02,Basic,Monthly,44.65,4,1,14,-0.274,59.1,5,2.6,3,3,0
CUST-11252,Titan Stack,2025-01-31,Basic,Monthly,35.43,17,1,20,-0.739,65.2,2,11.3,0,4,1
CUST-11253,Aero Solutions,2023-04-03,Basic,Monthly,45.85,39,3,88,-0.337,40.3,2,21.4,0,5,0
CUST-11254,Nexus AI,2026-05-02,Pro,Monthly,229.73,2,11,414,0.327,54.9,1,24.0,0,4,0
CUST-11255,Nexus Analytics,2026-04-01,Basic,Monthly,46.52,3,4,118,-0.165,99.8,1,1.0,0,2,0
CUST-11256,Flux HQ,2026-04-01,Basic,Monthly,42.78,3,4,107,-0.564,87.3,2,11.9,1,7,0
CUST-11257,Titan Global,2023-09-02,Basic,Monthly,55.8,34,1,24,-0.548,61.3,5,6.0,0,1,0
CUST-11258,Omni Tech,2024-12-01,Basic,Annual,46.57,19,2,79,-0.331,50.3,3,37.2,0,5,0
CUST-11259,Aero Global,2025-06-01,Pro,Annual,183.77,13,8,74,-0.389,40.6,1,12.8,3,5,1
CUST-11260,Strata Stack,2026-03-02,Basic,Monthly,50.1,4,1,34,-0.389,99.7,4,5.3,0,3,0
CUST-11261,Flux Networks,2023-09-02,Pro,Annual,222.01,34,10,274,0.091,51.0,4,27.1,0,10,0
CUST-11262,Orion Digital,2025-08-01,Basic,Monthly,66.51,11,1,26,-0.018,100.0,2,4.4,0,4,0
CUST-11263,Orion Tech,2025-10-01,Basic,Monthly,55.08,9,1,17,-0.269,77.1,3,7.6,0,8,0
CUST-11264,Quantum Tech,2024-04-02,Basic,Monthly,57.52,27,4,39,-0.137,70.7,3,21.7,1,4,0
CUST-11265,Aero Solutions,2024-09-01,Basic,Monthly,45.28,22,2,60,-0.394,56.0,2,9.0,0,9,0
CUST-11266,Vanguard Global,2025-06-01,Basic,Annual,41.46,13,3,40,-0.22,38.1,4,8.8,0,6,0
CUST-11267,Titan Stack,2024-04-02,Basic,Monthly,49.46,27,3,64,-0.145,58.2,2,1.6,1,7,0
CUST-11268,Quantum HQ,2025-10-01,Pro,Annual,202.2,9,14,38,-0.05,9.3,3,1.5,0,8,0
CUST-11269,Orion Global,2023-03-03,Basic,Monthly,41.07,40,4,122,0.042,43.4,3,8.3,0,8,0
CUST-11270,Aero Global,2025-10-31,Pro,Monthly,193.77,8,7,158,-0.34,79.1,2,2.3,0,7,0
CUST-11271,Nexus Labs,2025-12-31,Enterprise,Annual,1058.84,6,50,535,-0.144,63.4,2,9.7,0,7,0
CUST-11272,Nexus Systems,2023-04-03,Pro,Monthly,209.76,39,14,334,0.234,58.4,0,67.3,0,2,0
CUST-11273,Vanguard Stack,2023-11-02,Basic,Monthly,52.71,32,2,22,-0.198,40.2,4,9.3,0,7,0
CUST-11274,Aura Global,2025-12-31,Basic,Monthly,51.14,6,4,117,-0.041,43.7,2,27.7,0,8,0
CUST-11275,Strata Systems,2026-01-30,Basic,Monthly,45.27,5,6,88,0.162,72.1,3,8.9,0,5,0
CUST-11276,Orion Software,2022-09-02,Basic,Monthly,45.22,46,4,127,-0.018,43.5,5,42.5,1,5,0
CUST-11277,Nova Systems,2023-05-03,Enterprise,Annual,819.34,38,45,1419,-0.098,63.8,3,5.8,0,2,0
CUST-11278,Vanguard Software,2025-08-01,Basic,Monthly,62.12,11,3,107,-0.259,26.0,3,4.0,0,4,1
CUST-11279,Orion Solutions,2024-03-02,Basic,Monthly,49.1,28,4,156,-0.36,43.8,3,19.1,0,5,1
CUST-11280,Cloud AI,2026-01-30,Pro,Monthly,192.29,5,15,251,-0.228,37.1,3,1.0,1,5,0
CUST-11281,Orion Flow,2024-12-01,Pro,Monthly,171.28,19,5,93,0.137,40.7,2,10.1,1,7,0
CUST-11282,Omni Analytics,2026-05-02,Pro,Annual,286.63,2,9,326,-0.18,46.4,6,21.6,0,6,0
CUST-11283,Vanguard Global,2025-05-02,Basic,Monthly,41.11,14,2,77,-0.431,73.1,2,16.2,1,8,0
CUST-11284,Nova Global,2026-04-01,Basic,Monthly,45.85,3,2,45,-0.142,78.6,1,8.3,0,5,0
CUST-11285,Aura Flow,2025-01-31,Pro,Annual,211.41,17,9,239,0.199,29.8,3,32.9,0,4,0
CUST-11286,Zentis Networks,2025-04-01,Basic,Annual,53.41,15,2,36,-0.409,51.3,2,2.3,0,3,0
CUST-11287,Aura Dynamics,2025-03-02,Basic,Annual,56.04,16,1,33,0.21,72.7,2,15.7,0,8,0
CUST-11288,Apex Solutions,2026-04-01,Basic,Monthly,62.29,3,2,26,-0.057,82.0,2,6.0,0,9,0
CUST-11289,Vanguard Digital,2025-07-02,Basic,Monthly,52.72,12,3,88,-0.824,65.4,2,17.3,0,5,0
CUST-11290,Hyper AI,2023-07-03,Basic,Monthly,41.24,36,4,117,0.198,35.1,4,11.2,0,9,0
CUST-11291,Zentis Networks,2025-06-01,Basic,Monthly,47.11,13,4,102,-0.24,94.9,2,33.7,2,5,0
CUST-11292,Apex Analytics,2023-11-02,Pro,Annual,208.19,32,14,354,0.083,66.0,2,1.0,0,6,0
CUST-11293,Aura Networks,2025-06-01,Pro,Annual,260.74,13,11,136,-0.258,61.4,3,12.8,0,3,0
CUST-11294,Zentis Analytics,2025-04-01,Pro,Monthly,157.28,15,8,176,-0.281,83.2,1,54.6,2,8,0
CUST-11295,Pulse Flow,2024-09-01,Basic,Monthly,57.84,22,1,11,-0.081,100.0,5,73.9,0,2,1
CUST-11296,Nexus Analytics,2022-07-03,Basic,Monthly,50.32,48,1,25,0.408,33.7,5,3.8,1,6,0
CUST-11297,Aura Systems,2026-03-02,Basic,Monthly,55.16,4,3,89,-0.508,88.4,4,7.9,0,3,0
CUST-11298,Nova Digital,2026-05-02,Pro,Annual,195.96,2,11,263,-0.07,70.9,4,77.6,0,8,0
CUST-11299,Orion Stack,2024-07-02,Pro,Annual,173.85,24,10,258,0.366,59.3,3,10.7,2,9,0
CUST-11300,Aero Systems,2022-07-03,Basic,Annual,54.52,48,2,43,-0.31,55.5,5,2.0,1,4,0
CUST-11301,Pulse Labs,2022-07-03,Enterprise,Annual,1097.07,48,51,1569,-0.313,100.0,5,24.6,0,10,0
CUST-11302,Zentis Flow,2024-12-31,Basic,Monthly,56.14,18,3,65,0.5,78.3,3,11.1,2,7,0
CUST-11303,Hyper HQ,2025-01-31,Pro,Monthly,198.6,17,8,84,-0.05,63.1,3,46.6,0,8,0
CUST-11304,Apex Cloud,2024-04-02,Pro,Monthly,181.1,27,9,184,-0.167,46.4,2,7.0,0,8,0
CUST-11305,Vanguard AI,2024-10-01,Enterprise,Multi-Year,765.42,21,57,1508,0.5,87.1,2,12.7,0,5,0
CUST-11306,Quantum AI,2024-05-02,Pro,Annual,223.46,26,15,390,-0.417,100.0,5,10.0,0,6,0
CUST-11307,Data AI,2022-07-03,Pro,Annual,211.65,48,6,126,0.176,76.0,2,58.2,1,9,0
CUST-11308,Nova Stack,2023-08-02,Basic,Monthly,41.9,35,2,52,-0.405,35.0,2,1.2,1,7,0
CUST-11309,Orion Software,2024-12-31,Pro,Monthly,182.92,18,13,348,0.255,59.8,3,19.1,0,9,0
CUST-11310,Aura Dynamics,2025-01-31,Basic,Monthly,45.57,17,3,74,-0.212,48.9,0,3.1,0,6,1
CUST-11311,Nexus Flow,2024-05-02,Enterprise,Annual,776.77,26,71,1655,0.375,38.6,3,5.5,1,7,0
CUST-11312,Quantum Global,2025-03-02,Pro,Annual,174.59,16,14,496,-0.264,48.5,0,1.0,0,7,0
CUST-11313,Data Global,2025-03-02,Pro,Monthly,165.16,16,8,141,-0.649,97.8,4,1.0,1,9,0
CUST-11314,Vanguard Digital,2026-05-02,Basic,Monthly,45.97,2,3,65,0.049,52.1,1,79.6,0,9,0
CUST-11315,Aura Global,2025-12-31,Pro,Annual,176.95,6,6,175,0.021,10.1,5,16.6,0,8,1
CUST-11316,Aero Solutions,2024-12-31,Pro,Monthly,150.43,18,12,393,0.37,100.0,3,50.0,0,6,0
CUST-11317,Cloud Cloud,2022-11-02,Pro,Annual,259.37,44,13,124,0.211,88.7,4,2.1,0,5,0
CUST-11318,Flux Solutions,2025-08-31,Basic,Monthly,58.21,10,2,24,-0.234,84.7,0,14.5,3,7,0
CUST-11319,Flux Solutions,2024-10-31,Basic,Monthly,43.27,20,2,48,0.422,71.5,4,1.2,0,7,0
CUST-11320,Sync Analytics,2025-07-02,Basic,Monthly,51.0,12,1,15,-0.288,84.5,2,4.1,0,3,0
CUST-11321,Aura HQ,2026-03-02,Basic,Annual,52.07,4,1,21,-0.307,51.6,2,46.6,0,10,0
CUST-11322,Pulse Networks,2022-07-03,Enterprise,Annual,1177.48,48,57,1214,0.2,77.9,4,35.9,0,4,0
CUST-11323,Flux Networks,2022-07-03,Basic,Monthly,42.98,48,3,46,-0.049,24.7,3,49.2,0,7,1
CUST-11324,Pulse Networks,2026-03-02,Enterprise,Annual,1162.65,4,45,1519,0.03,79.3,4,4.0,1,3,0
CUST-11325,Omni Flow,2023-10-02,Basic,Monthly,44.97,33,1,33,0.406,62.0,6,19.3,0,7,0
CUST-11326,Data Flow,2025-07-02,Basic,Monthly,39.18,12,1,18,-0.217,80.0,2,23.8,0,7,0
CUST-11327,Aura Solutions,2022-07-03,Pro,Annual,220.62,48,6,81,-0.444,99.8,7,42.7,0,10,0
CUST-11328,Aura Solutions,2025-08-31,Pro,Monthly,237.53,10,13,195,0.002,78.8,2,13.3,0,8,0
CUST-11329,Flux Software,2025-10-31,Basic,Monthly,68.02,8,1,36,-0.649,53.1,5,33.6,0,4,1
CUST-11330,Sync Networks,2024-09-01,Pro,Monthly,163.19,22,14,250,-0.136,54.9,7,19.1,0,9,0
CUST-11331,Hyper Analytics,2022-09-02,Pro,Monthly,219.86,46,16,526,-0.328,100.0,1,5.4,1,10,0
CUST-11332,Flux AI,2025-12-01,Basic,Monthly,45.99,7,3,77,0.281,69.5,6,41.1,0,1,1
CUST-11333,Aero Dynamics,2023-11-02,Enterprise,Annual,1116.39,32,41,681,-0.418,58.4,3,25.9,3,8,0
CUST-11334,Titan Stack,2026-04-01,Enterprise,Multi-Year,778.65,3,55,1076,-0.253,22.2,2,8.0,0,10,0
CUST-11335,Quantum Networks,2022-07-03,Pro,Monthly,161.31,48,17,181,0.109,57.0,3,7.1,1,8,0
CUST-11336,Nexus Networks,2026-03-02,Basic,Monthly,43.3,4,1,25,-0.518,85.2,1,21.8,0,8,0
CUST-11337,Vertex Solutions,2022-07-03,Pro,Annual,201.36,48,12,231,0.236,57.6,4,53.1,1,3,0
CUST-11338,Strata Digital,2024-12-31,Basic,Monthly,44.29,18,1,25,0.175,57.4,2,55.7,0,2,0
CUST-11339,Sync Flow,2025-03-02,Basic,Monthly,53.84,16,3,38,0.156,60.2,4,3.1,0,4,0
CUST-11340,Aura HQ,2022-07-03,Basic,Monthly,56.55,48,3,52,-0.792,82.8,3,30.0,0,7,1
CUST-11341,Data Dynamics,2022-07-03,Basic,Monthly,53.41,48,3,86,0.05,31.6,5,3.7,0,3,0
CUST-11342,Flux Networks,2024-04-02,Enterprise,Annual,1241.58,27,43,875,-0.251,80.1,8,21.0,0,8,0
CUST-11343,Flux Flow,2026-01-30,Pro,Monthly,211.41,5,16,489,0.245,35.4,1,107.6,1,6,1
CUST-11344,Sync Systems,2024-12-01,Pro,Annual,162.68,19,12,293,-0.242,63.2,2,13.5,1,0,0
CUST-11345,Hyper Analytics,2024-10-31,Basic,Monthly,59.02,20,3,81,-0.603,41.7,2,9.3,0,4,1
CUST-11346,Zentis HQ,2024-12-01,Basic,Monthly,44.55,19,2,73,-0.284,51.3,3,8.6,0,5,0
CUST-11347,Pulse Labs,2024-09-01,Basic,Monthly,55.69,22,3,58,-0.043,44.2,1,9.4,0,7,1
CUST-11348,Nova HQ,2026-05-02,Enterprise,Annual,1234.82,2,37,1068,-0.026,43.0,4,16.4,0,4,0
CUST-11349,Pulse Labs,2023-11-02,Basic,Monthly,52.36,32,1,37,0.121,81.6,1,7.7,0,8,0
CUST-11350,Hyper AI,2023-11-02,Enterprise,Annual,774.8,32,71,944,-0.235,39.9,9,15.3,0,7,1
CUST-11351,Vanguard Flow,2026-01-30,Pro,Monthly,171.59,5,13,294,-0.035,44.2,4,11.6,0,2,0
CUST-11352,Aura Tech,2024-09-01,Basic,Monthly,58.72,22,3,78,0.019,14.3,4,15.6,0,10,0
CUST-11353,Quantum Labs,2024-09-01,Pro,Annual,193.95,22,12,298,-0.074,51.3,4,2.2,0,7,0
CUST-11354,Flux Software,2024-01-01,Basic,Monthly,49.58,30,4,147,0.043,24.0,4,13.1,3,6,1
CUST-11355,Cloud AI,2026-03-02,Enterprise,Multi-Year,1112.71,4,41,1058,-0.443,77.9,2,45.8,0,4,0
CUST-11356,Aura Cloud,2024-05-02,Enterprise,Multi-Year,1103.34,26,23,489,-0.492,51.0,4,6.6,2,3,0
CUST-11357,Data Stack,2025-08-31,Basic,Monthly,51.05,10,3,62,-0.141,60.6,2,34.7,0,5,0
CUST-11358,Omni Solutions,2024-12-01,Basic,Monthly,47.47,19,3,100,-0.325,64.5,1,23.6,0,10,0
CUST-11359,Omni Digital,2023-05-03,Pro,Annual,189.67,38,14,545,0.437,49.2,4,22.2,2,3,0
CUST-11360,Nexus Software,2023-12-02,Enterprise,Annual,1127.56,31,36,1045,-0.074,50.2,6,19.9,1,7,1
CUST-11361,Vertex Digital,2026-01-30,Basic,Monthly,53.07,5,1,23,-0.473,5.0,3,48.9,0,5,1
CUST-11362,Zentis HQ,2024-08-01,Pro,Annual,191.32,23,11,150,-0.114,36.6,3,8.3,0,6,1
CUST-11363,Flux Flow,2022-07-03,Pro,Annual,231.3,48,12,269,0.198,38.8,4,11.4,0,9,0
CUST-11364,Nexus Software,2025-12-31,Pro,Annual,195.15,6,17,109,-0.173,51.9,3,3.3,0,6,0
CUST-11365,Cloud AI,2022-07-03,Basic,Monthly,42.74,48,3,50,0.421,59.3,0,6.7,0,10,0
CUST-11366,Cloud Software,2023-12-02,Pro,Annual,176.34,31,7,88,-0.144,75.0,3,26.8,0,5,0
CUST-11367,Nexus Dynamics,2023-05-03,Enterprise,Annual,852.34,38,35,803,-0.199,45.1,7,6.4,0,3,1
CUST-11368,Aero Stack,2025-08-31,Basic,Monthly,47.0,10,1,21,-0.35,20.0,0,28.0,0,8,0
CUST-11369,Aura Systems,2025-08-31,Basic,Monthly,58.07,10,4,92,0.063,40.3,1,3.0,0,8,0
CUST-11370,Omni Software,2022-07-03,Enterprise,Annual,878.36,48,44,953,0.5,69.6,1,20.9,0,6,0
CUST-11371,Nexus Labs,2025-07-02,Basic,Annual,50.39,12,2,20,-0.324,74.6,2,92.3,1,6,0
CUST-11372,Omni Analytics,2026-04-01,Enterprise,Multi-Year,900.6,3,36,913,-0.057,42.7,4,19.0,1,10,0
CUST-11373,Orion Tech,2024-07-02,Basic,Monthly,47.09,24,2,54,-0.254,56.4,1,22.6,0,7,0
CUST-11374,Vanguard Networks,2026-01-30,Basic,Monthly,37.9,5,1,39,-0.153,81.2,3,1.0,0,10,0
CUST-11375,Strata Digital,2023-02-01,Enterprise,Multi-Year,965.95,41,43,475,-0.257,25.3,1,8.5,0,6,0
CUST-11376,Flux Global,2024-04-02,Basic,Annual,47.58,27,4,75,-0.193,54.0,2,1.4,0,4,0
CUST-11377,Aura Software,2022-07-03,Pro,Monthly,215.13,48,12,129,0.478,47.4,2,103.6,0,5,0
CUST-11378,Quantum Dynamics,2023-04-03,Basic,Monthly,50.64,39,2,46,-0.221,100.0,4,17.1,0,10,0
CUST-11379,Nova Cloud,2026-03-02,Pro,Monthly,163.23,4,10,223,0.182,91.4,3,30.2,0,6,0
CUST-11380,Sync HQ,2025-06-01,Basic,Monthly,56.97,13,4,103,-0.269,35.2,3,19.2,0,6,0
CUST-11381,Hyper Solutions,2023-05-03,Basic,Monthly,50.55,38,2,39,-0.051,59.3,2,48.1,2,4,1
CUST-11382,Cloud Flow,2025-04-01,Enterprise,Annual,1028.73,15,60,694,0.116,59.7,3,33.4,1,8,0
CUST-11383,Strata Digital,2022-07-03,Basic,Annual,48.93,48,3,94,0.314,18.7,3,2.5,2,0,1
CUST-11384,Sync Flow,2023-09-02,Pro,Monthly,183.54,34,5,104,-0.345,54.9,3,24.2,0,6,0
CUST-11385,Cloud Labs,2026-05-02,Basic,Monthly,50.6,2,5,155,-0.425,32.3,3,39.2,1,5,1
CUST-11386,Vanguard Stack,2022-07-03,Pro,Monthly,213.2,48,4,62,-0.244,63.3,3,1.0,0,6,0
CUST-11387,Omni Analytics,2026-03-02,Basic,Monthly,36.16,4,1,14,-0.193,5.0,2,37.0,0,8,1
CUST-11388,Data Systems,2026-01-30,Enterprise,Annual,918.27,5,38,1008,0.03,28.3,3,37.8,1,6,0
CUST-11389,Orion Dynamics,2023-09-02,Basic,Monthly,47.13,34,2,23,-0.02,82.3,5,1.0,0,6,0
CUST-11390,Aero Dynamics,2022-07-03,Basic,Monthly,50.88,48,2,22,-0.093,74.0,1,2.0,0,5,0
CUST-11391,Cyber Global,2024-10-31,Basic,Monthly,57.77,20,4,99,0.487,62.2,1,16.3,0,2,0
CUST-11392,Vanguard Tech,2025-08-31,Basic,Monthly,43.33,10,2,50,0.432,57.2,5,20.5,0,7,0
CUST-11393,Aero Digital,2025-07-02,Pro,Monthly,184.14,12,15,375,0.233,34.0,4,22.7,0,10,1
CUST-11394,Hyper Systems,2025-07-02,Basic,Monthly,45.23,12,2,38,-0.248,77.8,1,7.6,0,4,1
CUST-11395,Quantum Cloud,2025-08-01,Pro,Annual,175.07,11,7,152,0.106,72.2,3,1.6,1,9,0
CUST-11396,Vanguard Software,2025-10-31,Basic,Monthly,46.45,8,1,14,-0.127,56.2,6,1.0,0,5,0
CUST-11397,Pulse Labs,2024-07-02,Basic,Monthly,54.67,24,4,124,0.274,69.5,5,24.7,0,5,1
CUST-11398,Sync AI,2022-07-03,Pro,Annual,167.54,48,11,342,-0.259,27.8,4,19.4,1,7,1
CUST-11399,Pulse Cloud,2025-08-31,Pro,Monthly,211.77,10,5,94,-0.159,41.2,5,26.8,0,7,0
CUST-11400,Sync Solutions,2025-12-01,Basic,Annual,36.49,7,1,35,-0.517,80.1,3,55.8,0,6,0
CUST-11401,Omni Analytics,2022-09-02,Basic,Annual,44.87,46,1,15,-0.525,76.9,3,55.3,0,9,0
CUST-11402,Zentis Labs,2023-08-02,Basic,Monthly,46.58,35,2,52,-0.492,89.1,5,36.3,0,7,0
CUST-11403,Sync Digital,2022-07-03,Pro,Annual,248.99,48,16,526,-0.564,89.7,3,43.3,0,9,0
CUST-11404,Titan Flow,2025-12-31,Pro,Annual,190.8,6,12,246,-0.027,100.0,1,5.9,0,8,0
CUST-11405,Pulse Labs,2026-01-30,Basic,Annual,32.82,5,4,95,0.207,77.5,5,67.2,3,6,1
CUST-11406,Hyper Cloud,2024-10-01,Pro,Annual,139.33,21,13,287,-0.423,83.5,6,56.4,0,9,0
CUST-11407,Omni Systems,2024-06-01,Pro,Monthly,200.02,25,9,268,0.171,29.9,3,17.8,0,10,0
CUST-11408,Aero Digital,2024-12-31,Pro,Monthly,217.32,18,10,320,0.012,99.4,5,13.4,0,10,0
CUST-11409,Nova Software,2024-07-02,Enterprise,Annual,1055.26,24,43,1363,-0.035,26.1,2,2.8,0,6,0
CUST-11410,Omni Flow,2025-12-31,Basic,Monthly,50.23,6,4,17,-0.076,51.2,5,41.3,0,8,0
CUST-11411,Hyper Digital,2024-12-31,Basic,Monthly,57.54,18,2,31,0.211,58.5,2,6.2,0,2,0
CUST-11412,Omni Solutions,2024-03-02,Basic,Monthly,45.03,28,3,76,-0.081,5.0,1,19.8,0,9,0
CUST-11413,Orion HQ,2025-04-01,Basic,Monthly,55.58,15,1,20,-0.135,52.9,4,34.8,0,3,1
CUST-11414,Pulse Systems,2024-02-01,Pro,Monthly,150.28,29,11,149,0.007,55.5,0,20.0,0,7,1
CUST-11415,Aura Systems,2025-03-02,Enterprise,Annual,863.39,16,41,1564,-0.149,48.6,2,1.0,2,9,0
CUST-11416,Strata Flow,2025-08-01,Basic,Annual,35.72,11,2,47,0.104,66.0,2,33.1,0,8,0
CUST-11417,Orion Solutions,2025-08-31,Basic,Monthly,46.98,10,3,32,0.04,41.5,0,14.3,0,10,0
CUST-11418,Cyber Flow,2025-05-02,Basic,Monthly,48.66,14,1,27,0.059,58.4,3,1.0,0,5,0
CUST-11419,Flux Software,2026-05-02,Enterprise,Annual,1016.1,2,61,1603,-0.378,38.8,5,25.1,0,10,0
CUST-11420,Aura Stack,2024-02-01,Basic,Monthly,49.45,29,2,44,0.123,56.8,1,18.0,0,4,0
CUST-11421,Flux Stack,2022-08-03,Pro,Monthly,171.31,47,19,412,0.287,20.2,3,20.9,2,8,0
CUST-11422,Data Stack,2025-07-02,Basic,Annual,47.6,12,3,63,0.354,100.0,5,56.5,1,5,0
CUST-11423,Pulse Digital,2026-04-01,Basic,Monthly,37.99,3,1,45,0.098,46.9,8,6.9,0,5,0
CUST-11424,Orion Dynamics,2022-07-03,Enterprise,Annual,1203.28,48,34,1217,0.167,74.0,2,23.7,0,7,0
CUST-11425,Vertex Global,2025-10-01,Enterprise,Multi-Year,953.5,9,51,1116,-0.214,31.4,3,8.2,0,9,0
CUST-11426,Strata Global,2026-01-30,Basic,Monthly,45.41,5,1,25,-0.014,84.1,0,7.9,0,7,0
CUST-11427,Titan Tech,2025-06-01,Enterprise,Annual,1237.1,13,13,285,0.115,82.5,1,4.4,2,5,0
CUST-11428,Zentis Tech,2023-09-02,Pro,Monthly,161.92,34,7,177,-0.361,72.2,0,38.3,0,8,0
CUST-11429,Nexus Dynamics,2025-08-31,Enterprise,Annual,830.33,10,61,1452,0.167,47.1,1,12.9,0,6,0
CUST-11430,Flux Software,2024-09-01,Basic,Monthly,40.94,22,5,76,-0.452,32.5,5,1.8,0,5,0
CUST-11431,Nova HQ,2025-04-01,Pro,Monthly,196.97,15,11,200,-0.191,67.8,4,5.5,0,4,0
CUST-11432,Zentis Global,2026-01-30,Basic,Monthly,52.17,5,1,19,-0.109,59.3,6,40.0,2,8,0
CUST-11433,Quantum Systems,2025-08-01,Pro,Annual,221.08,11,7,120,0.219,39.6,1,18.1,0,6,0
CUST-11434,Vanguard Dynamics,2023-10-02,Basic,Monthly,67.9,33,3,92,-0.096,82.4,1,14.7,0,1,0
CUST-11435,Nova Cloud,2024-06-01,Basic,Annual,32.47,25,3,66,0.301,75.7,3,9.6,0,5,0
CUST-11436,Hyper Digital,2026-01-30,Basic,Monthly,53.47,5,2,43,0.5,73.4,5,9.8,2,8,0
CUST-11437,Data Flow,2025-12-31,Pro,Monthly,182.37,6,11,331,0.183,5.0,5,1.6,0,5,0
CUST-11438,Zentis Cloud,2024-04-02,Basic,Monthly,44.69,27,4,85,-0.219,68.7,4,5.9,1,8,0
CUST-11439,Vertex Software,2022-12-02,Pro,Annual,180.5,43,12,219,-0.783,57.8,3,17.8,2,6,0
CUST-11440,Nova Cloud,2025-07-02,Enterprise,Annual,862.82,12,39,767,0.268,90.6,3,5.8,0,10,0
CUST-11441,Nexus Cloud,2024-07-02,Basic,Monthly,61.38,24,1,18,-0.366,36.4,2,12.7,0,1,1
CUST-11442,Quantum Global,2025-12-31,Pro,Annual,224.14,6,15,520,-0.181,44.6,2,1.0,0,3,0
CUST-11443,Cyber Cloud,2025-08-01,Basic,Monthly,49.17,11,3,82,-0.068,42.0,3,15.4,2,10,0
CUST-11444,Zentis Labs,2026-05-02,Enterprise,Annual,1201.45,2,41,943,0.083,9.8,6,35.8,1,9,0
CUST-11445,Flux Cloud,2023-06-03,Basic,Annual,37.88,37,4,160,-0.314,47.4,1,40.5,0,7,0
CUST-11446,Omni Flow,2025-05-02,Pro,Monthly,159.28,14,17,381,0.05,65.3,1,27.0,0,4,0
CUST-11447,Apex AI,2022-12-02,Pro,Monthly,133.99,43,4,94,0.327,5.0,3,3.5,0,6,0
CUST-11448,Sync Dynamics,2023-11-02,Enterprise,Multi-Year,894.19,32,29,602,-0.394,33.5,4,33.7,1,8,0
CUST-11449,Apex Flow,2022-10-02,Pro,Annual,203.83,45,12,332,0.301,64.5,3,14.1,0,8,0
CUST-11450,Data Analytics,2025-08-31,Basic,Monthly,49.76,10,6,178,-0.555,60.9,5,10.6,1,8,1
CUST-11451,Vertex Labs,2025-12-01,Pro,Monthly,203.46,7,21,322,0.038,35.5,3,40.1,0,9,0
CUST-11452,Cyber Solutions,2022-07-03,Enterprise,Annual,787.55,48,42,325,-0.38,89.0,3,3.3,0,7,0
CUST-11453,Vertex Global,2023-11-02,Pro,Monthly,222.97,32,9,185,-0.397,77.2,4,2.9,0,3,0
CUST-11454,Nexus Software,2022-10-02,Basic,Monthly,50.76,45,2,40,-0.363,61.8,3,41.9,1,6,1
CUST-11455,Vertex Software,2026-05-02,Enterprise,Multi-Year,1108.85,2,58,1405,-0.195,39.6,3,30.2,0,2,1
CUST-11456,Aura Labs,2025-07-02,Pro,Annual,142.5,12,10,450,-0.062,100.0,6,9.0,0,2,0
CUST-11457,Omni AI,2023-08-02,Pro,Monthly,208.3,35,6,138,0.486,26.8,1,10.9,0,3,0
CUST-11458,Cloud Stack,2026-04-01,Basic,Monthly,40.27,3,2,79,0.075,85.9,1,1.8,2,8,0
CUST-11459,Quantum Stack,2024-09-01,Pro,Annual,187.14,22,12,282,0.39,42.3,3,59.8,1,4,1
CUST-11460,Cyber Solutions,2025-04-01,Basic,Monthly,52.93,15,1,26,-0.211,54.6,4,8.7,1,9,0
CUST-11461,Aero Cloud,2026-05-02,Pro,Monthly,201.72,2,13,319,-0.9,42.0,3,1.0,1,2,1
CUST-11462,Aero AI,2025-10-31,Basic,Monthly,42.74,8,1,15,-0.279,71.9,6,7.4,0,7,1
CUST-11463,Vertex Digital,2025-08-31,Pro,Annual,199.19,10,11,173,-0.283,80.2,5,36.2,0,8,0
CUST-11464,Flux Systems,2026-03-02,Enterprise,Annual,769.5,4,32,707,-0.827,46.2,2,2.3,0,8,0
CUST-11465,Titan Tech,2024-05-02,Basic,Annual,57.45,26,3,93,0.187,74.9,2,20.4,0,5,0
CUST-11466,Cloud Global,2025-10-31,Enterprise,Annual,968.24,8,30,551,-0.648,56.0,4,31.1,1,8,0
CUST-11467,Aero Global,2025-10-01,Basic,Monthly,57.22,9,2,75,0.116,64.9,1,28.7,2,8,0
CUST-11468,Quantum Flow,2022-07-03,Enterprise,Annual,920.1,48,13,271,0.413,63.3,0,48.0,1,4,0
CUST-11469,Pulse Dynamics,2025-01-31,Pro,Monthly,183.37,17,12,206,0.033,40.0,5,1.4,0,6,0
CUST-11470,Apex Stack,2025-05-02,Pro,Annual,176.19,14,18,671,-0.1,47.4,3,6.4,0,9,0
CUST-11471,Apex Networks,2023-10-02,Pro,Annual,225.15,33,8,314,-0.365,15.0,2,32.1,0,5,1
CUST-11472,Strata Digital,2022-07-03,Enterprise,Annual,892.69,48,59,1274,-0.288,61.7,3,13.0,2,9,0
CUST-11473,Flux AI,2026-05-02,Basic,Annual,53.74,2,4,94,-0.068,19.5,1,33.4,0,9,0
CUST-11474,Flux AI,2025-03-02,Basic,Annual,46.19,16,1,16,-0.095,46.2,1,2.6,0,10,0
CUST-11475,Pulse HQ,2024-06-01,Pro,Monthly,140.02,25,14,412,-0.249,100.0,1,32.7,0,5,0
CUST-11476,Strata Solutions,2025-08-01,Pro,Annual,181.98,11,12,209,0.5,81.5,5,6.8,1,6,0
CUST-11477,Quantum Networks,2023-05-03,Pro,Monthly,163.8,38,10,355,-0.531,90.0,0,11.5,1,4,1
CUST-11478,Data Software,2022-07-03,Pro,Annual,200.01,48,13,311,-0.494,72.4,3,15.4,2,6,1
CUST-11479,Hyper Labs,2022-07-03,Basic,Monthly,40.25,48,3,108,0.067,36.2,2,40.0,0,5,1
CUST-11480,Cyber Analytics,2025-10-01,Pro,Annual,226.64,9,13,291,-0.133,69.5,4,7.7,0,5,0
CUST-11481,Apex HQ,2025-10-31,Basic,Monthly,48.33,8,1,19,0.097,17.8,1,16.8,0,2,0
CUST-11482,Data Tech,2022-07-03,Pro,Annual,193.7,48,14,445,0.291,30.9,2,35.1,0,3,0
CUST-11483,Hyper Analytics,2025-01-31,Basic,Annual,53.82,17,3,48,-0.299,68.8,2,25.1,0,10,0
CUST-11484,Nexus Cloud,2025-12-01,Basic,Monthly,56.08,7,1,15,0.116,90.1,3,6.2,0,5,1
CUST-11485,Orion Digital,2023-11-02,Basic,Monthly,48.85,32,3,68,0.5,43.9,3,30.2,0,8,0
CUST-11486,Nexus HQ,2025-08-31,Basic,Monthly,43.33,10,1,27,-0.161,98.0,0,5.9,0,1,1
CUST-11487,Nexus AI,2025-10-01,Pro,Annual,146.05,9,10,240,0.287,46.4,2,1.7,0,8,0
CUST-11488,Strata HQ,2022-07-03,Basic,Monthly,43.96,48,3,59,0.396,55.5,3,1.0,3,6,0
CUST-11489,Flux HQ,2025-12-31,Basic,Monthly,44.46,6,3,75,-0.226,67.4,4,1.0,0,6,0
CUST-11490,Nexus Systems,2026-04-01,Basic,Monthly,49.79,3,5,117,-0.181,80.0,3,16.2,2,3,1
CUST-11491,Nova Networks,2025-10-01,Basic,Monthly,46.46,9,3,62,-0.382,36.9,2,23.3,0,2,1
CUST-11492,Pulse Dynamics,2024-07-02,Basic,Monthly,54.06,24,1,17,-0.091,7.1,6,71.5,2,7,1
CUST-11493,Zentis Solutions,2026-01-30,Basic,Monthly,44.49,5,5,153,-0.306,67.7,2,28.3,0,8,0
CUST-11494,Zentis Analytics,2025-01-31,Pro,Annual,197.3,17,17,498,-0.24,55.1,2,27.0,1,7,0
CUST-11495,Vanguard HQ,2024-05-02,Pro,Annual,234.34,26,16,537,-0.103,100.0,3,9.3,3,10,0
CUST-11496,Omni Software,2022-07-03,Pro,Monthly,209.2,48,7,122,0.225,21.4,6,10.7,0,4,0
CUST-11497,Quantum Digital,2025-10-31,Basic,Monthly,48.56,8,5,60,0.334,36.8,5,24.7,0,3,0
CUST-11498,Nova HQ,2022-12-02,Basic,Monthly,44.58,43,1,22,-0.531,68.2,3,27.7,0,10,0
CUST-11499,Cyber Networks,2025-10-31,Enterprise,Annual,904.11,8,66,713,0.263,59.2,0,9.4,0,8,0
CUST-11500,Sync Labs,2024-02-01,Pro,Monthly,173.61,29,17,189,-0.511,78.3,2,1.0,0,4,0
CUST-11501,Flux Analytics,2025-04-01,Basic,Monthly,45.02,15,2,48,-0.579,47.8,0,19.5,0,7,0
CUST-11502,Cloud Digital,2026-03-02,Basic,Annual,54.55,4,1,19,-0.074,71.9,6,38.1,1,7,0
CUST-11503,Cyber Global,2023-11-02,Basic,Monthly,47.37,32,1,19,-0.011,60.8,2,2.8,0,8,0
CUST-11504,Aura Labs,2025-10-31,Basic,Monthly,39.08,8,4,95,-0.532,64.7,0,21.4,0,5,0
CUST-11505,Titan Digital,2025-12-31,Basic,Monthly,62.0,6,3,40,0.5,36.7,1,1.0,0,7,0
CUST-11506,Aero Stack,2025-07-02,Pro,Monthly,208.55,12,9,212,-0.099,67.1,5,44.0,0,4,1
CUST-11507,Nova Solutions,2024-04-02,Pro,Monthly,157.0,27,9,309,0.377,41.6,3,1.1,0,10,0
CUST-11508,Cyber AI,2025-10-31,Pro,Monthly,185.81,8,13,218,0.383,59.1,3,56.0,1,8,0
CUST-11509,Quantum Networks,2025-12-31,Pro,Monthly,202.31,6,13,210,-0.041,70.7,2,11.7,0,5,0
CUST-11510,Aero Systems,2026-05-02,Pro,Monthly,249.88,2,21,550,-0.194,77.5,3,2.8,0,7,0
CUST-11511,Flux Cloud,2025-01-31,Pro,Monthly,165.92,17,13,326,-0.559,60.6,5,18.0,0,7,0
CUST-11512,Pulse Dynamics,2025-04-01,Enterprise,Annual,1145.26,15,50,1096,-0.495,42.5,6,8.3,0,5,0
CUST-11513,Pulse Networks,2025-10-31,Basic,Monthly,59.29,8,4,77,-0.266,61.4,5,22.2,3,9,1
CUST-11514,Quantum Stack,2026-04-01,Basic,Annual,44.38,3,3,79,-0.005,85.0,4,8.0,0,8,0
CUST-11515,Strata Software,2025-04-01,Basic,Monthly,46.96,15,2,48,0.085,98.4,3,6.2,1,7,0
CUST-11516,Nexus Global,2023-03-03,Pro,Monthly,168.07,40,6,172,-0.42,75.2,3,57.9,0,5,0
CUST-11517,Cyber AI,2023-11-02,Enterprise,Annual,968.51,32,24,568,-0.062,89.9,3,29.1,0,4,0
CUST-11518,Flux Global,2022-07-03,Basic,Annual,48.73,48,1,13,0.464,50.1,3,59.8,2,4,0
CUST-11519,Quantum AI,2026-05-02,Enterprise,Annual,1097.85,2,47,618,-0.091,29.8,1,67.4,0,6,0
CUST-11520,Pulse Networks,2022-07-03,Basic,Monthly,57.01,48,3,77,0.046,57.6,3,5.6,0,7,1
CUST-11521,Data Solutions,2025-07-02,Enterprise,Annual,886.9,12,29,1027,-0.15,62.7,0,1.4,0,6,0
CUST-11522,Vertex Software,2022-07-03,Basic,Monthly,34.54,48,3,78,-0.572,58.3,0,15.7,0,9,0
CUST-11523,Strata Dynamics,2025-10-01,Basic,Monthly,48.84,9,1,31,0.216,72.4,1,33.9,0,2,0
CUST-11524,Titan Tech,2025-01-31,Basic,Annual,51.16,17,2,55,-0.179,79.5,1,4.4,0,6,0
CUST-11525,Flux Flow,2025-07-02,Basic,Annual,50.83,12,3,92,-0.01,28.5,4,26.6,0,10,0
CUST-11526,Data Labs,2025-07-02,Basic,Monthly,46.6,12,2,35,-0.175,54.4,6,1.7,0,9,0
CUST-11527,Sync AI,2022-08-03,Basic,Monthly,49.92,47,3,66,-0.103,69.8,1,45.7,0,6,0
CUST-11528,Orion Analytics,2023-08-02,Pro,Monthly,244.24,35,6,83,0.138,100.0,2,6.5,1,5,0
CUST-11529,Nexus Dynamics,2022-07-03,Pro,Monthly,210.39,48,19,404,-0.12,89.1,3,22.8,0,6,0
CUST-11530,Vertex HQ,2024-06-01,Basic,Annual,46.26,25,1,27,0.266,16.1,0,3.7,0,9,0
CUST-11531,Zentis Flow,2025-01-31,Pro,Annual,184.07,17,11,217,-0.383,18.8,4,21.7,0,6,0
CUST-11532,Flux HQ,2026-03-02,Pro,Monthly,193.93,4,10,135,0.017,30.5,6,6.8,0,4,0
CUST-11533,Aura HQ,2022-07-03,Basic,Monthly,61.03,48,2,45,-0.571,45.6,5,54.2,0,10,0
CUST-11534,Vanguard Networks,2024-10-01,Basic,Annual,47.65,21,2,17,-0.116,82.9,3,66.4,0,8,0
CUST-11535,Apex HQ,2023-12-02,Basic,Monthly,48.85,31,2,87,-0.218,47.3,0,61.1,0,7,0
CUST-11536,Data Flow,2025-05-02,Basic,Monthly,45.45,14,5,79,0.14,40.5,3,39.2,0,10,1
CUST-11537,Hyper Flow,2024-10-01,Pro,Monthly,231.8,21,10,170,0.488,78.0,2,36.0,0,4,1
CUST-11538,Aura Software,2022-07-03,Basic,Monthly,63.4,48,2,28,-0.211,52.1,2,79.1,0,9,0
CUST-11539,Pulse Flow,2025-12-31,Pro,Annual,212.45,6,13,245,0.01,88.7,2,1.5,0,4,0
CUST-11540,Orion Flow,2025-08-31,Pro,Annual,201.47,10,16,480,0.38,70.6,6,13.1,0,8,0
CUST-11541,Data AI,2025-12-31,Basic,Monthly,49.27,6,4,160,-0.034,73.6,1,1.0,2,3,0
CUST-11542,Pulse Global,2023-03-03,Pro,Annual,127.83,40,5,169,0.073,87.5,2,6.6,0,3,0
CUST-11543,Vanguard Stack,2026-04-01,Basic,Monthly,54.48,3,4,30,-0.275,59.0,2,48.7,1,10,0
CUST-11544,Omni AI,2026-03-02,Enterprise,Annual,1019.1,4,61,1415,-0.367,72.0,1,32.7,3,10,0
CUST-11545,Strata Global,2025-08-31,Basic,Monthly,52.15,10,3,52,0.125,39.4,3,30.6,0,2,1
CUST-11546,Titan Networks,2024-12-01,Pro,Annual,177.76,19,7,170,0.354,65.0,3,13.8,1,6,0
CUST-11547,Sync Solutions,2025-05-02,Pro,Annual,187.52,14,9,124,0.303,55.4,2,18.5,0,5,0
CUST-11548,Nova Software,2026-04-01,Basic,Monthly,45.98,3,2,40,-0.019,33.5,5,12.5,0,5,0
CUST-11549,Aura Cloud,2022-07-03,Pro,Annual,229.5,48,10,226,-0.136,45.8,2,8.1,2,4,0
CUST-11550,Hyper Stack,2022-07-03,Enterprise,Annual,942.24,48,66,1724,-0.565,18.8,1,37.2,0,3,0
CUST-11551,Aura Stack,2025-08-31,Pro,Monthly,261.17,10,13,133,-0.049,75.5,3,19.9,0,5,1
CUST-11552,Vanguard Software,2023-09-02,Pro,Annual,211.86,34,16,348,-0.095,75.1,4,1.5,2,8,0
CUST-11553,Data Solutions,2024-08-01,Enterprise,Annual,807.84,23,25,493,0.165,42.0,1,12.7,0,7,0
CUST-11554,Vanguard AI,2025-10-31,Basic,Monthly,48.06,8,2,52,-0.582,48.3,2,30.4,1,7,0
CUST-11555,Nexus Analytics,2025-10-01,Basic,Monthly,44.21,9,4,70,-0.596,75.0,5,73.9,0,6,0
CUST-11556,Pulse Flow,2024-12-31,Pro,Annual,133.5,18,17,368,0.126,66.8,2,13.7,0,5,0
CUST-11557,Quantum Labs,2025-04-01,Basic,Monthly,60.76,15,1,29,-0.279,63.2,1,42.3,0,6,0
CUST-11558,Sync Global,2025-08-31,Pro,Annual,219.99,10,18,525,0.276,78.8,3,51.3,2,4,0
CUST-11559,Zentis Analytics,2023-01-02,Enterprise,Multi-Year,1078.9,42,40,1179,-0.392,71.1,2,69.8,0,5,0
CUST-11560,Cyber Networks,2024-12-31,Basic,Monthly,50.22,18,2,35,-0.053,60.9,1,14.1,2,8,0
CUST-11561,Quantum HQ,2024-03-02,Basic,Monthly,38.84,28,2,44,-0.002,68.5,2,3.8,0,9,0
CUST-11562,Vanguard HQ,2025-12-01,Pro,Monthly,184.56,7,12,305,-0.052,68.8,1,5.5,0,6,1
CUST-11563,Aero Analytics,2024-10-31,Basic,Monthly,55.19,20,3,65,0.189,62.0,3,40.7,3,1,0
CUST-11564,Pulse Cloud,2025-08-01,Pro,Monthly,167.62,11,6,180,-0.09,39.7,3,6.4,0,8,0
CUST-11565,Flux Digital,2024-10-31,Basic,Monthly,30.39,20,1,23,-0.15,82.8,3,31.5,1,7,0
CUST-11566,Vanguard Networks,2023-04-03,Pro,Annual,192.22,39,10,171,-0.376,57.0,5,3.6,1,6,0
CUST-11567,Aura Flow,2023-06-03,Basic,Monthly,47.96,37,3,83,0.247,10.2,3,1.9,0,9,0
CUST-11568,Aura Cloud,2025-07-02,Pro,Annual,203.05,12,14,376,-0.269,57.5,2,1.1,0,2,0
CUST-11569,Cloud Flow,2023-12-02,Basic,Monthly,54.35,31,3,75,0.242,18.9,4,6.7,0,5,0
CUST-11570,Titan Systems,2022-07-03,Pro,Monthly,218.03,48,11,280,0.08,38.3,5,17.1,0,7,0
CUST-11571,Quantum Flow,2024-05-02,Basic,Annual,50.9,26,3,51,-0.219,62.8,2,20.9,1,4,0
CUST-11572,Flux Cloud,2026-01-30,Pro,Monthly,234.69,5,15,331,0.397,25.0,0,18.4,0,7,0
CUST-11573,Cloud Software,2024-02-01,Enterprise,Annual,771.38,29,60,1731,-0.046,52.2,3,8.2,1,10,0
CUST-11574,Flux Digital,2026-03-02,Basic,Monthly,52.71,4,2,41,0.112,36.4,4,15.9,2,6,0
CUST-11575,Nexus Global,2022-07-03,Basic,Annual,53.61,48,4,60,-0.4,100.0,3,1.0,3,9,0
CUST-11576,Nexus Dynamics,2024-12-01,Basic,Annual,39.89,19,3,99,0.04,70.0,3,74.0,3,6,0
CUST-11577,Vertex Dynamics,2025-06-01,Pro,Monthly,154.14,13,17,19,-0.122,65.5,0,105.9,0,2,0
CUST-11578,Nexus Stack,2026-04-01,Pro,Annual,176.73,3,12,319,-0.349,44.1,3,26.3,0,8,0
CUST-11579,Apex AI,2025-06-01,Pro,Monthly,179.25,13,8,178,0.483,63.5,2,2.4,0,7,0
CUST-11580,Quantum Dynamics,2022-07-03,Basic,Monthly,54.54,48,3,110,-0.002,92.3,0,15.3,0,4,0
CUST-11581,Pulse Tech,2026-05-02,Basic,Annual,44.48,2,2,60,-0.48,69.9,4,46.3,0,4,0
CUST-11582,Quantum Labs,2025-01-31,Pro,Annual,173.44,17,12,398,0.058,31.9,1,2.0,0,8,0
CUST-11583,Data Global,2022-07-03,Basic,Monthly,44.5,48,3,61,0.106,34.2,2,92.7,1,8,0
CUST-11584,Strata Solutions,2025-05-02,Enterprise,Annual,1166.63,14,56,1820,-0.267,86.8,7,19.1,0,5,0
CUST-11585,Nexus Analytics,2025-04-01,Basic,Annual,49.1,15,4,72,0.367,100.0,2,3.5,0,7,0
CUST-11586,Orion Software,2024-08-01,Pro,Annual,193.65,23,10,376,0.208,68.5,4,64.1,0,8,0
CUST-11587,Aura Digital,2025-01-31,Basic,Annual,48.19,17,2,32,0.354,30.2,4,28.2,0,5,0
CUST-11588,Aura Labs,2025-12-31,Basic,Monthly,58.5,6,5,146,0.044,46.2,5,18.7,0,10,0
CUST-11589,Apex Global,2026-05-02,Pro,Annual,176.64,2,8,198,-0.248,74.0,3,54.9,0,6,0
CUST-11590,Flux AI,2024-06-01,Pro,Annual,238.27,25,15,349,-0.686,42.3,5,29.0,0,10,0
CUST-11591,Apex Labs,2022-07-03,Enterprise,Annual,1030.54,48,58,1360,-0.166,33.8,2,3.2,0,4,0
CUST-11592,Nova Flow,2026-03-02,Basic,Annual,47.82,4,1,26,-0.306,46.7,4,2.1,0,5,0
CUST-11593,Sync Global,2025-12-01,Basic,Monthly,67.38,7,2,0,-0.309,77.6,1,18.6,2,0,1
CUST-11594,Omni Labs,2025-06-01,Pro,Monthly,167.49,13,13,234,-0.572,48.3,4,19.9,0,7,0
CUST-11595,Nova Dynamics,2023-01-02,Pro,Annual,188.44,42,8,220,-0.039,53.3,4,2.1,0,3,1
CUST-11596,Cyber Stack,2025-10-01,Basic,Monthly,39.94,9,3,61,-0.26,39.7,2,6.3,0,7,0
CUST-11597,Cloud Tech,2022-07-03,Basic,Monthly,56.0,48,1,8,-0.146,11.4,2,12.9,0,7,0
CUST-11598,Hyper Global,2026-04-01,Basic,Annual,61.42,3,2,39,-0.196,28.4,4,1.0,0,5,0
CUST-11599,Quantum HQ,2022-07-03,Enterprise,Annual,1249.24,48,43,1287,-0.173,64.8,2,3.2,0,7,0
CUST-11600,Data Analytics,2024-09-01,Basic,Monthly,58.0,22,4,79,-0.314,42.2,2,7.7,1,10,0
CUST-11601,Nova Networks,2024-03-02,Basic,Annual,47.55,28,3,100,-0.364,60.3,1,10.9,1,8,0
CUST-11602,Titan Networks,2025-06-01,Basic,Monthly,46.32,13,1,38,-0.408,63.4,2,54.4,0,3,0
CUST-11603,Aero Tech,2023-04-03,Basic,Monthly,36.72,39,3,82,0.38,74.0,6,113.1,0,6,1
CUST-11604,Titan AI,2025-12-31,Basic,Monthly,63.96,6,1,19,-0.432,38.7,2,33.2,0,6,1
CUST-11605,Strata Analytics,2026-04-01,Pro,Annual,213.0,3,11,251,-0.034,37.9,4,59.4,2,5,1
CUST-11606,Pulse Flow,2025-05-02,Basic,Monthly,45.38,14,6,91,0.173,44.4,2,18.1,0,5,0
CUST-11607,Pulse Networks,2022-07-03,Pro,Annual,238.64,48,9,217,-0.548,44.7,4,37.9,0,6,0
CUST-11608,Vertex Digital,2023-07-03,Basic,Monthly,41.85,36,6,265,-0.413,34.0,1,19.6,0,3,1
CUST-11609,Nexus Tech,2024-12-01,Pro,Annual,211.14,19,9,212,-0.497,60.3,5,48.2,0,3,1
CUST-11610,Aero AI,2024-09-01,Enterprise,Annual,973.13,22,58,1486,-0.061,62.9,4,10.0,0,7,0
CUST-11611,Aero Global,2026-01-30,Pro,Monthly,218.06,5,8,178,0.207,72.4,0,11.7,0,8,0
CUST-11612,Aura Labs,2022-09-02,Pro,Annual,197.1,46,17,99,-0.388,66.6,1,3.6,0,4,0
CUST-11613,Apex Flow,2023-04-03,Basic,Monthly,38.34,39,3,56,0.295,55.8,3,9.7,0,8,0
CUST-11614,Cloud Tech,2024-03-02,Basic,Monthly,49.56,28,2,47,0.189,60.1,1,46.9,0,8,0
CUST-11615,Aura Dynamics,2025-01-31,Pro,Monthly,230.31,17,9,133,-0.311,58.9,2,13.0,0,3,1
CUST-11616,Cyber Digital,2022-07-03,Enterprise,Annual,994.62,48,44,1529,0.351,52.2,1,18.9,0,5,0
CUST-11617,Vanguard Analytics,2022-07-03,Pro,Monthly,222.14,48,8,124,-0.255,53.3,4,37.6,0,9,0
CUST-11618,Hyper Software,2024-04-02,Pro,Monthly,167.79,27,8,157,0.048,92.0,2,7.9,0,4,0
CUST-11619,Nova Software,2025-06-01,Pro,Annual,198.22,13,9,243,0.079,86.5,1,10.5,0,5,1
CUST-11620,Nexus HQ,2024-06-01,Basic,Monthly,44.41,25,1,17,-0.086,75.4,2,48.3,0,6,0
CUST-11621,Data Software,2024-09-01,Basic,Monthly,54.49,22,4,110,-0.326,40.7,2,33.5,0,5,1
CUST-11622,Zentis Cloud,2025-05-02,Pro,Monthly,199.94,14,7,158,0.164,30.7,5,19.3,0,6,0
CUST-11623,Sync Labs,2025-08-31,Enterprise,Annual,1102.41,10,25,276,-0.449,71.1,3,24.5,1,9,0
CUST-11624,Vertex Digital,2025-05-02,Basic,Monthly,56.99,14,3,68,-0.404,61.9,2,11.2,1,2,1
CUST-11625,Sync Software,2024-09-01,Pro,Monthly,219.64,22,13,233,-0.44,60.4,5,5.8,0,9,0
CUST-11626,Flux Analytics,2025-04-01,Basic,Annual,51.01,15,1,30,0.107,38.9,2,20.6,0,1,0
CUST-11627,Nexus Systems,2025-10-01,Pro,Monthly,169.2,9,15,325,-0.248,76.9,1,7.7,0,7,1
CUST-11628,Vanguard Labs,2023-06-03,Basic,Monthly,48.98,37,4,98,-0.09,47.9,4,36.7,0,3,1
CUST-11629,Data Analytics,2024-10-31,Basic,Annual,45.08,20,1,21,-0.798,61.9,6,32.1,0,2,0
CUST-11630,Quantum Stack,2026-04-01,Pro,Annual,188.73,3,11,276,0.074,69.7,7,122.2,0,7,0
CUST-11631,Aero Software,2025-06-01,Basic,Monthly,46.25,13,2,50,-0.493,65.1,4,12.6,0,4,0
CUST-11632,Vertex Networks,2022-07-03,Pro,Monthly,169.75,48,8,281,0.336,71.6,4,78.6,1,10,0
CUST-11633,Cloud Analytics,2023-07-03,Pro,Annual,140.57,36,9,233,-0.068,30.6,3,55.6,0,8,0
CUST-11634,Pulse Analytics,2025-08-01,Enterprise,Multi-Year,898.88,11,22,309,-0.275,88.0,5,10.3,0,6,0
CUST-11635,Aero Digital,2022-07-03,Basic,Annual,50.42,48,3,76,-0.271,88.8,0,13.6,0,10,0
CUST-11636,Flux Solutions,2026-04-01,Basic,Monthly,39.09,3,5,133,-0.227,22.7,8,3.9,0,7,0
CUST-11637,Aero Stack,2022-07-03,Basic,Annual,49.12,48,2,35,-0.24,50.9,3,18.8,0,2,1
CUST-11638,Quantum Stack,2025-10-31,Enterprise,Annual,1283.76,8,40,1317,0.5,31.6,1,34.4,0,5,0
CUST-11639,Vertex Global,2026-05-02,Enterprise,Annual,1152.31,2,49,1216,-0.736,80.8,0,23.3,0,6,0
CUST-11640,Titan Labs,2025-04-01,Pro,Annual,248.06,15,6,117,0.123,46.2,1,8.1,0,9,0
CUST-11641,Hyper AI,2025-07-02,Pro,Monthly,210.68,12,12,410,0.066,95.3,4,8.4,0,8,0
CUST-11642,Pulse Dynamics,2024-10-31,Pro,Monthly,233.85,20,12,252,-0.304,26.5,2,35.4,0,8,1
CUST-11643,Vertex Solutions,2023-02-01,Pro,Monthly,177.39,41,23,470,-0.165,56.6,4,24.2,0,6,0
CUST-11644,Orion Stack,2022-08-03,Basic,Monthly,44.26,47,3,29,-0.264,60.2,3,4.0,0,2,0
CUST-11645,Orion Analytics,2025-05-02,Pro,Annual,117.24,14,4,123,-0.369,100.0,0,48.6,0,5,0
CUST-11646,Aero Stack,2025-04-01,Basic,Monthly,57.72,15,4,115,-0.649,71.0,3,10.8,0,8,0
CUST-11647,Vanguard Labs,2026-01-30,Pro,Monthly,244.98,5,7,232,-0.179,100.0,3,1.1,0,6,0
CUST-11648,Sync Stack,2026-04-01,Pro,Annual,182.49,3,18,396,-0.164,29.3,6,7.4,0,7,0
CUST-11649,Strata Cloud,2024-04-02,Pro,Annual,191.42,27,11,148,-0.187,56.8,7,39.9,0,8,0
CUST-11650,Pulse Solutions,2026-04-01,Basic,Annual,43.46,3,1,13,-0.26,61.6,2,4.8,0,4,0
CUST-11651,Flux AI,2023-09-02,Basic,Monthly,51.81,34,1,25,0.233,67.7,2,4.2,2,7,1
CUST-11652,Cyber Systems,2024-10-31,Basic,Annual,57.27,20,1,39,0.281,61.1,6,25.4,0,9,0
CUST-11653,Zentis Digital,2025-12-01,Basic,Monthly,36.19,7,6,151,0.013,41.9,4,1.3,0,5,0
CUST-11654,Aero Tech,2024-10-31,Basic,Monthly,52.01,20,5,75,0.007,61.9,4,200.6,0,4,1
CUST-11655,Orion Networks,2025-12-31,Enterprise,Annual,957.54,6,47,1841,0.319,77.8,3,40.5,0,6,0
CUST-11656,Pulse Flow,2025-03-02,Pro,Monthly,202.38,16,12,293,-0.514,44.3,7,5.2,1,3,1
CUST-11657,Vertex Tech,2023-02-01,Basic,Monthly,52.37,41,1,29,-0.416,37.1,0,6.2,0,4,0
CUST-11658,Sync Systems,2025-01-31,Basic,Monthly,47.62,17,1,17,-0.17,92.2,2,7.9,0,5,0
CUST-11659,Aero Flow,2026-01-30,Basic,Monthly,48.24,5,2,39,-0.098,77.1,0,10.0,1,6,0
CUST-11660,Quantum Flow,2023-10-02,Pro,Monthly,192.62,33,18,456,-0.191,54.3,3,27.7,0,6,0
CUST-11661,Aero Solutions,2025-12-01,Pro,Annual,227.96,7,16,424,-0.162,47.7,2,1.0,0,9,0
CUST-11662,Titan Tech,2023-09-02,Enterprise,Annual,1061.75,34,21,616,0.02,42.9,2,18.8,0,10,0
CUST-11663,Vertex Labs,2025-01-31,Basic,Annual,50.62,17,4,71,0.131,43.6,2,7.1,0,6,0
CUST-11664,Omni Cloud,2025-03-02,Enterprise,Multi-Year,808.55,16,48,1007,0.07,70.1,3,12.9,3,3,1
CUST-11665,Titan Stack,2022-07-03,Enterprise,Annual,942.27,48,23,635,0.115,37.0,5,13.8,0,9,0
CUST-11666,Sync Tech,2023-11-02,Basic,Monthly,55.61,32,2,38,-0.186,100.0,5,4.9,1,10,0
CUST-11667,Quantum Tech,2026-05-02,Enterprise,Annual,1004.65,2,55,1220,-0.275,62.0,4,8.9,1,3,0
CUST-11668,Cloud AI,2025-08-31,Basic,Annual,53.85,10,3,47,-0.385,100.0,3,25.4,0,5,0
CUST-11669,Strata Global,2022-07-03,Pro,Annual,251.73,48,12,302,0.386,66.2,4,42.2,1,3,0
CUST-11670,Flux Global,2026-05-02,Basic,Monthly,56.63,2,4,126,0.066,38.0,2,16.2,1,2,0
CUST-11671,Cyber Tech,2024-10-01,Enterprise,Annual,1012.96,21,44,1271,0.099,43.0,2,48.7,0,5,0
CUST-11672,Apex Tech,2023-10-02,Enterprise,Annual,922.43,33,63,822,-0.423,89.7,2,43.3,0,5,0
CUST-11673,Titan Global,2024-06-01,Pro,Annual,122.78,25,12,258,0.118,75.4,7,14.0,0,7,0
CUST-11674,Vertex Analytics,2023-06-03,Pro,Annual,193.97,37,19,335,-0.537,39.2,4,21.2,0,3,1
CUST-11675,Orion Stack,2023-10-02,Basic,Annual,46.6,33,2,71,-0.141,54.1,6,95.5,0,9,1
CUST-11676,Vanguard Dynamics,2024-01-01,Basic,Monthly,51.87,30,3,85,0.177,9.9,2,17.3,0,4,1
CUST-11677,Aero Labs,2022-11-02,Basic,Monthly,47.87,44,2,59,0.029,20.2,1,8.0,0,10,0
CUST-11678,Omni AI,2024-04-02,Basic,Annual,46.65,27,1,18,-0.331,40.8,4,36.5,0,6,0
CUST-11679,Aero Stack,2025-05-02,Pro,Monthly,145.88,14,10,291,0.185,17.2,4,1.0,0,6,0
CUST-11680,Vertex Flow,2025-01-31,Basic,Annual,42.09,17,1,27,0.454,56.1,3,50.1,0,9,0
CUST-11681,Flux Software,2023-11-02,Enterprise,Annual,1070.43,32,37,1132,0.109,31.5,2,37.7,0,10,0
CUST-11682,Pulse Analytics,2022-07-03,Pro,Monthly,250.22,48,11,468,0.4,63.1,2,40.3,1,5,0
CUST-11683,Nova Systems,2025-10-01,Pro,Annual,196.09,9,8,209,-0.118,48.8,3,3.2,0,5,0
CUST-11684,Aero Systems,2025-07-02,Basic,Annual,51.41,12,2,54,0.197,43.4,1,6.5,2,5,1
CUST-11685,Quantum Networks,2022-07-03,Enterprise,Multi-Year,1141.73,48,51,1466,0.214,58.0,3,3.8,0,3,0
CUST-11686,Omni Networks,2024-08-01,Enterprise,Annual,877.49,23,52,1069,-0.225,26.2,3,1.5,0,2,1
CUST-11687,Aura Systems,2025-12-31,Basic,Monthly,51.7,6,2,42,0.002,52.2,3,1.0,1,5,0
CUST-11688,Vertex Systems,2024-03-02,Pro,Annual,176.9,28,12,341,-0.15,64.4,3,1.0,0,1,1
CUST-11689,Cyber Networks,2022-07-03,Pro,Annual,224.82,48,10,387,0.054,93.8,1,40.2,0,5,0
CUST-11690,Cyber Networks,2022-11-02,Basic,Monthly,50.11,44,3,69,-0.434,85.5,5,35.4,0,3,1
CUST-11691,Aura Stack,2023-08-02,Pro,Monthly,207.91,35,11,122,0.053,100.0,1,5.3,0,5,0
CUST-11692,Vertex Solutions,2025-12-01,Basic,Annual,43.25,7,4,108,0.178,48.9,2,23.0,1,9,0
CUST-11693,Sync HQ,2022-07-03,Basic,Monthly,54.2,48,1,32,-0.255,13.9,1,44.2,2,5,1
CUST-11694,Aura Analytics,2024-10-31,Basic,Annual,64.32,20,1,23,-0.241,100.0,1,48.5,1,6,0
CUST-11695,Orion HQ,2022-07-03,Basic,Monthly,41.59,48,4,111,0.344,83.2,7,32.1,2,5,0
CUST-11696,Strata Tech,2025-08-01,Basic,Monthly,46.5,11,4,75,-0.042,58.5,6,2.9,1,6,0
CUST-11697,Quantum Networks,2026-04-01,Basic,Annual,50.7,3,3,104,-0.251,44.9,1,7.4,0,10,0
CUST-11698,Apex AI,2025-01-31,Enterprise,Annual,1116.84,17,47,1547,-0.097,27.4,1,15.1,0,8,0
CUST-11699,Vanguard Dynamics,2025-10-01,Pro,Annual,182.3,9,16,608,0.102,80.5,5,1.7,0,3,0
CUST-11700,Orion AI,2023-11-02,Enterprise,Multi-Year,574.47,32,37,1153,-0.618,5.0,3,12.1,0,7,0
CUST-11701,Vanguard Cloud,2022-07-03,Basic,Monthly,58.99,48,2,62,-0.347,48.6,1,4.9,0,8,1
CUST-11702,Vanguard AI,2024-01-01,Basic,Monthly,54.59,30,3,83,-0.016,46.4,1,31.4,0,3,1
CUST-11703,Orion Systems,2022-07-03,Pro,Monthly,146.97,48,19,471,-0.13,81.0,5,26.4,0,1,1
CUST-11704,Omni Solutions,2025-03-02,Basic,Monthly,44.53,16,5,63,0.205,99.5,4,26.3,0,4,0
CUST-11705,Orion Flow,2023-05-03,Basic,Monthly,60.53,38,2,38,0.165,74.7,5,3.1,0,8,0
CUST-11706,Data Cloud,2022-08-03,Pro,Monthly,242.22,47,8,229,-0.097,64.8,3,39.1,0,5,0
CUST-11707,Vanguard Systems,2023-11-02,Basic,Monthly,55.9,32,4,144,0.179,31.6,7,6.7,3,9,0
CUST-11708,Aero Solutions,2024-12-01,Pro,Monthly,193.74,19,10,251,-0.164,14.3,4,17.6,0,4,0
CUST-11709,Omni Flow,2024-05-02,Pro,Monthly,201.48,26,10,432,-0.216,70.0,1,6.3,0,10,0
CUST-11710,Aura Analytics,2023-12-02,Basic,Monthly,48.04,31,5,96,-0.325,50.2,3,2.7,2,8,0
CUST-11711,Pulse Solutions,2025-10-01,Basic,Monthly,57.29,9,2,44,0.204,56.1,1,11.1,0,10,0
CUST-11712,Aero Networks,2023-01-02,Pro,Monthly,172.86,42,12,160,-0.053,72.4,2,23.6,1,9,0
CUST-11713,Aero Solutions,2022-07-03,Basic,Monthly,43.08,48,1,21,-0.043,88.6,1,6.0,0,4,0
CUST-11714,Hyper Software,2025-01-31,Basic,Monthly,56.43,17,4,77,0.025,55.8,10,63.4,0,5,0
CUST-11715,Zentis HQ,2023-12-02,Enterprise,Annual,992.35,31,54,1666,0.116,76.5,2,3.5,0,7,0
CUST-11716,Zentis Global,2023-09-02,Basic,Monthly,59.13,34,1,26,-0.288,33.1,2,31.4,0,4,1
CUST-11717,Cloud Digital,2024-03-02,Pro,Annual,178.96,28,13,341,0.386,85.6,0,26.8,0,5,0
CUST-11718,Flux Labs,2024-10-01,Enterprise,Annual,990.79,21,40,902,-0.149,71.3,2,14.2,0,6,0
CUST-11719,Strata Flow,2022-07-03,Basic,Monthly,42.22,48,3,87,-0.148,43.7,2,32.4,0,2,0
CUST-11720,Data Cloud,2025-03-02,Basic,Annual,49.05,16,3,74,-0.249,100.0,4,95.4,0,3,0
CUST-11721,Omni Dynamics,2026-04-01,Basic,Annual,38.13,3,4,86,0.358,49.8,2,47.2,0,6,0
CUST-11722,Vertex Dynamics,2022-08-03,Basic,Monthly,45.42,47,4,59,0.049,87.1,1,43.2,0,7,0
CUST-11723,Cyber Digital,2024-02-01,Basic,Monthly,38.44,29,4,92,0.273,73.1,0,65.4,1,9,0
CUST-11724,Aura Systems,2022-07-03,Pro,Monthly,219.71,48,6,124,-0.168,53.8,3,17.5,0,5,0
CUST-11725,Omni HQ,2026-01-30,Basic,Monthly,54.27,5,3,109,-0.117,73.8,0,7.6,0,6,0
CUST-11726,Sync Digital,2026-05-02,Pro,Annual,147.35,2,12,438,-0.199,44.2,3,15.1,0,3,0
CUST-11727,Quantum Flow,2022-07-03,Enterprise,Annual,1198.88,48,82,2331,-0.009,71.6,2,38.0,0,5,0
CUST-11728,Cyber Stack,2026-01-30,Pro,Annual,273.55,5,10,124,-0.419,66.3,6,31.3,0,7,0
CUST-11729,Aero Tech,2023-01-02,Pro,Monthly,200.37,42,14,220,0.038,55.2,2,47.6,1,8,0
CUST-11730,Strata Analytics,2022-11-02,Basic,Annual,44.29,44,3,95,0.162,58.6,2,22.3,1,9,0
CUST-11731,Aura Analytics,2023-11-02,Pro,Annual,283.31,32,9,192,-0.005,61.1,5,2.0,0,6,0
CUST-11732,Aero Global,2026-01-30,Pro,Monthly,159.63,5,13,475,0.408,90.3,2,20.3,0,4,0
CUST-11733,Nova Software,2024-03-02,Basic,Monthly,49.15,28,4,52,-0.526,51.3,3,24.4,0,10,0
CUST-11734,Cyber Global,2022-07-03,Basic,Monthly,50.32,48,6,144,-0.204,35.9,2,12.9,0,1,1
CUST-11735,Nexus Stack,2025-04-01,Enterprise,Annual,1200.57,15,45,925,-0.253,74.1,5,1.1,2,4,0
CUST-11736,Titan Flow,2025-04-01,Basic,Annual,51.64,15,3,51,0.271,61.1,4,14.7,1,4,0
CUST-11737,Flux Analytics,2025-03-02,Basic,Monthly,45.34,16,2,42,-0.46,47.4,2,47.1,0,3,0
CUST-11738,Vertex Tech,2026-03-02,Basic,Monthly,42.01,4,5,184,0.252,51.7,1,1.8,0,7,0
CUST-11739,Pulse Digital,2022-07-03,Basic,Monthly,46.49,48,2,29,0.327,97.6,2,84.9,0,4,0
CUST-11740,Titan Systems,2022-07-03,Pro,Monthly,168.94,48,19,299,-0.108,43.5,3,2.9,0,9,0
CUST-11741,Orion Labs,2022-07-03,Pro,Annual,200.43,48,11,280,0.236,62.9,1,7.9,0,7,0
CUST-11742,Zentis Digital,2024-08-01,Pro,Monthly,182.16,23,17,653,-0.429,68.7,4,11.0,0,7,0
CUST-11743,Aero Stack,2023-07-03,Basic,Monthly,38.02,36,3,31,-0.249,35.1,3,8.8,0,8,1
CUST-11744,Vanguard Stack,2025-12-01,Basic,Monthly,58.23,7,6,132,-0.113,95.3,2,6.8,0,5,1
CUST-11745,Cyber Tech,2024-03-02,Basic,Monthly,45.34,28,1,19,-0.109,59.4,2,57.3,0,5,0
CUST-11746,Apex Tech,2024-04-02,Basic,Annual,39.68,27,1,29,-0.142,24.9,7,12.8,1,9,1
CUST-11747,Sync HQ,2022-07-03,Basic,Monthly,47.76,48,2,50,-0.036,51.9,0,89.4,0,5,0
CUST-11748,Nova Flow,2022-10-02,Pro,Monthly,201.04,45,6,104,-0.141,41.7,7,46.6,0,2,1
CUST-11749,Nova Global,2022-07-03,Basic,Annual,36.16,48,1,31,0.387,64.9,1,11.8,0,6,0
CUST-11750,Zentis Flow,2022-07-03,Pro,Monthly,208.9,48,12,187,0.142,11.8,1,8.3,0,9,0
CUST-11751,Zentis HQ,2022-07-03,Basic,Monthly,41.3,48,2,33,0.183,65.5,2,7.5,3,7,0
CUST-11752,Strata Solutions,2026-04-01,Basic,Annual,61.58,3,2,50,-0.236,53.0,5,60.0,0,6,1
CUST-11753,Aero Cloud,2022-08-03,Basic,Monthly,52.85,47,1,10,0.243,75.1,4,7.6,2,7,1
CUST-11754,Zentis Flow,2024-07-02,Enterprise,Multi-Year,939.07,24,53,1646,-0.089,69.6,2,1.1,0,4,0
CUST-11755,Nova Systems,2025-06-01,Pro,Annual,176.76,13,8,251,0.197,63.5,3,30.6,0,8,0
CUST-11756,Titan Labs,2026-04-01,Enterprise,Multi-Year,983.27,3,62,1981,0.066,74.0,2,18.3,0,3,0
CUST-11757,Aura Tech,2024-02-01,Basic,Annual,53.5,29,1,27,0.071,100.0,5,94.3,0,7,0
CUST-11758,Omni AI,2025-08-01,Basic,Monthly,48.81,11,2,46,0.446,39.6,5,67.0,0,8,0
CUST-11759,Vertex Tech,2025-01-31,Pro,Monthly,192.52,17,4,99,-0.52,59.2,3,19.4,1,5,1
CUST-11760,Quantum Solutions,2024-01-01,Basic,Monthly,49.43,30,3,67,0.215,24.9,3,39.7,0,10,0
CUST-11761,Omni Solutions,2022-07-03,Pro,Annual,180.97,48,16,475,-0.054,96.5,2,49.4,0,9,0
CUST-11762,Strata Stack,2022-11-02,Basic,Monthly,46.48,44,4,145,-0.199,45.3,2,7.5,1,8,1
CUST-11763,Data Global,2025-03-02,Basic,Monthly,33.67,16,1,15,-0.147,78.2,2,13.1,0,3,0
CUST-11764,Aura Solutions,2025-05-02,Basic,Monthly,56.16,14,1,20,0.45,51.7,3,1.8,0,4,0
CUST-11765,Aura Tech,2025-10-31,Basic,Annual,51.2,8,2,37,-0.28,44.2,2,4.1,0,5,0
CUST-11766,Strata Flow,2025-06-01,Pro,Annual,175.91,13,16,383,-0.061,44.8,4,9.9,0,5,0
CUST-11767,Strata Solutions,2026-03-02,Basic,Monthly,62.96,4,1,22,0.363,100.0,3,21.7,0,9,0
CUST-11768,Vertex Networks,2022-07-03,Basic,Monthly,49.64,48,2,46,-0.264,54.6,1,2.0,0,10,1
CUST-11769,Nexus Stack,2024-09-01,Basic,Monthly,41.38,22,3,103,0.256,100.0,2,8.8,0,4,0
CUST-11770,Hyper Labs,2026-01-30,Basic,Monthly,55.3,5,3,52,-0.65,70.2,4,80.8,1,2,1
CUST-11771,Vanguard Digital,2025-07-02,Pro,Monthly,210.88,12,11,321,-0.244,64.2,3,9.5,0,5,0
CUST-11772,Hyper Digital,2024-10-01,Enterprise,Multi-Year,1058.13,21,46,1571,-0.448,99.2,3,27.5,0,7,0
CUST-11773,Cloud Software,2024-10-31,Enterprise,Multi-Year,935.2,20,40,1013,-0.271,16.2,5,16.7,2,6,0
CUST-11774,Pulse Global,2026-05-02,Pro,Monthly,212.45,2,11,401,-0.556,60.9,2,13.3,0,7,0
CUST-11775,Cloud Global,2022-07-03,Basic,Monthly,47.08,48,6,127,0.189,93.1,2,11.7,2,2,1
CUST-11776,Cloud Solutions,2025-10-01,Pro,Monthly,215.59,9,7,187,0.366,58.3,3,2.6,0,8,0
CUST-11777,Flux AI,2026-05-02,Basic,Monthly,35.0,2,1,26,0.304,99.7,3,7.2,1,4,0
CUST-11778,Strata HQ,2026-04-01,Basic,Monthly,45.81,3,1,24,-0.056,62.9,6,4.8,0,9,0
CUST-11779,Aero Digital,2024-08-01,Pro,Monthly,250.41,23,8,216,-0.217,8.1,2,12.3,0,7,1
CUST-11780,Cloud Systems,2026-01-30,Basic,Monthly,43.36,5,5,147,0.163,72.9,4,18.4,3,5,0
CUST-11781,Cyber AI,2026-04-01,Enterprise,Multi-Year,908.51,3,23,517,-0.141,66.3,2,56.0,0,8,0
CUST-11782,Apex Flow,2025-06-01,Basic,Monthly,45.71,13,2,44,-0.361,47.8,4,13.2,0,6,0
CUST-11783,Orion Software,2024-06-01,Pro,Annual,162.74,25,9,77,0.21,100.0,1,3.3,0,5,0
CUST-11784,Data Cloud,2026-03-02,Pro,Monthly,133.08,4,10,321,-0.044,87.9,3,8.3,0,3,1
CUST-11785,Zentis AI,2025-08-01,Enterprise,Multi-Year,964.45,11,26,376,0.064,51.9,4,5.1,0,9,0
CUST-11786,Aero Labs,2025-04-01,Pro,Annual,203.06,15,10,240,0.132,26.4,7,30.6,0,4,0
CUST-11787,Data HQ,2025-12-31,Pro,Monthly,197.43,6,17,498,-0.29,33.6,2,75.8,0,9,0
CUST-11788,Sync Stack,2024-12-01,Basic,Monthly,47.94,19,1,15,-0.442,65.8,2,3.1,0,4,1
CUST-11789,Vertex Analytics,2026-03-02,Pro,Annual,200.28,4,16,474,-0.275,55.0,3,4.4,0,4,0
CUST-11790,Hyper Stack,2026-04-01,Basic,Monthly,56.52,3,1,9,0.077,52.1,4,9.7,0,5,0
CUST-11791,Flux Systems,2024-12-01,Pro,Monthly,193.32,19,11,305,-0.164,70.3,3,16.5,0,7,0
CUST-11792,Titan Solutions,2025-10-31,Pro,Annual,181.86,8,17,470,0.005,62.4,2,1.0,0,6,0
CUST-11793,Data Cloud,2026-03-02,Pro,Annual,190.61,4,9,226,-0.227,61.4,3,53.1,0,3,0
CUST-11794,Hyper Networks,2025-04-01,Basic,Monthly,53.26,15,3,104,-0.25,54.5,3,15.1,0,1,1
CUST-11795,Aura Global,2022-07-03,Basic,Monthly,59.38,48,2,45,0.077,32.8,2,23.4,1,4,1
CUST-11796,Vanguard Analytics,2023-10-02,Pro,Annual,180.25,33,15,396,-0.317,46.5,2,2.2,1,7,0
CUST-11797,Aero Analytics,2022-12-02,Basic,Monthly,49.73,43,2,24,-0.075,78.3,4,6.8,0,8,0
CUST-11798,Aero Analytics,2022-07-03,Basic,Monthly,51.49,48,5,170,-0.255,45.8,5,21.8,0,2,0
CUST-11799,Hyper Solutions,2022-07-03,Basic,Monthly,41.7,48,1,27,-0.426,49.0,4,1.0,0,6,0
CUST-11800,Titan Dynamics,2023-06-03,Enterprise,Annual,1002.06,37,47,1570,0.247,68.6,0,66.6,0,6,0
CUST-11801,Strata Analytics,2024-07-02,Pro,Annual,155.25,24,10,135,-0.306,100.0,1,81.7,0,3,0
CUST-11802,Cloud Dynamics,2025-06-01,Basic,Monthly,36.0,13,2,55,0.24,87.9,2,44.0,0,6,0
CUST-11803,Omni Software,2025-12-31,Basic,Monthly,51.7,6,1,20,-0.299,27.5,4,38.1,2,4,1
CUST-11804,Orion Analytics,2024-01-01,Basic,Monthly,46.18,30,4,80,-0.415,85.9,3,27.5,0,7,0
CUST-11805,Vertex Digital,2022-07-03,Pro,Annual,205.04,48,25,543,-0.435,37.9,2,46.7,0,6,0
CUST-11806,Quantum Solutions,2025-01-31,Pro,Annual,198.47,17,12,213,-0.359,73.8,2,25.5,0,2,0
CUST-11807,Hyper HQ,2023-10-02,Basic,Monthly,41.82,33,1,21,0.209,61.1,2,50.0,2,3,0
CUST-11808,Omni Tech,2024-12-31,Basic,Monthly,48.67,18,1,22,-0.399,93.2,2,26.4,1,2,1
CUST-11809,Cloud Solutions,2025-04-01,Basic,Monthly,39.94,15,2,30,-0.435,71.8,1,30.3,0,5,0
CUST-11810,Quantum Global,2025-05-02,Pro,Annual,240.52,14,13,382,0.5,56.0,4,31.9,2,5,0
CUST-11811,Aero AI,2024-12-01,Pro,Monthly,158.52,19,16,276,-0.248,63.8,5,38.5,0,6,0
CUST-11812,Orion Systems,2025-06-01,Basic,Monthly,47.56,13,3,96,-0.301,56.7,4,71.1,0,3,1
CUST-11813,Zentis AI,2023-08-02,Basic,Annual,41.34,35,1,10,-0.125,83.3,6,1.0,0,5,0
CUST-11814,Cyber Systems,2022-07-03,Basic,Annual,53.19,48,2,52,0.032,49.3,3,3.9,0,9,0
CUST-11815,Aura Digital,2022-07-03,Enterprise,Annual,949.34,48,46,1132,-0.317,79.7,1,13.6,0,3,0
CUST-11816,Flux Flow,2025-10-31,Basic,Annual,45.19,8,3,80,-0.041,56.2,2,29.6,0,5,0
CUST-11817,Cloud Global,2022-07-03,Pro,Monthly,224.47,48,10,412,0.048,66.9,4,18.4,0,8,0
CUST-11818,Cloud Cloud,2025-07-02,Pro,Annual,199.88,12,10,259,-0.254,69.5,0,16.1,0,6,0
CUST-11819,Omni Systems,2025-08-01,Basic,Monthly,52.8,11,2,37,-0.066,39.5,6,1.1,0,8,0
CUST-11820,Cloud Solutions,2023-10-02,Basic,Monthly,41.79,33,4,90,-0.373,21.3,4,40.5,0,7,1
CUST-11821,Strata Analytics,2025-08-31,Basic,Monthly,38.67,10,5,80,-0.116,46.9,1,1.0,0,7,0
CUST-11822,Nexus Dynamics,2026-04-01,Pro,Monthly,202.2,3,9,182,-0.083,15.5,3,38.1,0,5,0
CUST-11823,Titan Labs,2025-06-01,Pro,Annual,189.48,13,14,260,0.359,78.7,3,56.7,1,3,0
CUST-11824,Aura Systems,2023-10-02,Pro,Annual,217.7,33,17,334,0.234,40.0,2,74.0,1,5,0
CUST-11825,Data Dynamics,2025-08-01,Pro,Annual,196.61,11,15,430,-0.556,75.2,3,26.4,1,3,0
CUST-11826,Aero Global,2024-05-02,Basic,Monthly,50.51,26,3,91,0.286,32.7,7,43.2,0,7,0
CUST-11827,Nova Digital,2024-03-02,Enterprise,Multi-Year,755.74,28,39,385,-0.145,32.9,5,14.2,2,2,1
CUST-11828,Aura AI,2023-09-02,Pro,Monthly,255.37,34,9,183,0.136,59.4,4,3.7,0,6,0
CUST-11829,Aura AI,2022-07-03,Basic,Monthly,47.79,48,2,52,-0.506,39.6,2,6.5,0,2,1
CUST-11830,Strata Cloud,2025-04-01,Enterprise,Annual,1103.53,15,56,1603,0.247,61.1,2,24.5,3,3,0
CUST-11831,Cloud Tech,2025-12-31,Pro,Monthly,174.04,6,9,195,0.017,59.2,3,16.8,0,5,0
CUST-11832,Zentis Labs,2025-08-01,Pro,Monthly,208.19,11,14,405,-0.135,80.1,4,17.6,1,2,0
CUST-11833,Pulse Networks,2025-04-01,Pro,Monthly,160.11,15,4,85,-0.103,55.3,4,51.7,0,10,1
CUST-11834,Nexus Networks,2023-11-02,Pro,Monthly,212.49,32,13,461,-0.218,52.1,4,68.1,0,9,0
CUST-11835,Pulse Global,2026-05-02,Pro,Monthly,188.37,2,13,350,-0.328,43.6,2,1.8,1,8,0
CUST-11836,Omni Systems,2025-08-01,Basic,Annual,49.21,11,1,38,-0.149,66.3,1,10.6,3,7,0
CUST-11837,Strata Analytics,2023-04-03,Basic,Monthly,54.13,39,2,48,0.146,48.6,4,11.4,2,3,0
CUST-11838,Aura Global,2024-02-01,Enterprise,Annual,814.3,29,33,463,-0.101,55.3,1,1.0,0,7,0
CUST-11839,Nova Tech,2023-09-02,Basic,Monthly,43.97,34,4,102,-0.129,41.9,4,1.0,0,4,0
CUST-11840,Zentis Tech,2023-01-02,Basic,Monthly,52.36,42,2,46,-0.476,66.0,1,31.6,0,4,0
CUST-11841,Sync Stack,2023-04-03,Basic,Monthly,64.42,39,2,15,0.111,59.1,3,30.4,0,5,0
CUST-11842,Flux Dynamics,2024-01-01,Basic,Monthly,47.99,30,3,97,0.05,50.1,3,14.9,0,6,0
CUST-11843,Titan Global,2025-03-02,Pro,Monthly,216.65,16,13,198,0.29,37.4,0,7.4,0,3,0
CUST-11844,Nexus Stack,2022-07-03,Enterprise,Annual,982.97,48,15,100,-0.076,95.0,3,88.7,0,5,0
CUST-11845,Strata Global,2024-09-01,Basic,Monthly,63.28,22,1,29,-0.627,68.4,3,1.0,0,4,0
CUST-11846,Data AI,2025-12-01,Basic,Monthly,36.16,7,2,84,-0.116,56.2,6,6.4,3,9,1
CUST-11847,Hyper Flow,2025-08-31,Basic,Monthly,49.7,10,1,14,0.016,59.3,3,19.6,0,3,0
CUST-11848,Pulse Networks,2024-01-01,Enterprise,Annual,755.41,30,40,677,0.486,79.5,2,5.5,0,9,0
CUST-11849,Nexus Cloud,2022-07-03,Pro,Monthly,124.18,48,10,171,0.169,97.8,1,29.7,0,7,0
CUST-11850,Sync Solutions,2025-12-31,Basic,Monthly,51.19,6,2,33,-0.024,45.6,4,30.4,0,8,0
CUST-11851,Vertex Cloud,2026-03-02,Pro,Annual,203.16,4,14,384,-0.341,51.1,1,2.6,0,8,0
CUST-11852,Hyper Stack,2022-07-03,Enterprise,Annual,956.32,48,26,407,0.006,42.6,8,1.9,0,7,0
CUST-11853,Pulse HQ,2022-07-03,Pro,Annual,195.83,48,11,223,0.317,53.1,4,1.0,0,5,0
CUST-11854,Zentis Flow,2025-10-01,Enterprise,Multi-Year,1463.28,9,37,1041,-0.662,100.0,3,25.7,0,7,0
CUST-11855,Titan Dynamics,2025-06-01,Basic,Monthly,47.1,13,3,58,0.368,76.6,4,61.1,0,8,0
CUST-11856,Orion Digital,2024-03-02,Pro,Monthly,214.23,28,7,65,-0.343,51.1,1,13.5,0,6,0
CUST-11857,Cyber Systems,2025-08-01,Basic,Monthly,44.23,11,2,42,-0.209,61.2,1,13.2,0,4,0
CUST-11858,Orion Systems,2022-07-03,Pro,Monthly,207.81,48,4,74,0.014,69.1,6,17.4,0,4,0
CUST-11859,Data Dynamics,2026-03-02,Pro,Monthly,191.89,4,9,202,-0.058,59.4,4,9.6,2,6,0
CUST-11860,Data Stack,2026-05-02,Pro,Monthly,186.75,2,14,510,-0.663,86.5,2,77.0,0,5,0
CUST-11861,Nexus Analytics,2025-12-01,Pro,Monthly,253.29,7,11,75,0.176,18.7,1,11.0,0,2,0
CUST-11862,Titan Global,2025-08-31,Basic,Monthly,57.65,10,4,92,0.041,32.8,0,8.4,0,7,0
CUST-11863,Sync Analytics,2026-03-02,Pro,Annual,203.08,4,8,107,0.11,65.9,2,9.6,0,5,1
CUST-11864,Flux Systems,2026-04-01,Enterprise,Annual,653.71,3,54,605,0.177,82.2,0,140.2,2,7,0
CUST-11865,Vanguard Flow,2023-07-03,Enterprise,Multi-Year,944.9,36,29,867,-0.181,37.7,0,7.6,0,8,0
CUST-11866,Omni Networks,2025-12-31,Basic,Annual,68.87,6,3,48,-0.141,96.6,2,27.5,0,4,0
CUST-11867,Zentis Networks,2022-07-03,Basic,Annual,47.3,48,2,68,0.028,37.7,1,14.0,0,6,0
CUST-11868,Nova Software,2025-06-01,Basic,Annual,57.11,13,3,75,0.446,76.4,2,14.9,0,4,0
CUST-11869,Hyper Systems,2024-02-01,Pro,Monthly,242.04,29,21,380,-0.296,47.9,3,1.3,1,7,0
CUST-11870,Cyber Software,2025-10-31,Pro,Monthly,205.54,8,10,377,-0.02,69.8,4,52.6,0,8,0
CUST-11871,Nexus Networks,2025-10-31,Basic,Monthly,42.81,8,3,83,0.349,69.0,5,13.2,0,6,0
CUST-11872,Quantum Flow,2024-09-01,Pro,Annual,126.31,22,19,456,-0.076,51.2,4,26.0,0,3,0
CUST-11873,Quantum HQ,2024-09-01,Pro,Annual,219.42,22,9,189,-0.269,27.9,4,1.1,0,0,1
CUST-11874,Quantum Flow,2023-06-03,Pro,Annual,174.68,37,17,651,0.0,69.3,1,8.4,0,5,0
CUST-11875,Vanguard Dynamics,2023-07-03,Pro,Annual,204.26,36,20,392,0.289,44.1,1,5.4,0,4,0
CUST-11876,Pulse Stack,2024-02-01,Pro,Monthly,161.69,29,9,328,-0.095,55.6,5,7.5,0,4,0
CUST-11877,Aero Cloud,2025-03-02,Pro,Monthly,191.08,16,12,220,-0.145,35.7,2,8.0,0,4,0
CUST-11878,Quantum Analytics,2022-07-03,Basic,Monthly,49.25,48,1,12,-0.348,55.6,2,7.4,0,9,0
CUST-11879,Sync Digital,2024-06-01,Pro,Annual,207.02,25,14,514,-0.33,35.4,2,23.4,0,5,1
CUST-11880,Cyber AI,2022-07-03,Pro,Annual,165.72,48,12,408,-0.607,65.5,5,43.2,0,10,1
CUST-11881,Strata Tech,2022-12-02,Enterprise,Multi-Year,1178.36,43,35,473,0.148,100.0,4,58.4,0,9,0
CUST-11882,Vertex AI,2026-04-01,Pro,Annual,181.18,3,8,233,-0.117,42.0,4,44.2,0,0,1
CUST-11883,Nova Flow,2025-08-01,Pro,Annual,149.02,11,13,281,-0.291,43.4,5,36.8,3,0,1
CUST-11884,Sync Flow,2024-09-01,Basic,Monthly,48.2,22,1,30,0.287,82.8,2,22.5,0,9,0
CUST-11885,Titan Cloud,2023-10-02,Basic,Annual,49.25,33,3,49,-0.098,56.5,5,6.9,0,5,0
CUST-11886,Aura Solutions,2024-10-01,Basic,Monthly,50.18,21,1,36,-0.03,72.3,4,20.0,0,6,0
CUST-11887,Zentis Labs,2023-04-03,Basic,Annual,59.01,39,1,18,-0.174,59.9,3,17.4,0,10,0
CUST-11888,Vertex Flow,2025-08-31,Pro,Annual,191.94,10,12,379,-0.166,37.9,1,47.5,0,5,0
CUST-11889,Strata Digital,2025-12-31,Enterprise,Annual,981.07,6,73,1392,-0.375,77.8,0,16.3,0,9,0
CUST-11890,Titan Dynamics,2026-04-01,Basic,Monthly,40.89,3,1,15,-0.461,95.5,2,19.4,3,7,1
CUST-11891,Vertex Stack,2024-09-01,Basic,Annual,55.03,22,1,35,-0.207,86.1,2,14.7,1,10,0
CUST-11892,Flux AI,2024-01-01,Pro,Monthly,204.5,30,10,178,-0.059,73.7,4,35.7,1,9,0
CUST-11893,Data AI,2025-08-01,Basic,Monthly,45.91,11,5,99,-0.042,55.7,3,10.6,0,4,0
CUST-11894,Data Cloud,2024-06-01,Pro,Monthly,142.15,25,10,119,-0.09,34.8,7,43.3,0,8,0
CUST-11895,Sync Solutions,2026-04-01,Pro,Annual,242.12,3,19,442,-0.495,67.5,3,10.5,0,6,0
CUST-11896,Omni Solutions,2026-03-02,Pro,Annual,162.35,4,12,248,0.161,16.3,0,8.5,1,10,0
CUST-11897,Flux Analytics,2023-12-02,Basic,Monthly,44.65,31,3,91,0.044,75.1,2,15.0,0,6,1
CUST-11898,Quantum Analytics,2025-06-01,Basic,Monthly,51.63,13,2,70,-0.249,54.1,0,12.7,0,10,0
CUST-11899,Aura Stack,2024-02-01,Pro,Annual,163.28,29,13,311,-0.242,57.0,3,3.0,0,9,0
CUST-11900,Vanguard Software,2022-10-02,Pro,Annual,154.42,45,9,278,0.239,81.0,0,18.5,2,7,0
CUST-11901,Nexus Labs,2022-07-03,Basic,Annual,33.39,48,2,47,-0.367,42.7,1,3.6,0,8,0
CUST-11902,Hyper Digital,2025-12-31,Pro,Monthly,220.52,6,13,351,-0.14,56.7,3,45.3,0,6,0
CUST-11903,Strata Labs,2024-12-31,Basic,Monthly,44.99,18,2,31,0.059,72.6,3,13.2,3,8,0
CUST-11904,Hyper Software,2023-09-02,Pro,Monthly,286.38,34,11,361,-0.321,56.2,5,20.9,0,5,1
CUST-11905,Cloud Cloud,2023-05-03,Basic,Monthly,41.69,38,3,42,0.252,33.2,4,3.5,0,8,0
CUST-11906,Strata Labs,2023-04-03,Enterprise,Annual,860.92,39,65,1952,0.049,39.0,1,16.7,0,7,0
CUST-11907,Cyber HQ,2025-10-31,Basic,Monthly,44.84,8,3,77,-0.397,40.3,5,69.5,0,6,1
CUST-11908,Quantum Software,2025-12-01,Basic,Monthly,50.79,7,3,87,0.334,75.3,4,1.2,0,2,0
CUST-11909,Omni Systems,2024-08-01,Basic,Monthly,45.54,23,4,83,-0.327,68.7,3,12.3,0,10,0
CUST-11910,Sync Tech,2023-08-02,Basic,Annual,53.5,35,2,10,0.309,32.8,4,12.3,1,7,0
CUST-11911,Titan Networks,2025-08-01,Enterprise,Annual,852.36,11,58,1325,-0.456,5.0,2,5.2,2,7,0
CUST-11912,Vertex Solutions,2026-03-02,Enterprise,Annual,791.97,4,49,1352,-0.551,31.7,3,21.2,2,6,1
CUST-11913,Cloud Labs,2023-11-02,Basic,Annual,35.78,32,2,79,-0.053,68.6,2,1.8,0,7,0
CUST-11914,Aero Digital,2025-08-31,Basic,Monthly,32.66,10,5,177,0.119,54.1,4,18.6,0,8,0
CUST-11915,Omni Flow,2025-12-31,Pro,Annual,183.54,6,14,379,-0.504,65.0,3,14.3,2,5,0
CUST-11916,Pulse AI,2026-01-30,Enterprise,Multi-Year,953.9,5,41,687,-0.156,80.0,3,13.4,0,9,0
CUST-11917,Vertex Flow,2025-08-01,Pro,Annual,180.15,11,20,689,0.28,41.3,3,5.4,1,4,0
CUST-11918,Hyper Labs,2024-07-02,Basic,Monthly,58.14,24,1,23,-0.023,27.8,4,24.3,1,4,0
CUST-11919,Data Cloud,2025-07-02,Basic,Monthly,58.03,12,2,56,-0.094,91.2,1,13.0,0,10,0
CUST-11920,Vertex Systems,2026-05-02,Pro,Monthly,189.01,2,15,294,-0.183,34.3,2,12.3,0,6,0
CUST-11921,Zentis HQ,2026-03-02,Basic,Monthly,35.81,4,3,83,-0.299,49.2,3,4.9,0,6,0
CUST-11922,Nova Digital,2025-08-31,Pro,Annual,182.08,10,4,48,-0.148,73.9,0,4.3,0,8,0
CUST-11923,Strata Labs,2024-03-02,Basic,Monthly,44.59,28,3,49,0.091,61.3,3,28.6,0,4,1
CUST-11924,Apex Flow,2026-03-02,Pro,Monthly,179.38,4,11,278,0.107,34.8,4,54.7,0,6,0
CUST-11925,Vanguard Dynamics,2024-09-01,Basic,Monthly,43.87,22,1,16,-0.561,53.2,6,5.5,0,9,0
CUST-11926,Hyper Dynamics,2026-01-30,Pro,Annual,179.49,5,18,564,0.038,29.9,4,1.0,1,3,0
CUST-11927,Cyber Flow,2025-12-01,Basic,Monthly,46.16,7,2,48,-0.332,64.8,3,15.0,0,3,0
CUST-11928,Quantum Cloud,2025-12-31,Pro,Annual,180.03,6,5,86,0.117,50.5,3,24.8,1,2,1
CUST-11929,Vertex HQ,2026-04-01,Basic,Monthly,50.53,3,1,1,-0.462,53.1,5,41.2,2,4,1
CUST-11930,Aero Tech,2024-02-01,Pro,Monthly,209.76,29,15,505,0.093,66.6,4,3.9,1,4,0
CUST-11931,Hyper Tech,2025-01-31,Pro,Monthly,171.82,17,9,229,-0.308,56.6,4,22.6,0,9,0
CUST-11932,Vanguard Solutions,2022-10-02,Pro,Monthly,236.94,45,4,97,-0.463,100.0,2,33.6,0,6,0
CUST-11933,Omni Systems,2026-03-02,Pro,Monthly,169.75,4,18,465,0.167,72.8,3,1.8,0,4,0
CUST-11934,Aero Stack,2026-01-30,Pro,Monthly,150.71,5,10,369,-0.563,33.2,3,36.2,0,4,1
CUST-11935,Quantum Digital,2025-08-31,Pro,Monthly,210.37,10,20,578,0.064,73.8,1,58.6,0,4,0
CUST-11936,Quantum Tech,2023-06-03,Basic,Monthly,42.99,37,2,42,0.152,58.7,2,9.0,0,1,0
CUST-11937,Nova Analytics,2025-08-31,Pro,Monthly,208.59,10,15,451,0.094,28.6,1,31.2,0,10,0
CUST-11938,Apex Analytics,2025-05-02,Basic,Monthly,31.33,14,3,81,-0.102,33.7,0,30.1,0,7,0
CUST-11939,Cloud Cloud,2025-08-31,Basic,Monthly,59.23,10,2,59,-0.328,62.2,4,4.7,0,8,0
CUST-11940,Titan Flow,2026-03-02,Basic,Monthly,53.94,4,6,133,-0.454,43.3,4,55.5,1,8,1
CUST-11941,Data Digital,2022-07-03,Basic,Monthly,37.97,48,3,59,-0.526,58.0,2,1.0,0,4,0
CUST-11942,Quantum Software,2024-10-01,Pro,Annual,154.86,21,14,256,-0.422,86.0,0,4.4,0,7,0
CUST-11943,Cyber Analytics,2023-04-03,Pro,Annual,248.92,39,13,367,-0.091,25.6,3,24.7,0,7,0
CUST-11944,Strata Dynamics,2024-03-02,Pro,Monthly,176.99,28,19,281,-0.319,9.2,2,26.8,0,6,0
CUST-11945,Data Tech,2024-12-01,Pro,Annual,174.1,19,5,111,0.27,45.0,5,13.5,0,9,0
CUST-11946,Hyper Systems,2026-03-02,Basic,Annual,32.34,4,5,173,-0.64,43.1,5,6.6,0,2,0
CUST-11947,Hyper Analytics,2024-04-02,Basic,Annual,46.42,27,1,16,-0.293,41.5,3,3.8,0,9,0
CUST-11948,Aero Solutions,2025-12-31,Basic,Monthly,47.33,6,2,39,0.024,57.2,1,26.7,0,6,1
CUST-11949,Cyber Solutions,2025-04-01,Basic,Monthly,54.26,15,3,82,-0.346,22.0,6,9.8,0,6,0
CUST-11950,Quantum HQ,2024-05-02,Basic,Monthly,38.72,26,5,146,0.072,62.4,3,1.0,0,8,0
CUST-11951,Sync Digital,2023-04-03,Basic,Monthly,37.83,39,2,41,0.114,57.4,1,5.9,0,6,0
CUST-11952,Vertex HQ,2024-01-01,Pro,Annual,212.46,30,14,126,0.218,48.4,2,6.0,0,9,0
CUST-11953,Flux Analytics,2024-02-01,Pro,Monthly,229.05,29,6,66,-0.047,49.1,2,25.0,3,7,1
CUST-11954,Orion Flow,2026-01-30,Enterprise,Annual,763.56,5,40,1061,-0.812,75.2,4,8.5,0,8,0
CUST-11955,Orion Networks,2025-07-02,Enterprise,Annual,1161.06,12,38,1219,-0.232,88.6,3,32.7,1,4,0
CUST-11956,Apex Dynamics,2026-04-01,Pro,Monthly,200.12,3,10,69,-0.392,35.5,3,3.7,0,10,0
CUST-11957,Omni HQ,2023-10-02,Basic,Annual,57.02,33,3,76,-0.253,59.3,2,32.4,0,4,0
CUST-11958,Nova Analytics,2022-07-03,Pro,Annual,196.9,48,16,419,-0.573,60.0,7,16.9,0,3,1
CUST-11959,Nova HQ,2025-10-01,Pro,Monthly,123.71,9,11,204,-0.262,42.1,3,2.4,1,5,0
CUST-11960,Aero Networks,2026-03-02,Basic,Monthly,47.88,4,3,78,-0.379,54.2,2,50.7,0,5,1
CUST-11961,Nexus Stack,2025-01-31,Basic,Monthly,56.79,17,2,36,0.174,77.2,1,1.0,1,6,0
CUST-11962,Pulse Cloud,2022-07-03,Pro,Annual,172.32,48,18,491,0.02,65.5,2,58.5,0,6,0
CUST-11963,Aero Tech,2024-10-01,Basic,Annual,46.15,21,2,53,-0.007,65.9,2,12.3,0,10,0
CUST-11964,Pulse Cloud,2026-04-01,Pro,Annual,193.74,3,8,158,-0.41,58.8,5,39.7,0,4,0
CUST-11965,Orion Tech,2022-07-03,Pro,Monthly,112.45,48,10,289,-0.213,50.8,0,6.8,0,10,0
CUST-11966,Nova Software,2022-10-02,Basic,Monthly,61.28,45,1,28,0.176,24.9,2,14.4,0,10,1
CUST-11967,Apex Solutions,2026-01-30,Basic,Monthly,42.37,5,3,86,-0.26,65.4,0,4.6,0,6,0
CUST-11968,Vanguard Systems,2022-07-03,Basic,Monthly,52.72,48,4,150,-0.1,68.9,4,21.3,0,4,0
CUST-11969,Aero Dynamics,2025-03-02,Basic,Monthly,48.36,16,1,20,-0.223,89.0,4,36.6,0,8,0
CUST-11970,Zentis AI,2025-06-01,Basic,Monthly,58.24,13,3,99,-0.094,61.5,6,33.5,0,9,0
CUST-11971,Titan Global,2025-01-31,Pro,Monthly,211.12,17,9,227,-0.133,75.2,4,6.2,1,10,0
CUST-11972,Cloud Stack,2022-09-02,Basic,Monthly,47.27,46,1,28,0.004,65.1,0,32.6,1,7,0
CUST-11973,Aura Stack,2024-03-02,Pro,Monthly,172.33,28,11,268,-0.334,100.0,3,15.1,0,7,0
CUST-11974,Vertex Labs,2026-04-01,Basic,Annual,54.86,3,6,201,-0.306,71.4,3,10.7,0,6,0
CUST-11975,Zentis Tech,2022-07-03,Enterprise,Multi-Year,718.26,48,29,438,-0.004,39.8,1,5.7,0,10,0
CUST-11976,Apex Networks,2026-01-30,Basic,Monthly,53.75,5,3,80,-0.178,66.0,4,1.5,0,7,0
CUST-11977,Data Labs,2023-08-02,Basic,Monthly,40.92,35,1,29,-0.152,84.8,3,4.5,0,8,0
CUST-11978,Nexus Stack,2024-05-02,Enterprise,Annual,1186.65,26,59,1772,-0.5,62.8,4,8.2,1,6,0
CUST-11979,Aero Global,2025-12-01,Pro,Monthly,203.81,7,15,137,-0.204,73.6,3,6.4,0,6,0
CUST-11980,Omni Digital,2025-12-31,Basic,Monthly,53.73,6,4,112,-0.385,63.0,1,2.0,0,8,0
CUST-11981,Nova Stack,2022-07-03,Pro,Annual,201.45,48,15,391,0.036,28.0,1,56.9,0,10,0
CUST-11982,Cyber AI,2025-04-01,Basic,Monthly,36.12,15,3,45,0.132,58.7,4,45.2,0,5,1
CUST-11983,Aero Tech,2024-03-02,Basic,Monthly,42.67,28,1,16,0.5,68.7,2,57.6,0,3,0
CUST-11984,Flux Global,2024-12-01,Basic,Monthly,53.94,19,4,60,-0.062,15.8,3,1.0,0,3,0
CUST-11985,Orion Systems,2023-10-02,Basic,Annual,50.22,33,3,63,0.273,40.4,1,28.7,0,10,0
CUST-11986,Sync Tech,2025-01-31,Pro,Annual,234.25,17,7,268,-0.42,55.4,4,34.8,0,6,0
CUST-11987,Omni Tech,2025-08-31,Basic,Monthly,51.96,10,2,58,-0.215,55.5,4,1.0,0,4,1
CUST-11988,Nova Software,2025-06-01,Basic,Monthly,41.89,13,4,103,-0.363,38.6,3,2.2,0,6,0
CUST-11989,Data Stack,2022-07-03,Pro,Monthly,175.24,48,15,299,0.144,69.7,2,78.3,0,2,0
CUST-11990,Quantum Global,2025-01-31,Pro,Monthly,202.07,17,14,227,-0.317,39.7,4,3.2,1,5,0
CUST-11991,Vanguard AI,2025-12-01,Basic,Monthly,31.99,7,3,72,-0.071,82.5,3,8.4,0,6,0
CUST-11992,Zentis Digital,2022-07-03,Pro,Annual,248.95,48,16,270,-0.264,38.8,4,68.2,0,7,0
CUST-11993,Vertex Networks,2023-02-01,Basic,Monthly,52.25,41,4,153,-0.001,66.2,1,34.3,0,9,0
CUST-11994,Cyber Flow,2026-04-01,Pro,Monthly,235.63,3,12,456,0.34,26.7,8,18.8,0,7,0
CUST-11995,Pulse Labs,2022-07-03,Pro,Monthly,151.82,48,14,409,0.185,43.3,2,22.7,1,5,0
CUST-11996,Pulse Tech,2023-12-02,Enterprise,Multi-Year,1185.5,31,59,1512,-0.271,42.5,3,24.9,1,6,0
CUST-11997,Cyber Tech,2025-12-31,Basic,Monthly,65.4,6,2,38,-0.074,53.7,2,2.7,1,6,0
CUST-11998,Strata Analytics,2025-10-31,Basic,Monthly,39.29,8,3,68,-0.154,65.0,2,14.2,1,7,0
CUST-11999,Orion Labs,2024-01-01,Basic,Monthly,54.67,30,1,24,-0.273,44.9,1,10.8,0,6,0
CUST-12000,Omni Digital,2023-04-03,Basic,Monthly,49.01,39,2,58,-0.025,42.8,2,15.0,0,5,0
CUST-12001,Cloud Tech,2025-10-31,Basic,Monthly,37.65,8,2,50,-0.217,20.8,3,60.9,0,10,0
CUST-12002,Apex Flow,2025-10-01,Enterprise,Annual,1072.86,9,50,1508,0.161,83.1,2,28.9,0,10,0
CUST-12003,Quantum Flow,2025-08-31,Basic,Monthly,55.13,10,4,119,0.148,53.9,2,31.6,0,4,0
CUST-12004,Apex Systems,2024-07-02,Basic,Monthly,44.58,24,4,73,-0.038,50.8,5,8.1,0,7,0
CUST-12005,Aura Solutions,2025-12-31,Pro,Monthly,233.8,6,6,160,-0.006,17.4,3,16.8,0,4,0
CUST-12006,Nova Global,2026-03-02,Basic,Monthly,36.75,4,3,117,-0.134,66.2,0,28.9,0,6,0
CUST-12007,Sync Systems,2024-02-01,Pro,Annual,154.38,29,22,1024,0.045,58.6,8,17.6,0,5,0
CUST-12008,Titan Systems,2023-05-03,Basic,Monthly,50.0,38,3,61,0.023,17.6,5,14.8,0,4,0
CUST-12009,Sync Flow,2024-12-01,Basic,Monthly,49.19,19,1,23,0.098,76.6,2,10.4,0,7,0
CUST-12010,Hyper Stack,2025-06-01,Basic,Monthly,43.73,13,4,66,-0.169,76.7,2,16.8,0,8,0
CUST-12011,Apex Solutions,2025-04-01,Basic,Annual,54.95,15,2,22,-0.316,49.8,1,21.3,0,5,0
CUST-12012,Cyber Networks,2025-05-02,Enterprise,Annual,1078.55,14,24,746,-0.153,70.2,3,1.6,2,7,0
CUST-12013,Nova Tech,2022-07-03,Basic,Monthly,55.31,48,3,47,0.282,5.1,2,22.3,0,6,1
CUST-12014,Sync Flow,2023-06-03,Pro,Annual,195.32,37,12,180,-0.408,70.2,0,69.9,0,7,0
CUST-12015,Zentis Digital,2025-12-01,Basic,Monthly,53.43,7,1,23,0.192,64.6,2,8.9,0,7,0
CUST-12016,Vertex Cloud,2025-06-01,Basic,Monthly,45.72,13,2,75,-0.275,55.2,3,35.0,1,6,1
CUST-12017,Strata Global,2024-10-01,Enterprise,Annual,1306.76,21,63,1401,-0.279,71.4,5,1.3,0,6,0
CUST-12018,Titan Labs,2024-06-01,Basic,Annual,43.03,25,2,65,-0.601,70.4,3,17.4,0,3,0
CUST-12019,Aura Dynamics,2025-01-31,Pro,Monthly,261.84,17,14,186,-0.578,26.8,5,38.0,1,6,1
CUST-12020,Zentis Systems,2023-01-02,Enterprise,Annual,1004.23,42,72,1086,0.183,59.0,3,11.3,1,7,0
CUST-12021,Titan Systems,2023-06-03,Pro,Annual,157.94,37,7,147,0.205,68.5,3,1.1,0,4,0
CUST-12022,Sync Stack,2024-12-01,Enterprise,Annual,1204.01,19,54,920,-0.038,69.1,1,15.8,1,3,0
CUST-12023,Hyper Software,2022-07-03,Basic,Monthly,49.93,48,4,67,-0.268,49.0,7,36.5,0,6,1
CUST-12024,Zentis Digital,2023-07-03,Basic,Monthly,55.26,36,1,17,-0.077,96.4,3,48.6,0,7,0
CUST-12025,Hyper HQ,2023-05-03,Basic,Monthly,58.0,38,1,17,0.5,51.8,3,1.8,0,6,0
CUST-12026,Nova Labs,2022-07-03,Pro,Monthly,209.09,48,13,262,-0.116,59.1,3,30.9,0,2,1
CUST-12027,Nexus Dynamics,2025-10-01,Enterprise,Annual,910.25,9,23,638,-0.259,42.9,3,22.7,0,7,0
CUST-12028,Apex HQ,2025-10-01,Basic,Annual,56.17,9,6,157,0.043,77.9,4,46.8,0,5,0
CUST-12029,Nexus Cloud,2022-07-03,Pro,Monthly,199.02,48,9,304,-0.218,48.4,4,17.7,0,6,0
CUST-12030,Titan AI,2023-05-03,Basic,Annual,54.04,38,3,13,-0.366,96.9,0,6.4,0,5,0
CUST-12031,Quantum Systems,2022-07-03,Pro,Annual,134.71,48,11,274,-0.121,55.1,1,32.5,0,8,0
CUST-12032,Nexus Global,2026-04-01,Basic,Monthly,52.29,3,2,57,-0.29,67.7,1,36.4,0,5,0
CUST-12033,Cyber HQ,2024-05-02,Enterprise,Multi-Year,903.31,26,28,496,0.19,100.0,3,56.9,0,8,0
CUST-12034,Vanguard HQ,2026-01-30,Pro,Monthly,248.35,5,12,230,0.217,48.4,2,18.0,0,7,0
CUST-12035,Cyber Software,2024-12-01,Basic,Annual,53.58,19,1,25,0.499,75.1,3,27.9,0,10,1
CUST-12036,Vanguard Networks,2025-12-31,Basic,Annual,50.76,6,1,37,-0.457,53.3,0,9.5,0,9,0
CUST-12037,Vertex Analytics,2026-01-30,Basic,Monthly,52.57,5,2,52,0.037,37.5,4,8.8,0,10,0
CUST-12038,Titan Tech,2026-05-02,Basic,Monthly,41.66,2,3,52,-0.29,65.4,8,15.6,0,4,0
CUST-12039,Nova Digital,2024-05-02,Basic,Monthly,60.93,26,2,26,0.232,45.1,6,20.2,0,5,0
CUST-12040,Nexus Systems,2025-07-02,Enterprise,Annual,1297.41,12,28,810,-0.559,58.4,2,1.0,0,5,1
CUST-12041,Pulse Stack,2026-03-02,Pro,Monthly,210.73,4,10,216,0.34,100.0,1,42.7,3,5,0
CUST-12042,Nova Labs,2025-08-01,Pro,Monthly,246.47,11,13,224,0.135,49.5,3,8.2,1,5,0
CUST-12043,Aero Tech,2025-12-31,Basic,Monthly,44.82,6,7,208,-0.096,44.4,3,1.5,0,7,0
CUST-12044,Strata Dynamics,2022-07-03,Enterprise,Annual,879.55,48,58,625,-0.158,48.6,3,33.4,1,2,0
CUST-12045,Omni Stack,2025-08-01,Pro,Annual,200.22,11,11,110,0.018,43.9,0,22.4,3,9,0
CUST-12046,Omni Solutions,2025-08-01,Basic,Annual,52.2,11,2,51,-0.333,55.0,3,3.0,0,5,0
CUST-12047,Vertex Global,2022-09-02,Pro,Monthly,187.24,46,13,503,-0.432,71.6,1,47.5,1,9,1
CUST-12048,Strata Labs,2024-04-02,Pro,Annual,215.05,27,11,178,-0.221,68.5,3,7.5,0,3,0
CUST-12049,Titan HQ,2023-11-02,Basic,Monthly,51.25,32,2,39,0.135,7.3,5,150.4,1,6,1
CUST-12050,Omni Analytics,2024-05-02,Basic,Monthly,41.66,26,2,9,0.147,42.2,6,29.4,0,7,0
CUST-12051,Omni Flow,2022-07-03,Basic,Monthly,52.81,48,3,91,0.076,42.2,5,1.0,0,6,0
CUST-12052,Orion HQ,2025-12-01,Basic,Monthly,55.35,7,3,29,-0.237,45.4,3,7.2,0,5,0
CUST-12053,Strata Solutions,2022-07-03,Enterprise,Annual,1024.69,48,50,1689,-0.104,28.2,8,17.6,0,3,0
CUST-12054,Zentis Cloud,2022-10-02,Pro,Annual,233.41,45,9,188,-0.162,11.2,4,7.2,1,9,0
CUST-12055,Data Flow,2024-08-01,Pro,Annual,162.66,23,13,272,-0.382,54.8,4,1.0,0,5,0
CUST-12056,Flux Stack,2024-03-02,Basic,Monthly,52.44,28,5,191,-0.445,70.7,5,10.1,1,9,0
CUST-12057,Pulse Systems,2024-04-02,Basic,Monthly,40.4,27,3,106,0.318,59.5,2,11.6,0,7,0
CUST-12058,Apex Software,2026-04-01,Pro,Monthly,165.74,3,11,236,0.5,98.9,5,3.1,0,7,0
CUST-12059,Cyber Labs,2025-10-31,Pro,Monthly,180.17,8,5,125,-0.359,58.2,3,35.8,0,7,0
CUST-12060,Pulse Global,2022-07-03,Basic,Monthly,42.08,48,3,67,0.017,45.2,3,4.5,0,3,0
CUST-12061,Titan Digital,2024-10-31,Pro,Monthly,182.64,20,14,287,-0.746,75.3,4,4.2,0,5,0
CUST-12062,Apex Solutions,2025-06-01,Pro,Monthly,192.61,13,3,80,-0.265,20.4,1,27.3,2,5,0
CUST-12063,Apex Stack,2023-06-03,Basic,Monthly,55.15,37,3,71,-0.325,35.4,8,22.2,1,7,1
CUST-12064,Aero Dynamics,2024-10-31,Basic,Monthly,46.64,20,3,139,0.16,87.3,0,28.4,0,8,0
CUST-12065,Omni Tech,2026-05-02,Pro,Monthly,151.67,2,11,361,-0.403,14.4,3,33.9,2,7,1
CUST-12066,Data Global,2023-09-02,Basic,Monthly,57.38,34,1,29,0.149,80.2,2,4.7,0,5,0
CUST-12067,Pulse AI,2023-09-02,Basic,Monthly,42.85,34,1,24,-0.504,52.8,3,67.5,0,4,1
CUST-12068,Aura Labs,2025-12-31,Basic,Monthly,48.57,6,2,85,0.181,60.4,3,1.2,0,9,0
CUST-12069,Quantum Flow,2022-07-03,Basic,Monthly,52.28,48,3,70,0.078,75.1,4,1.0,1,5,0
CUST-12070,Sync Tech,2025-10-31,Pro,Monthly,204.96,8,5,135,0.239,76.0,2,15.7,1,5,0
CUST-12071,Nexus Software,2025-03-02,Pro,Annual,231.66,16,6,110,0.258,64.4,5,39.6,0,6,0
CUST-12072,Pulse Software,2026-03-02,Basic,Monthly,52.52,4,3,66,-0.126,100.0,0,52.9,2,2,0
CUST-12073,Nova AI,2024-07-02,Enterprise,Annual,869.93,24,74,983,-0.307,37.3,3,5.6,0,7,0
CUST-12074,Titan Cloud,2025-06-01,Enterprise,Annual,1325.46,13,56,1752,-0.284,34.8,5,11.3,0,6,0
CUST-12075,Vertex Analytics,2025-07-02,Enterprise,Annual,1028.12,12,30,712,-0.177,55.4,2,13.2,0,5,0
CUST-12076,Hyper Global,2022-11-02,Basic,Monthly,47.92,44,1,29,-0.011,96.2,4,44.1,1,4,0
CUST-12077,Quantum Digital,2026-05-02,Basic,Monthly,56.08,2,1,15,0.074,33.3,1,1.0,0,2,0
CUST-12078,Aero Tech,2023-02-01,Enterprise,Multi-Year,1036.38,41,52,1733,-0.066,85.6,3,6.4,0,6,0
CUST-12079,Zentis Analytics,2024-09-01,Pro,Annual,210.92,22,10,287,-0.124,65.4,1,1.9,0,3,1
CUST-12080,Nexus AI,2022-07-03,Basic,Monthly,67.32,48,2,37,0.343,34.0,3,16.9,0,5,0
CUST-12081,Quantum HQ,2024-08-01,Basic,Monthly,46.98,23,4,139,-0.239,60.6,3,8.2,0,7,0
CUST-12082,Omni Networks,2026-04-01,Basic,Monthly,46.66,3,4,156,0.06,67.7,3,41.8,0,5,0
CUST-12083,Vanguard Software,2026-04-01,Enterprise,Annual,1016.47,3,82,2405,0.195,43.3,4,1.0,0,9,0
CUST-12084,Aero Flow,2022-07-03,Pro,Annual,230.98,48,12,292,-0.231,73.6,3,13.5,0,5,0
CUST-12085,Vanguard Solutions,2022-08-03,Basic,Annual,37.93,47,1,26,0.134,56.6,3,14.4,0,1,0
CUST-12086,Strata Networks,2025-07-02,Basic,Monthly,34.55,12,1,14,0.322,77.9,1,35.3,0,8,0
CUST-12087,Pulse Tech,2024-06-01,Pro,Annual,181.47,25,15,280,0.306,88.3,2,16.7,0,7,0
CUST-12088,Data Systems,2024-12-31,Pro,Monthly,150.23,18,9,132,0.126,45.9,1,26.3,0,7,0
CUST-12089,Zentis Tech,2022-07-03,Basic,Monthly,45.88,48,2,36,0.387,48.7,7,6.0,0,8,0
CUST-12090,Quantum Tech,2022-07-03,Pro,Monthly,214.0,48,9,132,0.083,70.2,0,1.0,0,6,0
CUST-12091,Cloud Cloud,2022-07-03,Enterprise,Annual,865.52,48,61,1569,-0.083,65.2,4,24.6,0,3,0
CUST-12092,Strata Solutions,2022-07-03,Basic,Annual,38.51,48,1,23,-0.319,51.9,1,16.3,0,4,0
CUST-12093,Cyber Tech,2022-07-03,Pro,Monthly,201.07,48,16,481,0.016,49.5,3,62.1,1,7,1
CUST-12094,Flux Solutions,2025-10-31,Basic,Monthly,55.34,8,3,79,-0.292,81.1,3,3.8,0,5,0
CUST-12095,Data Cloud,2022-10-02,Pro,Annual,148.41,45,13,405,0.326,39.9,2,7.2,0,4,0
CUST-12096,Omni Cloud,2023-11-02,Pro,Annual,223.48,32,12,320,0.113,59.1,2,8.3,1,5,0
CUST-12097,Sync Dynamics,2022-07-03,Pro,Annual,223.4,48,15,332,-0.266,51.9,4,24.2,1,7,0
CUST-12098,Hyper Tech,2024-09-01,Pro,Annual,227.48,22,6,131,-0.662,79.8,3,25.0,0,6,0
CUST-12099,Cloud Stack,2026-03-02,Basic,Monthly,57.96,4,2,20,0.011,79.5,5,31.6,0,10,0
CUST-12100,Omni Dynamics,2024-07-02,Enterprise,Multi-Year,1328.97,24,57,1498,-0.259,31.6,1,40.9,0,10,0
CUST-12101,Orion Labs,2024-01-01,Pro,Annual,188.37,30,7,156,-0.201,66.9,2,57.2,0,1,0
CUST-12102,Data Dynamics,2025-10-31,Basic,Annual,49.81,8,4,143,-0.02,73.7,4,12.7,0,4,0
CUST-12103,Vanguard Systems,2025-05-02,Pro,Annual,186.57,14,8,216,-0.022,71.9,1,7.7,0,8,0
CUST-12104,Vertex Flow,2024-07-02,Pro,Monthly,199.06,24,11,281,0.119,73.4,2,11.1,2,5,0
CUST-12105,Pulse Solutions,2025-06-01,Basic,Monthly,60.27,13,1,29,0.229,81.9,0,32.4,1,7,0
CUST-12106,Aero Global,2025-06-01,Enterprise,Annual,797.45,13,45,965,-0.202,56.8,5,5.2,3,6,0
CUST-12107,Nexus Digital,2026-01-30,Enterprise,Annual,869.97,5,51,610,0.291,84.9,2,7.5,1,6,0
CUST-12108,Omni Networks,2022-07-03,Basic,Monthly,59.12,48,3,71,-0.228,72.8,3,78.8,0,6,0
CUST-12109,Cloud Labs,2023-07-03,Enterprise,Multi-Year,1151.85,36,71,2392,-0.227,61.4,2,35.2,0,2,0
CUST-12110,Aero Dynamics,2026-05-02,Basic,Monthly,46.33,2,1,13,-0.241,43.8,4,15.2,1,9,1
CUST-12111,Strata Global,2023-06-03,Basic,Monthly,55.28,37,1,21,-0.165,32.2,2,22.1,0,2,1
CUST-12112,Flux HQ,2023-09-02,Basic,Monthly,51.51,34,4,77,-0.213,15.6,2,19.0,0,10,1
CUST-12113,Hyper Cloud,2026-05-02,Enterprise,Multi-Year,1223.82,2,45,798,-0.082,50.4,3,3.6,2,6,0
CUST-12114,Hyper Stack,2025-06-01,Pro,Monthly,201.22,13,6,196,0.032,39.8,2,18.3,0,4,0
CUST-12115,Quantum Tech,2024-07-02,Basic,Monthly,56.54,24,4,80,0.403,28.5,1,25.9,1,9,0
CUST-12116,Apex Labs,2025-03-02,Basic,Annual,68.42,16,1,28,-0.044,19.7,1,1.0,1,10,0
CUST-12117,Pulse Systems,2023-05-03,Pro,Monthly,216.85,38,10,358,-0.099,81.6,3,2.9,0,4,0
CUST-12118,Data Dynamics,2025-04-01,Basic,Monthly,49.36,15,1,17,0.116,29.3,2,19.7,0,7,0
CUST-12119,Aero Solutions,2025-12-31,Enterprise,Multi-Year,1107.26,6,48,861,0.133,64.7,5,9.5,0,6,0
CUST-12120,Vertex Analytics,2022-07-03,Pro,Annual,188.1,48,6,258,0.5,22.6,3,14.3,0,5,1
CUST-12121,Zentis Networks,2025-10-31,Pro,Annual,270.28,8,12,271,-0.088,62.4,3,88.8,2,10,0
CUST-12122,Vertex Labs,2023-11-02,Enterprise,Annual,1025.98,32,54,1531,-0.556,25.7,2,3.6,0,3,0
CUST-12123,Vertex HQ,2026-01-30,Basic,Annual,46.99,5,2,47,0.302,34.5,1,15.9,1,7,0
CUST-12124,Strata Stack,2025-08-01,Enterprise,Annual,873.77,11,31,964,0.148,38.0,0,2.2,0,1,1
CUST-12125,Quantum Tech,2025-03-02,Pro,Annual,231.75,16,10,281,0.059,26.7,2,8.9,1,8,0
CUST-12126,Vanguard Tech,2025-12-01,Pro,Annual,224.89,7,18,244,-0.034,54.7,2,48.7,0,9,0
CUST-12127,Nexus Cloud,2025-03-02,Basic,Monthly,45.34,16,3,66,0.14,43.5,1,27.8,0,7,0
CUST-12128,Nexus Systems,2025-12-31,Enterprise,Multi-Year,1085.38,6,26,597,-0.494,85.6,2,42.0,0,4,0
CUST-12129,Zentis AI,2024-09-01,Basic,Monthly,37.91,22,3,57,0.187,69.4,4,11.2,0,5,0
CUST-12130,Aero Cloud,2024-03-02,Basic,Annual,50.36,28,4,138,-0.565,45.3,6,2.4,1,7,1
CUST-12131,Apex AI,2026-04-01,Basic,Monthly,52.33,3,4,108,-0.684,79.6,1,22.6,0,8,0
CUST-12132,Cyber Systems,2022-07-03,Pro,Monthly,249.96,48,12,97,-0.192,52.0,0,53.4,0,3,1
CUST-12133,Titan HQ,2025-12-01,Pro,Annual,175.99,7,9,279,0.206,70.2,3,25.4,0,9,0
CUST-12134,Cloud Networks,2025-10-31,Pro,Monthly,160.84,8,12,397,0.5,79.4,3,3.0,0,4,0
CUST-12135,Sync Cloud,2024-03-02,Enterprise,Annual,864.82,28,55,1319,-0.118,91.0,2,10.0,2,5,0
CUST-12136,Quantum Labs,2025-01-31,Basic,Annual,39.18,17,3,31,0.105,51.3,6,24.2,0,7,0
CUST-12137,Orion Analytics,2024-12-31,Pro,Monthly,238.9,18,7,200,-0.161,48.6,1,10.4,0,10,0
CUST-12138,Orion HQ,2026-01-30,Basic,Annual,60.38,5,5,116,0.139,100.0,7,7.2,0,5,0
CUST-12139,Omni Cloud,2023-01-02,Enterprise,Annual,1046.98,42,34,1081,-0.101,46.6,4,2.2,3,4,0
CUST-12140,Cyber Software,2024-06-01,Pro,Monthly,235.46,25,11,329,-0.341,55.2,4,14.9,0,6,0
CUST-12141,Flux Cloud,2026-01-30,Pro,Annual,203.0,5,10,273,-0.36,62.7,5,23.9,3,7,1
CUST-12142,Nexus Tech,2025-06-01,Pro,Annual,196.16,13,11,269,0.18,60.4,4,47.5,2,5,1
CUST-12143,Sync AI,2023-01-02,Basic,Monthly,46.55,42,3,69,0.297,70.1,1,54.9,2,4,1
CUST-12144,Quantum AI,2024-09-01,Basic,Monthly,46.72,22,2,39,-0.388,66.4,1,65.5,2,8,0
CUST-12145,Data Digital,2026-03-02,Pro,Annual,152.8,4,15,330,0.419,100.0,2,72.5,0,8,0
CUST-12146,Nova HQ,2025-06-01,Basic,Monthly,50.94,13,2,22,-0.225,54.2,2,22.9,0,8,0
CUST-12147,Flux Stack,2025-10-31,Basic,Monthly,48.7,8,4,84,0.007,67.5,3,24.6,1,9,0
CUST-12148,Apex AI,2024-12-01,Basic,Monthly,54.48,19,2,40,0.141,16.4,2,56.6,1,6,0
CUST-12149,Titan Cloud,2022-08-03,Pro,Annual,201.79,47,10,249,0.235,18.4,2,9.8,0,6,0
CUST-12150,Flux Stack,2025-03-02,Basic,Monthly,47.8,16,3,85,0.388,37.7,6,35.0,0,10,0
CUST-12151,Aura Solutions,2025-04-01,Basic,Monthly,42.6,15,3,67,-0.008,53.0,4,24.4,0,6,0
CUST-12152,Zentis Global,2022-07-03,Pro,Monthly,201.15,48,11,318,-0.16,33.4,2,49.7,0,6,0
CUST-12153,Vanguard AI,2024-08-01,Pro,Monthly,221.04,23,16,191,0.053,20.9,3,2.5,2,7,0
CUST-12154,Sync Systems,2024-09-01,Basic,Monthly,40.6,22,3,45,-0.012,48.1,1,22.9,0,4,0
CUST-12155,Apex Solutions,2025-10-01,Basic,Monthly,49.64,9,3,87,-0.312,54.0,2,43.4,1,5,1
CUST-12156,Orion HQ,2024-07-02,Basic,Monthly,50.71,24,3,58,0.222,93.6,3,94.2,0,8,0
CUST-12157,Apex Software,2024-08-01,Basic,Annual,43.72,23,2,74,0.063,80.5,4,21.4,2,6,1
CUST-12158,Sync Labs,2025-05-02,Basic,Monthly,44.68,14,3,66,-0.164,41.9,6,1.8,0,5,0
CUST-12159,Aura Global,2022-07-03,Pro,Monthly,205.88,48,13,356,0.5,49.5,2,51.4,0,10,0
CUST-12160,Titan Stack,2022-07-03,Pro,Annual,165.17,48,3,70,-0.299,40.5,4,22.5,0,8,0
CUST-12161,Zentis HQ,2023-08-02,Pro,Monthly,209.45,35,9,159,-0.399,32.8,3,18.8,0,6,0
CUST-12162,Cloud Tech,2024-10-31,Basic,Monthly,42.42,20,2,25,0.225,75.3,0,3.6,0,5,0
CUST-12163,Pulse Digital,2025-01-31,Pro,Annual,230.73,17,14,313,-0.117,78.7,3,35.2,1,7,0
CUST-12164,Pulse Networks,2025-12-01,Basic,Monthly,66.18,7,4,112,-0.405,46.9,2,44.4,0,9,0
CUST-12165,Flux Dynamics,2025-08-31,Enterprise,Annual,870.02,10,22,761,0.5,52.2,6,6.8,0,6,0
CUST-12166,Nexus Stack,2023-05-03,Pro,Monthly,214.95,38,7,180,0.013,73.9,3,1.9,0,8,0
CUST-12167,Pulse Analytics,2025-03-02,Basic,Monthly,43.66,16,2,38,-0.265,43.9,1,21.9,0,6,0
CUST-12168,Aero Solutions,2022-07-03,Pro,Annual,230.07,48,13,386,-0.372,41.8,3,5.4,0,8,0
CUST-12169,Cloud Systems,2026-01-30,Basic,Monthly,39.7,5,4,98,-0.27,40.6,0,45.9,0,5,0
CUST-12170,Pulse Analytics,2024-12-01,Pro,Monthly,213.35,19,13,272,-0.308,81.8,2,41.4,0,3,0
CUST-12171,Vanguard Stack,2024-04-02,Basic,Monthly,42.58,27,2,34,-0.134,75.3,4,18.7,0,5,0
CUST-12172,Titan Software,2024-12-01,Basic,Monthly,47.48,19,2,64,-0.024,65.3,5,90.1,1,4,1
CUST-12173,Zentis Labs,2022-07-03,Enterprise,Annual,844.5,48,42,866,-0.278,63.0,6,125.0,0,7,0
CUST-12174,Titan Analytics,2022-07-03,Basic,Annual,55.04,48,4,110,0.03,34.4,2,45.2,0,7,0
CUST-12175,Zentis Systems,2026-01-30,Pro,Monthly,174.02,5,15,494,0.035,10.9,2,7.7,0,7,0
CUST-12176,Zentis HQ,2026-01-30,Basic,Monthly,53.06,5,5,109,0.122,62.2,4,11.2,2,5,0
CUST-12177,Aura Global,2026-01-30,Pro,Annual,188.73,5,10,262,0.26,48.2,5,40.8,0,2,0
CUST-12178,Omni Systems,2024-01-01,Pro,Monthly,195.58,30,16,163,-0.017,66.6,8,13.6,1,5,0
CUST-12179,Aura Labs,2025-06-01,Pro,Annual,203.41,13,15,361,-0.256,41.0,3,43.4,0,6,1
CUST-12180,Vertex Labs,2023-09-02,Basic,Monthly,43.4,34,5,65,0.09,73.7,1,19.4,0,5,0
CUST-12181,Pulse Analytics,2025-05-02,Basic,Monthly,50.55,14,5,97,-0.14,51.6,6,26.3,1,4,1
CUST-12182,Pulse Labs,2024-05-02,Basic,Monthly,60.25,26,1,28,-0.018,100.0,2,6.7,2,9,0
CUST-12183,Nova Cloud,2023-06-03,Basic,Annual,43.28,37,3,92,0.272,51.3,2,11.5,0,5,0
CUST-12184,Apex Solutions,2024-10-01,Pro,Annual,233.98,21,5,88,-0.015,61.6,0,51.2,0,9,0
CUST-12185,Orion HQ,2024-10-31,Enterprise,Multi-Year,1223.49,20,51,864,-0.035,67.8,2,8.0,1,5,0
CUST-12186,Quantum Solutions,2026-03-02,Enterprise,Annual,876.7,4,57,1966,-0.441,46.8,4,140.9,0,5,1
CUST-12187,Cloud Software,2025-05-02,Pro,Annual,155.57,14,15,533,-0.069,43.6,4,49.5,0,9,0
CUST-12188,Vanguard Labs,2024-10-01,Pro,Monthly,208.01,21,9,205,-0.326,89.1,1,8.6,0,10,0
CUST-12189,Apex Systems,2025-01-31,Pro,Annual,182.66,17,11,228,-0.14,46.1,4,5.8,0,6,0
CUST-12190,Zentis Flow,2022-07-03,Basic,Monthly,62.73,48,2,43,-0.25,63.5,1,2.5,0,1,0
CUST-12191,Quantum Stack,2022-07-03,Enterprise,Multi-Year,1004.22,48,31,653,0.188,58.5,0,20.2,0,3,0
CUST-12192,Hyper Dynamics,2022-11-02,Pro,Monthly,175.05,44,18,637,-0.244,74.7,6,31.1,0,10,0
CUST-12193,Nova Dynamics,2025-06-01,Pro,Annual,164.76,13,14,381,0.5,48.0,4,1.0,0,6,0
CUST-12194,Titan Tech,2023-11-02,Basic,Monthly,57.01,32,1,19,0.172,36.7,5,8.5,0,6,0
CUST-12195,Titan Flow,2025-05-02,Basic,Annual,44.8,14,1,33,-0.304,77.3,4,7.3,0,4,0
CUST-12196,Aero Analytics,2025-10-31,Basic,Monthly,49.32,8,1,25,-0.325,60.9,3,21.0,0,4,0
CUST-12197,Hyper Solutions,2025-07-02,Enterprise,Annual,1142.23,12,29,771,-0.053,73.7,4,9.8,0,3,0
CUST-12198,Omni Solutions,2026-04-01,Pro,Monthly,184.54,3,9,177,-0.225,57.1,5,4.1,0,8,1
CUST-12199,Quantum Systems,2025-08-01,Basic,Monthly,48.66,11,2,59,-0.327,74.3,1,40.6,0,6,0
CUST-12200,Cyber Stack,2025-01-31,Enterprise,Annual,996.52,17,39,1043,0.015,76.2,4,17.0,0,5,0
CUST-12201,Aura Digital,2022-07-03,Basic,Annual,54.02,48,2,30,0.177,50.1,4,9.8,0,4,0
CUST-12202,Vanguard Systems,2025-08-01,Basic,Monthly,53.34,11,2,48,0.202,75.8,3,35.9,0,8,0
CUST-12203,Flux Flow,2022-07-03,Basic,Annual,47.38,48,1,17,-0.173,25.6,5,3.9,2,6,0
CUST-12204,Orion Stack,2025-10-31,Pro,Annual,200.9,8,9,262,0.093,54.5,8,2.8,1,6,0
CUST-12205,Titan HQ,2025-12-01,Enterprise,Annual,943.29,7,61,912,-0.23,81.0,0,16.9,0,5,0
CUST-12206,Zentis Dynamics,2024-12-01,Basic,Monthly,38.14,19,3,67,0.18,37.0,2,1.0,0,6,0
CUST-12207,Cloud AI,2024-02-01,Enterprise,Annual,1037.6,29,35,583,-0.844,57.5,0,6.0,0,3,0
CUST-12208,Omni Flow,2026-04-01,Basic,Annual,62.91,3,3,68,0.099,43.6,3,1.8,0,2,1
CUST-12209,Omni Systems,2025-10-31,Enterprise,Annual,866.57,8,16,431,-0.144,52.0,1,1.7,0,2,0
CUST-12210,Cloud Flow,2025-03-02,Pro,Monthly,175.93,16,13,294,0.306,47.3,1,17.8,1,7,0
CUST-12211,Apex Flow,2025-08-01,Pro,Monthly,173.01,11,15,285,-0.172,33.1,5,15.4,0,9,0
CUST-12212,Zentis AI,2023-11-02,Basic,Monthly,54.33,32,4,170,0.15,80.1,1,51.3,0,6,0
CUST-12213,Zentis Labs,2024-12-01,Enterprise,Annual,1066.21,19,66,1506,0.292,31.4,3,28.2,0,10,0
CUST-12214,Cloud Analytics,2025-12-31,Pro,Monthly,194.27,6,15,287,0.082,80.8,2,7.7,0,9,0
CUST-12215,Vanguard Software,2022-07-03,Basic,Monthly,42.25,48,1,16,-0.359,30.8,1,67.1,0,7,0
CUST-12216,Orion HQ,2025-08-31,Pro,Annual,201.76,10,12,401,-0.267,47.0,3,10.8,0,6,0
CUST-12217,Zentis Tech,2023-09-02,Basic,Monthly,37.5,34,5,179,-0.393,50.5,0,2.0,2,7,0
CUST-12218,Aura Systems,2023-04-03,Enterprise,Annual,1020.49,39,39,1031,0.337,93.6,0,12.3,0,7,0
CUST-12219,Vanguard Flow,2022-07-03,Basic,Annual,55.41,48,2,42,0.132,81.7,2,19.2,0,8,0
CUST-12220,Vertex HQ,2024-12-31,Pro,Monthly,161.65,18,15,198,0.228,55.7,2,91.4,0,6,0
CUST-12221,Titan Solutions,2024-06-01,Pro,Annual,153.25,25,5,80,-0.295,44.9,3,18.6,0,7,1
CUST-12222,Cloud Digital,2025-08-01,Basic,Monthly,60.61,11,1,18,-0.653,32.6,3,19.2,2,5,1
CUST-12223,Vertex Dynamics,2024-02-01,Basic,Monthly,44.5,29,1,31,-0.222,23.8,2,6.2,0,6,1
CUST-12224,Vanguard Cloud,2025-01-31,Basic,Monthly,57.35,17,1,32,0.173,77.4,3,1.0,0,6,0
CUST-12225,Apex Networks,2025-03-02,Basic,Monthly,47.87,16,3,77,-0.379,52.9,4,29.6,0,2,0
CUST-12226,Data HQ,2022-07-03,Basic,Annual,47.81,48,4,74,-0.405,22.4,1,9.2,1,0,1
CUST-12227,Vertex Solutions,2026-04-01,Pro,Monthly,212.09,3,9,192,-0.179,5.0,4,6.2,0,5,0
CUST-12228,Sync Stack,2022-07-03,Basic,Monthly,42.5,48,2,39,0.467,66.4,3,25.0,2,6,0
CUST-12229,Hyper Flow,2022-07-03,Basic,Monthly,49.97,48,2,45,-0.579,58.7,5,17.6,0,5,1
CUST-12230,Apex Labs,2024-12-01,Pro,Annual,187.61,19,7,150,-0.347,75.9,5,83.4,0,4,0
CUST-12231,Aero Cloud,2024-12-31,Basic,Monthly,39.29,18,4,36,-0.068,48.0,1,1.5,0,3,0
CUST-12232,Cyber Systems,2025-06-01,Enterprise,Multi-Year,1049.57,13,46,798,-0.214,53.6,9,79.8,0,4,1
CUST-12233,Cyber Cloud,2022-07-03,Enterprise,Annual,959.54,48,14,219,0.313,53.5,2,42.9,0,7,0
CUST-12234,Aero Solutions,2026-03-02,Pro,Monthly,194.31,4,10,305,-0.296,57.8,4,8.8,0,8,0
CUST-12235,Flux AI,2024-08-01,Pro,Annual,162.88,23,8,228,-0.114,28.5,4,13.2,0,10,0
CUST-12236,Hyper Dynamics,2024-01-01,Enterprise,Annual,1237.47,30,61,1067,0.181,42.6,4,2.2,0,10,0
CUST-12237,Aura Stack,2022-07-03,Basic,Monthly,55.44,48,2,48,0.143,27.2,3,9.1,0,6,0
CUST-12238,Zentis Digital,2023-04-03,Basic,Monthly,56.09,39,1,39,0.056,92.6,5,3.5,1,8,0
CUST-12239,Pulse Systems,2024-04-02,Basic,Monthly,46.75,27,2,55,-0.275,52.2,1,91.7,0,4,1
CUST-12240,Strata Tech,2026-01-30,Pro,Annual,147.38,5,18,303,0.028,39.2,6,11.1,0,5,0
CUST-12241,Nexus Networks,2025-06-01,Basic,Monthly,63.35,13,5,131,-0.106,72.0,1,1.0,1,10,0
CUST-12242,Apex Solutions,2026-01-30,Pro,Monthly,197.18,5,13,192,-0.347,91.3,3,29.1,0,5,0
CUST-12243,Sync Tech,2022-07-03,Enterprise,Annual,886.79,48,33,741,0.082,55.4,4,48.3,0,6,0
CUST-12244,Vertex Solutions,2023-08-02,Enterprise,Annual,1061.46,35,29,796,0.155,41.7,1,57.8,0,4,0
CUST-12245,Cloud Software,2023-07-03,Pro,Monthly,233.84,36,11,404,0.215,77.5,0,37.5,0,6,0
CUST-12246,Aero Systems,2024-04-02,Basic,Annual,48.83,27,3,72,0.295,68.2,5,13.8,2,5,0
CUST-12247,Vertex Global,2024-12-01,Pro,Annual,237.17,19,20,432,-0.301,85.0,1,22.1,2,8,0
CUST-12248,Vertex Solutions,2026-01-30,Pro,Monthly,231.33,5,15,359,0.149,53.2,6,1.0,0,8,0
CUST-12249,Orion Analytics,2025-08-01,Basic,Monthly,41.09,11,4,91,-0.078,34.0,5,3.1,3,6,1
CUST-12250,Aura Flow,2026-01-30,Basic,Annual,44.05,5,3,6,-0.391,71.7,1,10.7,0,7,0
CUST-12251,Apex AI,2023-10-02,Enterprise,Annual,1142.49,33,50,792,0.146,33.8,2,3.7,0,7,0
CUST-12252,Cloud Analytics,2025-12-31,Pro,Annual,118.03,6,12,257,-0.103,86.7,2,10.8,0,6,0
CUST-12253,Cyber Systems,2023-12-02,Pro,Annual,194.54,31,15,362,0.077,61.1,5,4.9,0,4,0
CUST-12254,Nexus Tech,2024-01-01,Enterprise,Annual,784.59,30,65,1427,-0.178,67.6,4,55.4,2,7,0
CUST-12255,Vanguard HQ,2025-01-31,Pro,Monthly,184.77,17,9,219,-0.044,85.9,2,37.5,1,3,0
CUST-12256,Data AI,2026-01-30,Pro,Annual,190.08,5,9,396,-0.16,50.6,6,5.5,0,7,0
CUST-12257,Flux Flow,2025-08-01,Basic,Monthly,46.37,11,2,46,-0.198,41.5,4,98.0,0,9,0
CUST-12258,Flux Networks,2025-08-01,Basic,Monthly,44.94,11,2,24,-0.321,61.1,6,9.3,0,7,0
CUST-12259,Omni Networks,2023-12-02,Basic,Monthly,40.94,31,4,63,-0.043,52.4,1,19.7,0,6,0
CUST-12260,Pulse Tech,2026-03-02,Pro,Monthly,267.41,4,8,198,0.357,83.0,6,9.0,0,4,0
CUST-12261,Nexus AI,2022-10-02,Pro,Annual,254.74,45,6,188,-0.173,51.1,1,65.0,1,3,0
CUST-12262,Zentis Global,2023-06-03,Enterprise,Annual,824.86,37,72,1167,-0.073,64.8,2,6.5,1,8,0
CUST-12263,Aura Systems,2025-12-01,Basic,Monthly,60.63,7,1,36,-0.168,50.3,2,8.6,2,3,0
CUST-12264,Nexus Solutions,2023-10-02,Pro,Annual,187.08,33,2,79,-0.031,60.0,4,25.4,0,4,0
CUST-12265,Apex AI,2024-02-01,Pro,Monthly,202.86,29,14,254,-0.759,70.4,4,2.1,0,2,1
CUST-12266,Vertex Networks,2023-08-02,Pro,Monthly,197.11,35,12,150,0.049,93.0,1,1.0,0,3,0
CUST-12267,Orion Cloud,2025-12-01,Pro,Monthly,179.31,7,10,193,0.303,85.4,2,1.6,0,10,0
CUST-12268,Data Tech,2025-12-31,Basic,Monthly,56.23,6,2,39,-0.529,74.1,2,16.7,0,3,1
CUST-12269,Apex HQ,2025-10-31,Pro,Monthly,202.76,8,8,194,-0.133,44.3,2,30.8,0,10,1
CUST-12270,Cloud Digital,2025-06-01,Basic,Annual,45.5,13,4,57,-0.54,96.2,1,20.8,0,5,0
CUST-12271,Omni Tech,2023-03-03,Basic,Annual,39.41,40,4,132,0.155,87.9,2,7.1,0,4,0
CUST-12272,Aura Dynamics,2023-09-02,Basic,Monthly,42.43,34,1,25,-0.58,68.7,0,9.9,0,8,1
CUST-12273,Hyper Networks,2022-07-03,Pro,Monthly,150.0,48,9,139,-0.073,66.6,4,9.3,2,7,0
CUST-12274,Aero Cloud,2026-04-01,Enterprise,Annual,1000.83,3,37,515,-0.626,28.0,0,7.0,0,7,0
CUST-12275,Aura Software,2026-05-02,Pro,Monthly,163.28,2,18,657,-0.385,33.9,2,4.3,0,8,0
CUST-12276,Sync Tech,2023-12-02,Pro,Monthly,191.07,31,14,471,-0.095,74.7,0,26.5,0,4,0
CUST-12277,Flux AI,2025-08-31,Pro,Annual,239.9,10,9,280,-0.227,39.4,4,44.3,0,7,0
CUST-12278,Cloud Solutions,2025-08-01,Pro,Monthly,234.8,11,13,257,0.237,84.8,2,22.5,1,6,0
CUST-12279,Aero Solutions,2024-10-01,Basic,Monthly,48.76,21,3,79,0.006,68.0,3,18.6,1,4,0
CUST-12280,Cloud Cloud,2026-03-02,Basic,Monthly,48.36,4,2,41,0.101,45.0,7,4.0,0,8,1
CUST-12281,Nexus Networks,2024-04-02,Basic,Monthly,62.82,27,2,24,0.5,63.8,1,1.0,0,9,1
CUST-12282,Strata Cloud,2025-08-01,Basic,Monthly,52.83,11,3,65,-0.293,100.0,5,5.0,0,4,0
CUST-12283,Sync HQ,2024-05-02,Basic,Monthly,46.59,26,3,84,-0.786,97.7,4,45.0,0,5,1
CUST-12284,Sync Analytics,2022-10-02,Basic,Monthly,38.52,45,1,25,-0.157,86.1,2,11.3,0,2,1
CUST-12285,Nexus Systems,2025-12-31,Basic,Monthly,51.89,6,1,21,-0.151,80.2,3,7.2,0,8,0
CUST-12286,Hyper Tech,2022-07-03,Enterprise,Annual,1123.27,48,69,1320,-0.322,59.9,4,14.0,0,7,0
CUST-12287,Titan Stack,2024-10-31,Basic,Monthly,44.36,20,3,67,0.276,100.0,5,39.1,1,1,0
CUST-12288,Flux AI,2022-07-03,Basic,Monthly,51.14,48,3,93,-0.249,65.8,2,20.1,0,4,1
CUST-12289,Zentis HQ,2025-12-01,Basic,Annual,46.33,7,2,42,-0.237,90.9,3,10.8,0,10,0
CUST-12290,Flux Labs,2024-07-02,Pro,Monthly,193.51,24,11,170,0.025,66.3,6,25.2,0,8,0
CUST-12291,Aero Dynamics,2025-05-02,Basic,Monthly,30.71,14,3,84,-0.03,51.9,3,6.0,0,8,0
CUST-12292,Nova AI,2023-05-03,Basic,Monthly,47.37,38,1,27,-0.229,83.8,5,6.5,0,7,0
CUST-12293,Flux Digital,2024-07-02,Pro,Annual,227.94,24,6,43,0.283,47.7,2,20.3,0,2,1
CUST-12294,Aura Analytics,2024-12-31,Basic,Monthly,44.36,18,3,69,0.17,38.0,1,13.6,0,6,0
CUST-12295,Pulse Cloud,2022-07-03,Basic,Monthly,49.39,48,1,30,0.13,44.7,0,2.1,0,3,0
CUST-12296,Omni Tech,2025-06-01,Basic,Monthly,43.44,13,4,70,0.329,61.1,5,44.7,0,4,0
CUST-12297,Aero Software,2025-10-31,Basic,Monthly,51.65,8,3,84,0.076,100.0,6,1.0,0,6,0
CUST-12298,Nexus Global,2024-07-02,Basic,Monthly,47.41,24,2,64,-0.182,5.0,2,52.8,0,8,0
CUST-12299,Zentis Software,2024-06-01,Basic,Monthly,42.1,25,4,109,-0.171,57.7,2,28.2,2,4,1
CUST-12300,Nova Stack,2025-03-02,Pro,Annual,238.78,16,8,278,0.174,65.1,1,3.1,0,8,0
CUST-12301,Zentis Digital,2024-12-31,Pro,Annual,226.73,18,17,640,-0.176,90.3,2,36.3,1,10,0
CUST-12302,Orion Systems,2022-07-03,Pro,Monthly,180.94,48,10,354,-0.183,54.1,0,12.3,0,5,1
CUST-12303,Hyper Stack,2023-09-02,Basic,Monthly,52.66,34,1,20,-0.655,37.9,2,6.3,0,10,0
CUST-12304,Strata Systems,2026-03-02,Enterprise,Annual,1079.53,4,23,577,0.279,47.2,3,16.4,0,5,0
CUST-12305,Cloud HQ,2025-12-01,Basic,Monthly,53.72,7,2,78,0.006,43.1,6,29.6,0,6,0
CUST-12306,Data Systems,2022-07-03,Basic,Annual,36.55,48,3,87,0.115,62.2,1,4.7,0,6,0
CUST-12307,Nexus AI,2023-10-02,Pro,Annual,229.05,33,15,373,-0.178,65.1,4,19.1,0,3,0
CUST-12308,Vertex Digital,2022-07-03,Basic,Monthly,44.81,48,2,72,0.03,65.1,2,22.7,0,8,0
CUST-12309,Cyber HQ,2025-08-31,Basic,Monthly,46.37,10,1,28,-0.554,59.7,2,20.8,0,5,0
CUST-12310,Quantum Dynamics,2023-08-02,Pro,Monthly,277.74,35,19,465,0.1,36.9,2,37.6,0,3,0
CUST-12311,Orion Networks,2023-11-02,Enterprise,Annual,1044.24,32,70,605,0.012,61.3,4,54.1,1,6,1
CUST-12312,Vanguard Software,2025-08-31,Basic,Monthly,46.16,10,5,132,0.192,90.4,2,27.2,0,8,0
CUST-12313,Vertex Tech,2024-10-01,Pro,Annual,133.17,21,9,188,-0.792,58.3,1,6.4,0,5,0
CUST-12314,Aero Global,2024-05-02,Enterprise,Multi-Year,1207.26,26,68,169,-0.435,100.0,1,20.9,1,6,0
CUST-12315,Aero Global,2024-12-31,Basic,Monthly,39.11,18,2,27,0.023,77.6,4,14.8,0,5,0
CUST-12316,Vanguard Dynamics,2022-10-02,Basic,Monthly,41.62,45,4,49,-0.316,37.8,5,23.1,0,9,0
CUST-12317,Sync Global,2022-10-02,Basic,Monthly,46.56,45,3,74,-0.223,29.3,3,12.9,3,7,1
CUST-12318,Strata Software,2022-07-03,Basic,Monthly,59.41,48,4,132,-0.254,53.9,3,4.1,0,10,0
CUST-12319,Apex Stack,2023-02-01,Basic,Monthly,54.68,41,3,70,-0.011,61.2,2,8.0,0,6,0
CUST-12320,Orion Analytics,2024-12-31,Enterprise,Annual,975.35,18,70,1657,0.07,50.3,1,19.7,0,4,0
CUST-12321,Nova Stack,2025-06-01,Pro,Annual,208.2,13,14,441,0.223,66.2,5,55.9,0,7,0
CUST-12322,Cyber Tech,2022-10-02,Pro,Annual,181.08,45,7,269,-0.263,85.3,3,26.4,0,6,0
CUST-12323,Cyber Systems,2024-12-31,Basic,Monthly,50.03,18,1,26,-0.117,46.7,2,36.1,0,9,0
CUST-12324,Quantum Analytics,2025-10-31,Pro,Annual,201.19,8,19,398,0.361,27.7,2,21.7,0,5,0
CUST-12325,Zentis Analytics,2024-12-01,Enterprise,Annual,1144.17,19,50,888,0.194,100.0,2,1.0,0,9,0
CUST-12326,Hyper Software,2026-01-30,Pro,Annual,227.87,5,19,476,0.172,43.3,2,6.9,0,4,0
CUST-12327,Hyper Analytics,2024-01-01,Basic,Monthly,52.63,30,4,65,0.256,55.6,2,28.4,0,2,0
CUST-12328,Hyper Stack,2025-07-02,Pro,Monthly,188.18,12,12,419,0.027,62.4,1,11.0,0,9,0
CUST-12329,Omni Dynamics,2025-10-01,Basic,Monthly,54.45,9,2,70,-0.346,100.0,1,64.8,1,6,0
CUST-12330,Flux Software,2022-07-03,Basic,Monthly,48.32,48,3,70,-0.224,20.3,3,13.9,0,4,0
CUST-12331,Titan Software,2023-05-03,Basic,Monthly,41.05,38,2,35,0.203,70.8,1,20.5,1,10,0
CUST-12332,Cyber Networks,2023-04-03,Pro,Annual,186.96,39,8,227,0.031,20.5,1,20.9,0,5,0
CUST-12333,Aero Digital,2024-06-01,Pro,Annual,201.52,25,9,273,-0.759,42.2,2,6.6,0,10,0
CUST-12334,Aura Analytics,2022-09-02,Basic,Monthly,55.69,46,4,128,0.456,64.6,4,35.9,0,4,0
CUST-12335,Orion Cloud,2023-07-03,Basic,Monthly,47.65,36,2,45,0.157,59.2,2,116.8,0,6,1
CUST-12336,Nexus Systems,2024-07-02,Basic,Monthly,40.11,24,4,92,-0.114,89.2,2,7.4,0,3,0
CUST-12337,Sync AI,2022-07-03,Basic,Monthly,49.42,48,1,18,-0.439,54.5,3,2.9,0,0,1
CUST-12338,Quantum Analytics,2025-12-01,Basic,Monthly,49.83,7,3,109,-0.363,76.6,2,5.9,0,7,0
CUST-12339,Orion Digital,2022-07-03,Basic,Monthly,50.37,48,5,91,-0.342,43.9,4,11.8,1,6,1
CUST-12340,Aero Labs,2025-05-02,Pro,Annual,226.46,14,9,237,0.048,79.3,2,17.6,0,8,0
CUST-12341,Aero Software,2024-10-31,Basic,Monthly,56.49,20,2,57,-0.235,84.8,1,3.1,0,4,0
CUST-12342,Vanguard Flow,2026-01-30,Basic,Monthly,44.63,5,1,24,-0.216,31.2,2,7.1,0,8,0
CUST-12343,Pulse Labs,2024-10-01,Basic,Annual,44.47,21,1,31,0.051,58.3,6,15.9,0,9,0
CUST-12344,Aura Software,2024-06-01,Enterprise,Annual,843.13,25,65,628,0.5,60.0,6,10.8,1,7,0
CUST-12345,Sync Software,2022-07-03,Pro,Monthly,219.86,48,12,342,0.068,47.3,4,7.6,0,7,0
CUST-12346,Titan Labs,2022-07-03,Pro,Annual,242.25,48,17,332,-0.024,88.4,4,1.3,0,7,0
CUST-12347,Vanguard Dynamics,2022-07-03,Basic,Annual,46.68,48,1,23,-0.466,47.8,1,27.7,0,5,0
CUST-12348,Omni Networks,2025-07-02,Pro,Monthly,191.79,12,16,552,-0.133,50.5,6,15.1,0,5,0
CUST-12349,Sync Dynamics,2022-07-03,Basic,Monthly,59.78,48,3,116,-0.408,84.1,2,2.2,0,9,0
CUST-12350,Aura Dynamics,2025-03-02,Pro,Monthly,214.09,16,12,370,0.183,100.0,0,25.2,0,6,0
CUST-12351,Hyper Dynamics,2022-07-03,Enterprise,Annual,1064.37,48,16,69,-0.236,41.5,5,21.8,0,5,0
CUST-12352,Pulse Systems,2025-12-01,Pro,Annual,163.45,7,5,133,-0.497,100.0,0,29.1,0,6,0
CUST-12353,Omni Flow,2024-12-01,Enterprise,Annual,1100.71,19,51,1220,-0.045,40.5,1,10.0,0,3,0
CUST-12354,Strata Stack,2022-07-03,Pro,Monthly,171.27,48,21,554,-0.061,48.1,6,26.7,0,7,0
CUST-12355,Vanguard Networks,2022-07-03,Basic,Annual,40.66,48,1,33,-0.379,72.7,3,30.9,0,6,0
CUST-12356,Cyber Analytics,2024-01-01,Enterprise,Annual,947.04,30,33,947,-0.081,45.5,2,3.1,0,10,0
CUST-12357,Vertex HQ,2023-02-01,Basic,Monthly,44.69,41,3,92,-0.029,70.2,6,1.0,0,3,0
CUST-12358,Strata HQ,2025-12-31,Pro,Annual,192.39,6,9,112,-0.362,78.5,2,5.6,0,4,1
CUST-12359,Cyber Flow,2023-10-02,Basic,Annual,38.41,33,5,169,-0.047,31.2,3,7.6,3,10,0
CUST-12360,Aura Stack,2024-06-01,Basic,Annual,56.05,25,2,46,-0.043,31.3,4,2.5,0,7,0
CUST-12361,Nova Dynamics,2026-03-02,Basic,Monthly,57.29,4,4,162,-0.504,34.8,4,12.3,0,6,1
CUST-12362,Titan Dynamics,2026-03-02,Basic,Monthly,34.69,4,4,70,0.237,61.4,3,11.9,0,7,0
CUST-12363,Nexus Global,2026-03-02,Basic,Monthly,56.19,4,1,12,-0.398,58.9,2,30.3,0,7,0
CUST-12364,Cloud Tech,2023-10-02,Pro,Annual,174.81,33,13,443,-0.383,29.7,3,34.0,0,4,0
CUST-12365,Omni Flow,2026-01-30,Basic,Annual,55.3,5,3,98,-0.456,73.2,3,18.9,0,5,0
CUST-12366,Nova AI,2025-01-31,Basic,Monthly,48.5,17,5,98,-0.091,94.6,3,33.0,0,4,0
CUST-12367,Quantum Stack,2025-07-02,Pro,Annual,199.86,12,15,405,0.238,57.2,2,8.9,0,10,0
CUST-12368,Nova Software,2024-10-01,Basic,Monthly,47.64,21,2,50,-0.048,59.5,3,4.4,0,6,0
CUST-12369,Zentis Labs,2023-11-02,Pro,Monthly,235.18,32,17,385,0.059,68.8,6,23.0,0,8,1
CUST-12370,Cloud HQ,2024-01-01,Pro,Annual,162.0,30,11,277,-0.091,46.6,5,3.8,0,2,0
CUST-12371,Data Dynamics,2024-12-01,Pro,Monthly,217.14,19,5,141,-0.577,74.5,0,24.6,0,4,0
CUST-12372,Nexus HQ,2025-01-31,Pro,Annual,231.87,17,7,71,0.198,50.4,3,27.5,0,5,0
CUST-12373,Nexus Cloud,2025-05-02,Basic,Monthly,54.27,14,2,57,-0.022,57.0,3,5.6,0,10,0
CUST-12374,Nexus Software,2022-07-03,Pro,Annual,268.39,48,11,261,-0.699,64.1,0,5.6,0,6,0
CUST-12375,Titan Flow,2025-08-01,Basic,Monthly,45.11,11,3,80,-0.499,61.3,4,2.7,0,7,1
CUST-12376,Data Networks,2025-10-01,Basic,Monthly,56.04,9,1,27,-0.411,94.0,5,1.5,0,5,1
CUST-12377,Titan Dynamics,2023-08-02,Pro,Monthly,195.83,35,17,228,-0.326,65.2,3,1.0,0,6,0
CUST-12378,Strata Global,2025-07-02,Basic,Annual,58.07,12,1,31,-0.106,57.1,1,27.0,0,9,0
CUST-12379,Aero Digital,2022-08-03,Pro,Annual,198.77,47,18,494,-0.175,49.7,2,45.1,2,8,0
CUST-12380,Hyper Digital,2025-08-01,Pro,Annual,187.42,11,14,285,0.309,51.9,1,27.4,0,6,0
CUST-12381,Apex HQ,2023-12-02,Enterprise,Annual,1194.71,31,56,1316,-0.106,51.0,3,1.1,0,8,0
CUST-12382,Titan Cloud,2026-04-01,Enterprise,Annual,925.34,3,47,1431,0.138,70.8,4,61.5,1,8,1
CUST-12383,Orion Cloud,2025-06-01,Basic,Monthly,38.62,13,1,36,-0.405,31.4,3,1.6,0,0,1
CUST-12384,Cloud Dynamics,2025-07-02,Basic,Monthly,45.2,12,1,23,0.159,75.4,3,31.4,2,7,0
CUST-12385,Aura Analytics,2022-12-02,Pro,Monthly,217.48,43,11,198,-0.823,37.9,8,15.3,0,8,1
CUST-12386,Flux Solutions,2022-07-03,Basic,Annual,59.23,48,2,46,-0.562,52.2,3,5.7,1,4,1
CUST-12387,Titan Systems,2025-01-31,Pro,Annual,202.32,17,10,208,-0.355,53.5,2,3.8,0,7,0
CUST-12388,Sync Flow,2022-11-02,Pro,Monthly,238.35,44,11,216,0.066,62.3,2,12.5,0,0,1
CUST-12389,Vertex Networks,2023-12-02,Pro,Monthly,158.46,31,11,155,0.008,91.1,0,12.5,0,7,0
CUST-12390,Apex AI,2022-07-03,Basic,Monthly,45.74,48,2,44,0.374,62.2,2,11.6,0,0,0
CUST-12391,Nexus Systems,2023-01-02,Basic,Monthly,46.88,42,3,72,0.336,35.2,3,48.9,2,8,1
CUST-12392,Zentis Stack,2026-04-01,Basic,Monthly,48.16,3,4,70,-0.095,61.1,3,2.7,0,8,0
CUST-12393,Data Dynamics,2023-11-02,Basic,Monthly,49.62,32,3,63,-0.054,78.5,2,15.5,0,7,0
CUST-12394,Pulse Digital,2024-10-31,Enterprise,Annual,1102.53,20,57,1975,0.354,44.8,2,21.9,0,6,0
CUST-12395,Pulse Digital,2026-05-02,Basic,Monthly,45.73,2,6,46,-0.125,59.6,3,6.9,0,6,0
CUST-12396,Data Networks,2025-10-01,Basic,Monthly,50.02,9,5,198,0.004,69.4,0,18.2,0,7,1
CUST-12397,Cyber Global,2022-07-03,Basic,Monthly,48.67,48,2,76,-0.177,56.8,0,2.7,3,5,0
CUST-12398,Apex Dynamics,2022-07-03,Pro,Monthly,171.36,48,12,298,-0.244,69.1,2,9.3,0,10,0
CUST-12399,Apex Cloud,2023-02-01,Pro,Annual,195.61,41,17,283,-0.197,44.3,4,36.7,0,7,0
CUST-12400,Quantum Digital,2022-07-03,Basic,Monthly,47.94,48,3,85,-0.061,60.0,5,18.7,0,6,0
CUST-12401,Cloud Analytics,2023-01-02,Basic,Monthly,47.79,42,3,96,-0.138,64.7,0,28.2,0,6,0
CUST-12402,Apex HQ,2026-05-02,Basic,Annual,49.23,2,2,39,0.236,46.2,2,2.6,0,6,0
CUST-12403,Sync Analytics,2025-08-31,Basic,Annual,49.56,10,3,24,-0.199,99.5,3,7.4,1,10,0
CUST-12404,Omni Flow,2026-05-02,Pro,Annual,186.1,2,5,156,-0.206,73.8,4,59.2,2,8,0
CUST-12405,Sync AI,2026-03-02,Pro,Annual,236.99,4,13,398,0.318,24.4,0,35.5,0,5,0
CUST-12406,Aero Dynamics,2025-10-31,Basic,Monthly,40.4,8,1,20,-0.614,49.7,7,50.2,0,9,1
CUST-12407,Titan Cloud,2024-12-01,Basic,Monthly,43.7,19,3,54,-0.033,90.0,4,1.0,0,8,0
CUST-12408,Sync HQ,2022-07-03,Enterprise,Annual,1415.58,48,56,1482,0.281,84.6,0,9.9,2,5,0
CUST-12409,Strata Networks,2022-07-03,Basic,Monthly,41.37,48,5,109,-0.197,80.4,1,23.4,0,7,0
CUST-12410,Nova Dynamics,2024-06-01,Pro,Annual,158.59,25,10,207,0.5,54.8,3,27.5,0,8,0
CUST-12411,Orion AI,2022-07-03,Basic,Monthly,54.4,48,1,27,-0.457,87.1,4,9.9,0,9,0
CUST-12412,Zentis Tech,2024-12-31,Basic,Monthly,33.73,18,2,26,-0.07,84.4,4,59.2,0,7,0
CUST-12413,Apex Global,2022-07-03,Basic,Monthly,47.27,48,3,97,0.5,34.6,0,6.4,0,9,0
CUST-12414,Titan Global,2025-03-02,Pro,Annual,263.05,16,15,300,-0.253,47.0,2,28.0,3,2,1
CUST-12415,Orion Analytics,2025-10-01,Enterprise,Multi-Year,767.49,9,51,1824,-0.433,74.5,6,15.6,0,7,0
CUST-12416,Omni Networks,2022-07-03,Basic,Monthly,34.43,48,2,58,-0.215,86.4,3,14.8,0,10,0
CUST-12417,Hyper Cloud,2025-05-02,Basic,Annual,37.98,14,3,100,-0.087,48.9,2,25.2,0,7,0
CUST-12418,Vertex Solutions,2024-12-01,Basic,Monthly,55.6,19,3,38,-0.212,85.8,2,39.3,2,6,1
CUST-12419,Sync Digital,2025-08-01,Basic,Monthly,57.27,11,3,95,0.017,79.8,4,18.1,0,6,0
CUST-12420,Vanguard Dynamics,2024-03-02,Basic,Monthly,45.23,28,5,153,0.183,61.0,5,8.9,0,8,0
CUST-12421,Sync Networks,2022-07-03,Basic,Monthly,54.02,48,1,26,0.284,97.0,6,1.2,0,8,0
CUST-12422,Omni HQ,2026-05-02,Pro,Monthly,240.5,2,17,401,-0.041,66.2,9,23.0,1,9,0
CUST-12423,Quantum Global,2022-07-03,Basic,Monthly,62.14,48,2,47,-0.36,100.0,1,50.8,0,6,0
CUST-12424,Pulse Software,2026-05-02,Basic,Annual,47.19,2,4,73,0.252,53.3,4,9.9,2,8,0
CUST-12425,Nexus Stack,2025-06-01,Enterprise,Annual,654.12,13,56,1474,-0.6,35.5,3,6.1,1,4,0
CUST-12426,Orion AI,2025-12-31,Basic,Monthly,42.97,6,1,25,-0.215,78.0,1,2.8,0,7,0
CUST-12427,Vanguard Digital,2023-07-03,Enterprise,Annual,935.04,36,12,235,-0.282,50.6,9,7.1,0,5,0
CUST-12428,Quantum Flow,2026-04-01,Basic,Monthly,47.1,3,2,67,-0.131,78.4,4,21.9,0,10,0
CUST-12429,Apex Digital,2024-10-01,Enterprise,Annual,970.85,21,76,1551,-0.083,51.3,4,22.9,0,6,0
CUST-12430,Aura Networks,2025-08-31,Pro,Monthly,232.4,10,13,499,0.223,8.0,5,21.2,0,6,0
CUST-12431,Sync Software,2026-01-30,Pro,Monthly,237.04,5,9,311,0.194,65.7,2,4.9,0,4,0
CUST-12432,Cyber AI,2023-05-03,Enterprise,Annual,973.27,38,39,1044,-0.318,44.4,2,10.3,0,10,0
CUST-12433,Aero Flow,2025-10-31,Basic,Monthly,57.07,8,2,55,-0.166,55.7,5,21.1,0,10,0
CUST-12434,Nexus Analytics,2025-10-31,Enterprise,Annual,1052.6,8,62,2107,0.285,38.4,0,13.7,2,2,1
CUST-12435,Zentis Dynamics,2025-10-01,Basic,Annual,49.47,9,4,136,-0.593,37.0,4,9.8,1,10,0
CUST-12436,Data Solutions,2024-08-01,Basic,Monthly,55.66,23,3,69,0.238,59.2,0,12.5,0,7,0
CUST-12437,Pulse Digital,2024-03-02,Basic,Monthly,49.53,28,4,66,-0.03,100.0,4,15.8,0,5,0
CUST-12438,Flux Digital,2026-05-02,Pro,Monthly,260.43,2,9,149,-0.372,55.3,2,11.4,0,10,0
CUST-12439,Aura Software,2025-10-31,Basic,Monthly,38.43,8,3,28,-0.472,65.0,3,22.1,0,7,0
CUST-12440,Titan Global,2025-04-01,Pro,Monthly,183.62,15,22,481,0.164,80.3,0,29.3,1,6,0
CUST-12441,Omni Dynamics,2025-08-01,Pro,Annual,195.22,11,10,237,0.33,60.5,4,2.4,0,10,0
CUST-12442,Cloud Dynamics,2022-07-03,Pro,Annual,212.12,48,14,384,-0.076,92.6,3,102.4,0,2,0
CUST-12443,Flux Systems,2023-04-03,Pro,Monthly,236.85,39,11,314,0.5,86.6,3,56.9,0,7,0
CUST-12444,Omni Tech,2024-05-02,Basic,Monthly,48.82,26,3,71,-0.051,36.8,3,33.5,0,6,0
CUST-12445,Aura Systems,2025-07-02,Basic,Monthly,38.55,12,3,74,-0.188,37.8,4,1.0,2,5,1
CUST-12446,Sync Flow,2023-12-02,Basic,Monthly,55.19,31,3,61,0.214,35.1,1,28.9,0,10,0
CUST-12447,Flux Stack,2022-08-03,Basic,Monthly,54.55,47,3,48,0.29,64.7,6,95.1,0,7,0
CUST-12448,Cloud Digital,2024-07-02,Basic,Monthly,34.73,24,4,91,-0.299,44.0,2,13.2,0,7,0
CUST-12449,Vanguard Digital,2023-04-03,Basic,Annual,48.97,39,1,20,-0.331,74.8,1,25.0,1,7,0
CUST-12450,Vertex HQ,2023-08-02,Basic,Monthly,37.31,35,1,42,0.071,84.7,2,13.4,0,6,0
CUST-12451,Titan HQ,2024-09-01,Enterprise,Multi-Year,899.4,22,60,1012,0.075,5.0,3,1.1,2,7,0
CUST-12452,Omni AI,2025-08-01,Pro,Annual,172.05,11,4,78,-0.556,100.0,1,3.3,0,9,0
CUST-12453,Vanguard Solutions,2023-08-02,Basic,Annual,54.95,35,3,94,-0.421,85.0,3,1.4,0,9,1
CUST-12454,Sync Analytics,2025-12-01,Pro,Monthly,202.49,7,12,386,-0.54,50.2,1,38.9,3,4,1
CUST-12455,Omni Cloud,2023-04-03,Basic,Monthly,39.55,39,3,84,0.018,64.1,2,23.4,0,8,0
CUST-12456,Hyper Cloud,2023-02-01,Basic,Monthly,55.47,41,3,112,0.191,90.7,3,9.2,2,10,0
CUST-12457,Nexus Dynamics,2022-11-02,Pro,Annual,156.2,44,12,188,0.045,57.4,1,4.6,0,4,0
CUST-12458,Zentis Analytics,2025-01-31,Basic,Annual,51.43,17,2,64,-0.794,54.7,2,7.0,0,7,0
CUST-12459,Orion Tech,2025-12-01,Basic,Monthly,43.02,7,3,58,-0.007,62.4,4,7.0,0,9,0
CUST-12460,Aura Software,2026-03-02,Enterprise,Annual,944.2,4,74,1307,-0.097,24.1,2,16.8,0,8,0
CUST-12461,Data Global,2023-08-02,Enterprise,Annual,1074.56,35,20,510,0.064,80.7,3,5.4,0,3,0
CUST-12462,Hyper Dynamics,2022-07-03,Pro,Monthly,214.57,48,10,311,-0.478,49.0,2,22.4,2,4,1
CUST-12463,Aero Global,2024-04-02,Pro,Monthly,238.91,27,14,255,0.078,42.7,0,13.7,0,7,0
CUST-12464,Omni AI,2026-01-30,Pro,Annual,196.54,5,7,96,-0.279,85.2,4,98.9,0,10,0
CUST-12465,Nexus Dynamics,2022-07-03,Basic,Monthly,51.25,48,1,33,-0.327,66.7,3,6.2,0,4,0
CUST-12466,Quantum Systems,2022-07-03,Basic,Monthly,45.78,48,2,27,-0.044,68.1,7,32.8,1,7,1
CUST-12467,Data Solutions,2025-04-01,Basic,Monthly,50.34,15,5,172,-0.112,46.3,2,6.3,0,9,0
CUST-12468,Cyber Analytics,2024-07-02,Basic,Monthly,52.23,24,2,60,0.272,63.8,1,65.2,0,7,0
CUST-12469,Strata Systems,2023-05-03,Pro,Monthly,196.07,38,10,282,0.046,51.3,2,3.2,0,2,0
CUST-12470,Vanguard Dynamics,2023-09-02,Basic,Monthly,35.74,34,2,71,0.238,38.2,2,1.0,0,4,1
CUST-12471,Cloud Stack,2022-07-03,Enterprise,Multi-Year,1048.67,48,52,1034,-0.144,52.1,2,6.0,0,8,0
CUST-12472,Vertex Cloud,2026-03-02,Enterprise,Multi-Year,1053.63,4,17,542,-0.56,62.1,2,53.1,0,5,0
CUST-12473,Vanguard Digital,2024-08-01,Pro,Annual,178.7,23,8,172,0.194,73.9,4,53.2,0,7,0
CUST-12474,Cloud Solutions,2024-01-01,Pro,Annual,160.66,30,10,227,-0.369,52.3,3,9.2,2,7,0
CUST-12475,Nexus Labs,2022-07-03,Enterprise,Annual,1220.16,48,28,440,0.258,43.6,6,16.6,0,7,0
CUST-12476,Strata Networks,2022-07-03,Basic,Annual,52.61,48,1,27,0.15,37.9,5,7.0,3,8,0
CUST-12477,Data Stack,2022-07-03,Pro,Annual,192.16,48,10,254,0.018,56.0,3,17.1,1,10,0
CUST-12478,Cloud Analytics,2024-12-01,Basic,Annual,40.64,19,3,76,-0.182,29.0,4,18.4,0,3,1
CUST-12479,Cloud Cloud,2022-10-02,Pro,Monthly,174.47,45,13,275,0.061,43.9,2,85.7,0,8,1
CUST-12480,Vertex Systems,2025-04-01,Basic,Annual,58.57,15,2,53,-0.029,70.2,2,7.2,1,8,0
CUST-12481,Orion AI,2025-04-01,Enterprise,Annual,1019.63,15,66,1807,-0.166,36.6,5,48.1,1,1,1
CUST-12482,Cyber AI,2025-10-01,Enterprise,Multi-Year,916.49,9,49,1752,0.023,54.1,1,88.1,1,6,0
CUST-12483,Cyber Cloud,2022-12-02,Basic,Monthly,52.75,43,1,35,0.168,66.1,5,64.8,0,10,0
CUST-12484,Aero Labs,2022-07-03,Basic,Monthly,43.01,48,1,32,-0.135,83.5,4,5.3,1,5,1
CUST-12485,Nexus Global,2025-10-01,Enterprise,Annual,1223.9,9,49,1633,-0.041,57.0,6,19.9,0,5,0
CUST-12486,Data Flow,2026-04-01,Basic,Monthly,58.94,3,3,24,0.216,80.3,1,26.0,2,8,0
CUST-12487,Titan Labs,2022-12-02,Enterprise,Annual,929.08,43,63,1485,0.025,53.3,3,9.9,0,6,0
CUST-12488,Vanguard Stack,2024-06-01,Pro,Annual,180.23,25,13,298,-0.036,33.8,3,44.3,1,7,0
CUST-12489,Nova HQ,2022-07-03,Basic,Monthly,29.76,48,3,107,0.154,80.6,0,7.8,0,8,0
CUST-12490,Apex Digital,2025-10-01,Basic,Monthly,38.11,9,3,83,0.226,72.4,4,1.0,0,9,0
CUST-12491,Apex Digital,2026-04-01,Basic,Monthly,39.15,3,2,26,-0.07,40.5,4,17.3,0,7,0
CUST-12492,Pulse HQ,2024-12-31,Pro,Annual,203.04,18,9,203,-0.487,82.9,1,138.0,0,6,0
CUST-12493,Titan Networks,2026-03-02,Basic,Monthly,46.6,4,3,52,-0.158,62.7,3,29.3,0,5,0
CUST-12494,Quantum Tech,2025-10-01,Pro,Monthly,158.84,9,11,171,-0.14,67.7,3,24.2,0,3,0
CUST-12495,Aero Global,2026-01-30,Basic,Monthly,46.93,5,3,60,-0.259,56.2,3,3.0,1,5,0
CUST-12496,Zentis Networks,2025-10-31,Pro,Annual,214.08,8,13,287,-0.008,77.7,6,1.8,0,1,0
CUST-12497,Cloud Tech,2026-03-02,Enterprise,Annual,1078.1,4,38,817,-0.585,61.0,4,14.3,1,9,0
CUST-12498,Nexus Networks,2022-07-03,Enterprise,Annual,714.33,48,51,1329,-0.107,59.0,1,25.2,2,7,0
CUST-12499,Omni Cloud,2025-10-01,Basic,Monthly,48.06,9,4,102,-0.076,76.2,2,12.7,1,7,1
CUST-12500,Nova Analytics,2025-03-02,Pro,Annual,157.71,16,13,429,-0.107,72.3,6,21.6,0,6,0
CUST-12501,Nova Solutions,2022-07-03,Pro,Monthly,225.92,48,13,147,-0.028,51.1,1,11.0,0,2,0
CUST-12502,Cyber Software,2024-02-01,Pro,Annual,222.41,29,20,578,-0.461,89.4,1,1.0,0,2,0
CUST-12503,Quantum Solutions,2024-06-01,Enterprise,Annual,864.43,25,32,576,0.149,85.7,3,11.7,0,3,0
CUST-12504,Aura Solutions,2023-12-02,Basic,Monthly,43.37,31,4,123,-0.344,92.4,8,24.2,0,5,0
CUST-12505,Data Systems,2022-10-02,Basic,Monthly,45.61,45,2,75,-0.199,46.6,3,1.0,2,6,1
CUST-12506,Aero Labs,2022-07-03,Enterprise,Annual,661.42,48,50,881,-0.15,91.0,3,5.4,0,8,0
CUST-12507,Pulse HQ,2024-04-02,Basic,Monthly,51.47,27,1,14,-0.066,51.0,1,3.0,0,4,0
CUST-12508,Quantum HQ,2022-07-03,Pro,Monthly,190.86,48,18,477,-0.124,76.7,1,7.4,1,4,0
CUST-12509,Apex Analytics,2024-10-31,Enterprise,Annual,1144.38,20,54,1366,-0.037,52.3,1,11.2,0,8,0
CUST-12510,Nova Systems,2025-10-01,Basic,Monthly,40.93,9,2,58,0.268,72.1,2,28.5,2,7,0
CUST-12511,Hyper Solutions,2022-07-03,Enterprise,Multi-Year,906.22,48,49,898,0.02,25.2,2,27.1,1,4,0
CUST-12512,Nexus AI,2024-10-01,Basic,Monthly,37.93,21,3,105,-0.306,36.5,0,10.2,0,5,0
CUST-12513,Sync Stack,2022-07-03,Pro,Annual,169.02,48,18,281,0.21,54.1,2,9.2,0,6,0
CUST-12514,Flux Analytics,2026-04-01,Pro,Annual,163.72,3,7,82,-0.106,94.2,3,8.2,3,0,1
CUST-12515,Nexus Analytics,2025-05-02,Enterprise,Multi-Year,1148.25,14,36,928,-0.144,18.2,2,4.9,0,2,0
CUST-12516,Nexus Digital,2022-07-03,Basic,Monthly,43.87,48,5,72,0.133,18.0,3,36.1,0,6,1
CUST-12517,Hyper Digital,2025-10-01,Basic,Monthly,49.91,9,3,65,-0.325,51.1,3,34.1,0,3,0
CUST-12518,Apex Labs,2022-07-03,Pro,Monthly,187.63,48,11,365,-0.013,54.0,7,39.1,0,9,0
CUST-12519,Hyper AI,2022-07-03,Pro,Annual,161.11,48,11,175,-0.19,59.7,5,75.9,0,9,0
CUST-12520,Strata AI,2022-07-03,Pro,Monthly,193.98,48,12,245,0.203,81.8,4,20.9,1,0,0
CUST-12521,Hyper Global,2024-09-01,Basic,Monthly,53.4,22,2,78,0.054,33.4,1,38.9,0,5,0
CUST-12522,Sync Cloud,2024-04-02,Basic,Monthly,40.12,27,1,32,0.141,100.0,2,14.4,0,10,0
CUST-12523,Quantum HQ,2022-07-03,Basic,Monthly,54.95,48,3,94,-0.739,74.0,3,7.0,0,8,0
CUST-12524,Apex Networks,2023-05-03,Pro,Annual,173.64,38,12,416,0.06,54.6,2,64.9,0,7,0
CUST-12525,Cyber Digital,2024-05-02,Basic,Monthly,45.45,26,1,13,0.095,54.4,0,1.6,0,5,0
CUST-12526,Hyper Digital,2022-07-03,Basic,Monthly,52.9,48,2,37,-0.047,74.9,2,49.5,0,8,0
CUST-12527,Nova Networks,2024-01-01,Enterprise,Annual,899.58,30,43,731,0.266,61.2,2,1.8,0,8,0
CUST-12528,Orion Analytics,2022-07-03,Basic,Monthly,49.28,48,5,124,-0.408,68.9,3,10.6,0,7,0
CUST-12529,Quantum AI,2026-04-01,Enterprise,Annual,951.84,3,36,1242,-0.375,42.5,6,9.4,0,8,0
CUST-12530,Hyper Global,2026-01-30,Pro,Annual,202.86,5,19,257,0.081,91.1,7,24.3,0,5,0
CUST-12531,Orion Tech,2025-03-02,Pro,Monthly,127.93,16,13,521,0.274,45.3,2,13.7,0,9,0
CUST-12532,Omni Tech,2025-06-01,Basic,Monthly,35.55,13,3,82,0.158,51.4,4,16.5,0,0,0
CUST-12533,Hyper Cloud,2023-04-03,Basic,Annual,53.53,39,3,67,-0.06,88.6,0,30.5,0,8,0
CUST-12534,Data Analytics,2025-12-31,Pro,Monthly,229.96,6,10,388,-0.633,73.9,1,44.0,0,7,1
CUST-12535,Data Stack,2022-07-03,Pro,Annual,171.82,48,16,389,-0.37,58.0,4,48.2,0,9,0
CUST-12536,Sync Dynamics,2025-08-01,Pro,Annual,191.72,11,8,102,-0.069,40.1,0,6.9,1,8,1
CUST-12537,Nova HQ,2025-04-01,Basic,Monthly,51.17,15,2,74,0.393,41.2,4,8.7,0,3,0
CUST-12538,Titan Flow,2025-10-01,Pro,Monthly,219.69,9,7,183,-0.78,43.2,0,38.5,1,8,0
CUST-12539,Cyber Networks,2024-08-01,Pro,Monthly,138.47,23,6,204,-0.261,47.4,2,29.1,0,7,0
CUST-12540,Cloud Labs,2026-04-01,Pro,Monthly,172.55,3,10,175,-0.179,68.2,2,27.6,0,8,0
CUST-12541,Flux Cloud,2026-01-30,Pro,Annual,189.07,5,17,278,-0.625,67.0,5,15.5,0,10,0
CUST-12542,Data Flow,2023-08-02,Pro,Annual,219.99,35,11,79,-0.37,35.4,2,31.9,0,5,1
CUST-12543,Aura Solutions,2025-12-01,Pro,Annual,273.58,7,17,305,0.055,38.0,4,19.8,0,10,0
CUST-12544,Pulse Labs,2025-10-31,Basic,Monthly,47.32,8,1,11,-0.394,36.0,2,1.1,0,9,0
CUST-12545,Apex Digital,2023-03-03,Basic,Monthly,38.66,40,3,76,0.5,98.2,3,24.0,0,6,0
CUST-12546,Vertex Software,2026-03-02,Basic,Monthly,51.96,4,6,53,-0.718,39.8,6,33.2,0,10,1
CUST-12547,Hyper Dynamics,2025-03-02,Basic,Monthly,58.71,16,5,114,0.318,17.7,4,17.0,0,8,0
CUST-12548,Zentis Digital,2026-05-02,Basic,Monthly,49.79,2,1,22,-0.428,71.2,1,16.9,1,8,0
CUST-12549,Aura Systems,2025-07-02,Basic,Monthly,42.34,12,1,26,0.041,38.8,2,8.1,0,6,0
CUST-12550,Vertex Stack,2023-12-02,Basic,Monthly,56.04,31,4,73,0.008,53.4,2,18.8,1,8,0
CUST-12551,Nova Tech,2026-03-02,Basic,Annual,53.88,4,2,40,0.066,39.4,1,53.7,3,6,0
CUST-12552,Hyper Software,2022-07-03,Pro,Monthly,168.37,48,8,150,-0.466,66.1,5,32.4,0,8,1
CUST-12553,Sync Digital,2022-07-03,Enterprise,Annual,1056.16,48,55,1791,-0.341,68.2,4,46.7,0,3,0
CUST-12554,Pulse Cloud,2026-03-02,Basic,Monthly,56.33,4,2,64,0.022,66.4,4,4.4,0,7,0
CUST-12555,Omni Networks,2022-07-03,Enterprise,Annual,1176.11,48,52,1595,-0.499,82.3,4,12.8,0,1,0
CUST-12556,Strata Labs,2025-08-31,Pro,Annual,197.02,10,3,90,-0.277,54.1,7,12.5,0,8,0
CUST-12557,Hyper Dynamics,2026-03-02,Basic,Annual,46.37,4,1,34,0.026,66.2,1,29.0,0,5,0
CUST-12558,Cloud Dynamics,2026-05-02,Basic,Monthly,58.02,2,1,28,0.201,40.6,2,8.9,3,7,0
CUST-12559,Nexus Dynamics,2025-05-02,Pro,Monthly,162.88,14,8,205,-0.227,39.0,3,44.9,0,4,0
CUST-12560,Omni Solutions,2024-05-02,Pro,Annual,212.09,26,14,183,-0.057,68.2,2,47.0,3,10,0
CUST-12561,Vanguard AI,2025-08-01,Pro,Monthly,158.1,11,17,436,-0.464,30.2,1,69.1,1,9,0
CUST-12562,Hyper Tech,2022-09-02,Basic,Monthly,56.83,46,1,27,0.24,93.5,2,54.0,2,4,1
CUST-12563,Nexus Labs,2023-11-02,Basic,Annual,47.1,32,2,103,-0.162,72.4,1,3.2,0,8,0
CUST-12564,Quantum Digital,2025-07-02,Basic,Monthly,58.32,12,1,22,-0.12,88.1,6,19.7,0,6,0
CUST-12565,Cloud Solutions,2023-09-02,Basic,Monthly,52.61,34,2,79,-0.311,88.5,4,16.5,0,8,0
CUST-12566,Titan Software,2022-07-03,Basic,Monthly,40.01,48,2,33,0.042,100.0,0,19.0,0,3,0
CUST-12567,Strata Analytics,2026-03-02,Basic,Monthly,59.47,4,1,14,-0.539,87.9,4,1.0,0,8,0
CUST-12568,Sync Software,2025-08-31,Pro,Annual,245.3,10,8,209,-0.06,71.9,2,67.2,0,10,0
CUST-12569,Vertex Solutions,2025-01-31,Enterprise,Multi-Year,1131.21,17,60,1638,0.21,67.6,4,14.5,0,5,1
CUST-12570,Vanguard Systems,2024-12-31,Basic,Monthly,43.4,18,3,46,-0.176,67.2,1,1.0,0,7,0
CUST-12571,Hyper AI,2024-10-01,Enterprise,Multi-Year,953.14,21,46,828,0.152,64.0,0,34.6,0,5,0
CUST-12572,Aero Cloud,2025-08-31,Basic,Monthly,50.07,10,1,13,-0.3,79.4,4,2.1,0,5,0
CUST-12573,Sync Dynamics,2024-03-02,Basic,Monthly,43.83,28,1,25,-0.122,84.5,5,48.2,0,5,0
CUST-12574,Aero Flow,2024-04-02,Basic,Monthly,61.44,27,3,60,0.169,66.4,3,18.7,0,5,1
CUST-12575,Aura Stack,2024-08-01,Pro,Monthly,203.31,23,10,176,-0.032,64.9,1,52.2,0,3,1
CUST-12576,Cyber Digital,2026-03-02,Enterprise,Multi-Year,593.9,4,55,1157,0.07,27.0,3,20.6,0,10,0
CUST-12577,Cloud Tech,2025-01-31,Pro,Monthly,209.13,17,13,453,-0.18,31.2,6,53.5,0,7,0
CUST-12578,Quantum Flow,2025-07-02,Basic,Monthly,46.44,12,2,49,0.255,56.4,2,17.0,0,5,0
CUST-12579,Nexus Dynamics,2024-12-31,Pro,Annual,196.76,18,3,38,-0.049,44.9,5,37.5,1,4,0
CUST-12580,Cloud Tech,2022-07-03,Basic,Monthly,46.29,48,3,82,0.323,73.2,7,1.0,2,3,0
CUST-12581,Cyber Software,2024-12-31,Enterprise,Multi-Year,1119.94,18,22,225,-0.142,90.1,4,45.4,0,7,0
CUST-12582,Zentis Cloud,2026-05-02,Pro,Annual,232.42,2,17,229,-0.076,78.3,3,3.2,0,4,0
CUST-12583,Zentis Digital,2025-03-02,Basic,Monthly,51.08,16,3,0,-0.149,87.9,3,17.8,0,3,0
CUST-12584,Strata Systems,2022-11-02,Pro,Annual,188.87,44,16,282,0.337,54.1,2,12.5,0,9,0
CUST-12585,Orion AI,2023-04-03,Pro,Monthly,197.77,39,15,303,-0.666,44.1,5,33.6,0,7,0
CUST-12586,Titan Analytics,2024-12-01,Basic,Annual,49.14,19,1,31,0.087,48.8,4,7.9,0,9,0
CUST-12587,Apex Dynamics,2025-10-01,Pro,Monthly,175.05,9,11,379,-0.225,76.3,3,9.1,0,5,0
CUST-12588,Quantum Cloud,2025-01-31,Basic,Annual,53.26,17,3,57,-0.215,61.6,3,33.4,0,8,0
CUST-12589,Aura Tech,2024-09-01,Pro,Monthly,212.73,22,17,578,-0.332,43.6,1,2.3,0,5,0
CUST-12590,Cyber Cloud,2022-07-03,Pro,Annual,244.98,48,15,246,-0.359,71.4,6,29.7,0,7,0
CUST-12591,Nexus Tech,2024-04-02,Pro,Annual,236.47,27,10,191,-0.029,79.3,3,4.4,0,6,0
CUST-12592,Sync Digital,2023-12-02,Pro,Monthly,178.53,31,13,341,-0.119,86.5,3,11.4,0,7,0
CUST-12593,Vanguard Labs,2024-12-31,Pro,Annual,223.49,18,5,45,0.499,68.6,1,5.6,0,2,0
CUST-12594,Nova Stack,2025-07-02,Basic,Annual,42.01,12,3,82,-0.272,43.8,2,1.3,0,10,0
CUST-12595,Zentis Flow,2022-12-02,Pro,Annual,219.77,43,13,302,0.289,85.7,2,22.9,1,9,0
CUST-12596,Zentis HQ,2024-12-31,Basic,Annual,45.2,18,2,25,-0.443,50.0,1,11.9,0,4,0
CUST-12597,Vanguard Global,2022-07-03,Basic,Monthly,41.48,48,3,63,-0.064,60.3,2,17.0,0,2,0
CUST-12598,Nova Flow,2025-03-02,Basic,Monthly,51.06,16,1,31,0.093,92.4,5,1.0,0,9,1
CUST-12599,Orion Tech,2026-04-01,Basic,Monthly,29.34,3,1,23,-0.239,78.5,1,11.6,1,4,1
CUST-12600,Cyber Digital,2024-01-01,Pro,Monthly,146.73,30,10,132,-0.355,69.1,5,43.3,0,5,0
CUST-12601,Pulse Cloud,2026-04-01,Basic,Monthly,47.7,3,3,123,-0.261,54.9,3,11.8,0,4,1
CUST-12602,Titan Digital,2025-10-01,Pro,Annual,201.46,9,12,249,-0.724,56.6,2,7.4,2,10,0
CUST-12603,Aero Systems,2025-07-02,Basic,Monthly,46.29,12,3,111,-0.338,71.6,2,13.7,0,4,0
CUST-12604,Flux Software,2023-09-02,Basic,Monthly,37.39,34,5,166,-0.066,100.0,1,4.0,0,8,0
CUST-12605,Orion Labs,2024-12-31,Pro,Monthly,174.59,18,14,324,0.414,50.4,0,20.0,0,2,0
CUST-12606,Apex Digital,2026-05-02,Basic,Annual,51.88,2,3,47,-0.069,54.5,2,1.0,1,8,1
CUST-12607,Cloud Global,2024-06-01,Basic,Monthly,53.28,25,2,53,-0.433,55.0,5,2.5,0,4,0
CUST-12608,Aura Dynamics,2025-05-02,Pro,Monthly,198.52,14,11,325,-0.275,23.0,2,2.5,0,8,0
CUST-12609,Aura Dynamics,2022-07-03,Basic,Annual,57.5,48,2,52,-0.9,60.1,3,19.5,0,8,1
CUST-12610,Cloud Tech,2024-12-31,Pro,Monthly,210.86,18,17,423,-0.482,49.9,5,90.0,0,9,1
CUST-12611,Aura Solutions,2023-11-02,Basic,Annual,43.51,32,4,130,0.116,45.3,3,6.4,0,6,0
CUST-12612,Pulse Solutions,2025-10-31,Basic,Monthly,46.94,8,4,110,0.5,64.3,3,2.2,0,4,0
CUST-12613,Sync Labs,2023-06-03,Pro,Monthly,157.12,37,15,318,0.249,82.6,1,93.0,0,6,0
CUST-12614,Nova HQ,2023-10-02,Basic,Monthly,48.21,33,2,41,-0.0,82.7,2,99.9,0,3,0
CUST-12615,Flux Digital,2022-07-03,Basic,Monthly,57.17,48,3,41,-0.146,35.9,2,15.1,0,4,0
CUST-12616,Aero AI,2026-05-02,Basic,Monthly,54.04,2,4,120,0.113,72.0,3,8.3,0,7,0
CUST-12617,Pulse Tech,2025-03-02,Basic,Annual,59.3,16,1,24,-0.541,56.1,4,7.5,0,8,0
CUST-12618,Strata Cloud,2024-02-01,Pro,Monthly,189.96,29,10,183,-0.104,70.5,3,4.8,0,10,0
CUST-12619,Zentis Cloud,2026-03-02,Basic,Monthly,58.89,4,1,28,-0.398,62.4,3,18.6,1,7,1
CUST-12620,Vertex Dynamics,2025-05-02,Pro,Monthly,193.23,14,19,185,0.055,5.0,2,35.4,0,8,1
CUST-12621,Aura Cloud,2022-07-03,Enterprise,Annual,1219.52,48,49,1186,-0.596,23.5,6,40.6,0,9,0
CUST-12622,Vanguard Tech,2025-03-02,Basic,Monthly,48.84,16,1,24,-0.049,85.8,2,1.0,2,6,0
CUST-12623,Aura Flow,2022-07-03,Enterprise,Multi-Year,1104.98,48,50,1868,0.347,73.6,2,18.7,1,8,0
CUST-12624,Apex Tech,2026-04-01,Basic,Monthly,59.84,3,1,17,0.095,76.4,2,2.5,0,7,0
CUST-12625,Aero AI,2023-11-02,Enterprise,Annual,970.01,32,55,834,-0.175,76.1,3,6.5,2,10,0
CUST-12626,Nexus Global,2024-08-01,Basic,Monthly,50.61,23,1,23,-0.091,12.5,5,7.2,0,4,1
CUST-12627,Flux Labs,2024-12-01,Pro,Annual,237.47,19,6,148,0.179,85.0,1,2.3,0,5,0
CUST-12628,Vertex Stack,2022-07-03,Basic,Annual,48.02,48,3,56,-0.237,30.9,4,1.0,1,6,0
CUST-12629,Orion Analytics,2026-01-30,Basic,Monthly,39.29,5,3,44,-0.12,18.0,3,9.3,0,6,0
CUST-12630,Omni Software,2022-07-03,Pro,Annual,262.97,48,12,332,0.027,46.8,5,26.3,0,5,0
CUST-12631,Nova Global,2024-01-01,Pro,Annual,184.98,30,13,173,-0.13,87.5,3,10.8,1,4,0
CUST-12632,Data Digital,2025-10-01,Basic,Annual,50.17,9,3,99,-0.296,26.4,4,13.8,0,4,0
CUST-12633,Strata Solutions,2022-07-03,Basic,Monthly,57.5,48,6,61,-0.149,48.4,3,29.2,0,6,0
CUST-12634,Titan Dynamics,2025-04-01,Pro,Monthly,180.84,15,9,87,-0.269,66.6,1,51.1,0,10,0
CUST-12635,Nexus Dynamics,2022-12-02,Pro,Monthly,168.92,43,12,248,-0.284,55.9,3,11.7,0,8,0
CUST-12636,Pulse Dynamics,2025-05-02,Enterprise,Annual,1037.02,14,67,1747,-0.117,65.9,3,20.8,0,3,0
CUST-12637,Strata Solutions,2022-07-03,Pro,Monthly,145.48,48,13,416,-0.369,45.6,3,4.1,0,6,0
CUST-12638,Flux Stack,2024-05-02,Enterprise,Annual,955.86,26,52,1280,-0.485,98.0,1,1.0,1,5,0
CUST-12639,Orion Analytics,2026-01-30,Pro,Annual,206.31,5,11,184,-0.459,52.7,2,76.2,0,10,0
CUST-12640,Aura Flow,2024-04-02,Basic,Annual,47.02,27,4,76,-0.191,32.5,5,18.7,3,6,1
CUST-12641,Titan Flow,2025-12-01,Basic,Monthly,37.66,7,3,78,-0.241,79.4,4,1.6,1,3,0
CUST-12642,Strata Tech,2025-04-01,Pro,Annual,246.59,15,8,40,-0.04,75.0,1,24.4,0,10,0
CUST-12643,Hyper Stack,2025-12-31,Pro,Annual,202.09,6,11,292,-0.076,74.4,2,1.0,0,8,0
CUST-12644,Pulse Labs,2026-05-02,Basic,Annual,59.52,2,2,51,0.135,95.9,5,43.9,0,7,0
CUST-12645,Vanguard Solutions,2025-12-01,Basic,Annual,47.09,7,1,20,0.163,54.6,4,13.7,0,6,0
CUST-12646,Omni Global,2024-10-31,Enterprise,Multi-Year,867.13,20,28,523,0.015,56.9,3,90.7,0,5,0
CUST-12647,Nova Solutions,2024-12-31,Pro,Annual,207.04,18,17,372,-0.425,22.6,6,9.7,3,2,1
CUST-12648,Hyper Labs,2024-12-01,Basic,Monthly,47.41,19,2,39,0.051,44.1,3,94.8,1,4,0
CUST-12649,Cloud Cloud,2025-10-31,Basic,Monthly,40.34,8,3,65,-0.59,64.3,2,8.6,2,5,0
CUST-12650,Quantum Dynamics,2024-01-01,Basic,Monthly,59.8,30,2,72,-0.316,70.3,5,1.0,1,6,1
CUST-12651,Cyber Tech,2023-12-02,Basic,Annual,44.43,31,2,51,0.057,89.3,3,34.9,0,9,0
CUST-12652,Sync Analytics,2025-07-02,Basic,Monthly,35.47,12,4,90,-0.311,56.3,2,1.5,0,8,0
CUST-12653,Data HQ,2022-07-03,Basic,Monthly,58.76,48,3,63,0.217,72.3,0,11.3,0,10,0
CUST-12654,Hyper Software,2024-04-02,Pro,Annual,183.95,27,5,104,-0.114,43.5,2,11.9,3,6,0
CUST-12655,Aero HQ,2023-11-02,Basic,Monthly,44.53,32,1,18,-0.194,70.9,3,3.5,2,8,0
CUST-12656,Strata Dynamics,2025-10-01,Pro,Monthly,146.3,9,14,406,-0.49,79.2,3,1.0,0,6,0
CUST-12657,Data Flow,2026-05-02,Enterprise,Annual,1259.88,2,41,878,-0.189,97.2,1,62.0,0,2,0
CUST-12658,Vanguard Tech,2022-07-03,Basic,Monthly,39.52,48,4,130,0.055,21.9,4,1.0,0,3,1
CUST-12659,Cyber Labs,2022-11-02,Pro,Annual,200.74,44,9,229,0.071,53.9,2,1.0,1,6,0
CUST-12660,Zentis Tech,2026-01-30,Basic,Monthly,55.71,5,1,11,0.196,55.2,5,6.6,0,9,0
CUST-12661,Strata Cloud,2025-06-01,Enterprise,Annual,1062.19,13,21,503,0.27,89.0,2,2.6,0,5,0
CUST-12662,Zentis Global,2024-03-02,Basic,Annual,48.56,28,1,40,0.03,61.1,4,17.9,0,7,0
CUST-12663,Quantum Cloud,2024-04-02,Pro,Monthly,148.21,27,6,92,0.358,58.6,1,13.0,0,0,0
CUST-12664,Apex Global,2022-07-03,Pro,Monthly,174.83,48,12,96,-0.088,41.7,5,13.1,0,5,0
CUST-12665,Nexus Global,2026-01-30,Basic,Monthly,50.38,5,4,91,-0.842,55.8,3,2.3,2,9,0
CUST-12666,Cyber Dynamics,2025-04-01,Basic,Monthly,43.21,15,3,58,-0.197,27.0,5,1.4,0,8,0
CUST-12667,Zentis Cloud,2026-03-02,Pro,Monthly,205.07,4,8,332,0.357,100.0,1,14.7,0,10,0
CUST-12668,Nova Stack,2025-05-02,Pro,Monthly,219.35,14,15,285,-0.249,78.3,2,36.1,3,8,0
CUST-12669,Cloud Flow,2026-05-02,Basic,Monthly,56.07,2,3,93,0.468,25.0,1,18.1,0,6,0
CUST-12670,Zentis Systems,2022-07-03,Pro,Monthly,162.4,48,8,230,-0.373,20.3,3,27.4,0,7,1
CUST-12671,Quantum Tech,2024-10-31,Basic,Monthly,65.15,20,3,91,-0.011,59.5,6,4.1,0,6,0
CUST-12672,Aero Digital,2022-07-03,Pro,Annual,221.91,48,14,541,-0.274,40.4,5,43.4,0,7,0
CUST-12673,Orion Analytics,2026-04-01,Basic,Monthly,48.99,3,4,72,-0.424,52.5,4,2.5,0,3,0
CUST-12674,Vanguard Global,2025-10-31,Enterprise,Multi-Year,1162.27,8,48,1067,0.5,60.5,3,72.2,0,4,0
CUST-12675,Aero AI,2025-10-01,Basic,Monthly,66.39,9,3,75,-0.717,78.1,1,14.2,0,8,1
CUST-12676,Orion Software,2025-06-01,Basic,Monthly,38.43,13,1,28,-0.118,28.3,1,10.3,0,4,0
CUST-12677,Pulse Networks,2023-02-01,Basic,Monthly,47.34,41,3,80,-0.093,39.7,2,49.6,0,7,0
CUST-12678,Aero Solutions,2025-06-01,Basic,Monthly,31.52,13,1,20,-0.358,37.2,4,36.9,3,8,1
CUST-12679,Omni Cloud,2025-12-01,Pro,Monthly,204.75,7,11,397,-0.094,81.4,5,14.1,0,7,0
CUST-12680,Quantum Systems,2026-04-01,Basic,Monthly,51.69,3,1,31,0.107,100.0,2,4.6,0,8,0
CUST-12681,Cyber Analytics,2026-03-02,Pro,Monthly,197.83,4,10,205,-0.048,29.7,4,7.7,0,10,0
CUST-12682,Nova Networks,2023-07-03,Basic,Monthly,44.19,36,1,30,0.299,56.6,4,1.0,1,8,0
CUST-12683,Flux Dynamics,2025-03-02,Basic,Annual,33.94,16,1,27,-0.026,86.4,0,12.0,0,6,0
CUST-12684,Vanguard Flow,2023-10-02,Basic,Monthly,51.75,33,1,46,0.5,24.9,1,1.0,0,10,0
CUST-12685,Flux Digital,2024-01-01,Basic,Monthly,59.7,30,3,62,0.077,77.0,2,74.1,0,2,0
CUST-12686,Data HQ,2026-01-30,Basic,Monthly,44.66,5,2,33,0.104,38.4,2,6.0,0,10,0
CUST-12687,Data Analytics,2026-01-30,Basic,Annual,52.23,5,2,56,0.373,85.0,1,5.3,0,7,0
CUST-12688,Omni Digital,2023-07-03,Basic,Annual,37.47,36,1,14,-0.013,51.7,4,89.5,0,9,0
CUST-12689,Titan Software,2023-10-02,Basic,Annual,52.36,33,4,87,0.051,78.8,6,71.9,0,3,1
CUST-12690,Quantum Flow,2025-06-01,Pro,Monthly,187.26,13,12,216,-0.273,61.0,0,1.0,0,8,0
CUST-12691,Cloud Global,2026-04-01,Pro,Annual,176.24,3,11,375,-0.435,54.7,3,7.0,0,8,0
CUST-12692,Flux Flow,2026-05-02,Basic,Monthly,43.41,2,3,77,-0.123,60.6,3,52.6,2,9,0
CUST-12693,Vanguard Flow,2025-08-31,Basic,Monthly,46.11,10,1,8,0.119,51.4,4,13.8,1,4,0
CUST-12694,Hyper Stack,2026-05-02,Enterprise,Multi-Year,1056.31,2,25,635,0.055,23.9,6,55.5,0,0,0
CUST-12695,Titan Global,2025-10-31,Pro,Monthly,159.83,8,18,488,-0.11,80.0,5,23.1,0,3,0
CUST-12696,Aura Analytics,2025-04-01,Pro,Annual,187.15,15,10,244,-0.248,53.7,5,21.1,3,8,1
CUST-12697,Zentis Digital,2026-01-30,Basic,Monthly,48.7,5,1,7,0.253,57.1,3,7.2,2,7,0
CUST-12698,Cyber Digital,2026-03-02,Pro,Annual,166.19,4,13,130,0.024,92.7,7,31.4,2,7,0
CUST-12699,Flux Networks,2022-07-03,Pro,Monthly,252.63,48,8,265,0.078,86.5,5,8.3,1,4,1
CUST-12700,Cyber Stack,2024-08-01,Pro,Monthly,173.52,23,5,35,-0.086,94.3,5,4.5,0,9,0
CUST-12701,Apex Global,2022-07-03,Enterprise,Annual,898.68,48,14,446,-0.394,39.9,4,76.8,0,8,0
CUST-12702,Hyper Labs,2025-07-02,Basic,Monthly,41.81,12,2,36,-0.355,70.7,2,53.8,0,10,0
CUST-12703,Aero Systems,2024-02-01,Basic,Monthly,62.22,29,2,34,0.473,62.6,5,7.5,0,2,0
CUST-12704,Nexus Digital,2025-12-01,Pro,Annual,215.5,7,9,224,-0.217,33.8,1,6.2,0,9,0
CUST-12705,Nexus HQ,2024-06-01,Pro,Monthly,171.04,25,9,274,-0.45,5.0,1,1.0,1,6,1
CUST-12706,Sync Stack,2026-01-30,Basic,Monthly,57.13,5,1,18,-0.356,40.3,1,60.0,1,3,1
CUST-12707,Cloud Networks,2026-05-02,Basic,Monthly,50.48,2,1,6,0.5,58.6,1,55.1,0,10,0
CUST-12708,Sync Systems,2022-07-03,Basic,Monthly,50.89,48,3,87,-0.429,51.6,4,10.3,1,4,0
CUST-12709,Nexus Flow,2024-10-01,Basic,Annual,46.47,21,3,68,-0.279,59.6,2,56.6,0,10,0
CUST-12710,Omni HQ,2022-07-03,Pro,Annual,176.63,48,13,338,0.479,65.4,2,29.2,0,8,0
CUST-12711,Flux Labs,2025-08-01,Pro,Monthly,209.08,11,11,292,-0.077,67.9,0,7.7,0,9,0
CUST-12712,Titan Dynamics,2025-08-01,Basic,Monthly,44.99,11,1,37,0.059,82.0,3,4.2,0,7,0
CUST-12713,Strata Tech,2025-05-02,Basic,Monthly,62.35,14,4,155,0.148,78.1,4,13.3,1,10,0
CUST-12714,Orion Dynamics,2023-12-02,Basic,Monthly,39.67,31,2,25,-0.31,44.7,3,17.9,1,3,1
CUST-12715,Flux Dynamics,2024-09-01,Basic,Monthly,60.29,22,2,35,-0.015,52.1,3,2.4,3,6,0
CUST-12716,Pulse Flow,2022-07-03,Pro,Annual,195.68,48,9,251,-0.33,77.3,1,27.1,0,3,0
CUST-12717,Flux AI,2026-05-02,Enterprise,Annual,1043.82,2,43,371,-0.35,32.0,1,6.6,0,0,0
CUST-12718,Pulse Global,2023-11-02,Pro,Monthly,223.87,32,7,133,-0.145,18.3,6,2.4,0,2,1
CUST-12719,Omni Flow,2025-08-01,Basic,Monthly,44.37,11,3,92,-0.36,83.6,2,43.4,0,2,0
CUST-12720,Nexus Software,2025-12-31,Enterprise,Annual,1128.51,6,50,1336,0.462,83.4,3,1.0,2,7,0
CUST-12721,Aero AI,2024-12-01,Pro,Monthly,118.18,19,12,167,-0.164,92.3,5,1.0,0,6,0
CUST-12722,Cyber Stack,2024-12-01,Pro,Monthly,177.51,19,11,356,0.305,55.5,6,18.7,0,2,0
CUST-12723,Vanguard Global,2026-01-30,Basic,Monthly,42.21,5,5,108,0.028,16.3,4,11.0,1,8,0
CUST-12724,Nexus Labs,2025-12-01,Basic,Monthly,39.79,7,4,90,-0.202,39.5,2,1.0,3,6,0
CUST-12725,Sync HQ,2025-05-02,Basic,Monthly,47.42,14,3,23,-0.9,65.8,4,41.9,0,9,1
CUST-12726,Orion Dynamics,2025-05-02,Basic,Annual,51.84,14,1,7,-0.281,67.2,2,62.9,0,9,0
CUST-12727,Strata Dynamics,2025-08-01,Basic,Monthly,54.16,11,5,151,0.213,44.5,4,17.7,1,4,0
CUST-12728,Pulse Software,2026-01-30,Basic,Monthly,50.77,5,2,59,-0.233,53.7,2,6.5,0,10,0
CUST-12729,Titan Stack,2026-05-02,Basic,Monthly,44.11,2,7,148,-0.259,31.2,4,8.6,1,4,0
CUST-12730,Zentis Global,2022-07-03,Pro,Annual,210.02,48,18,617,0.168,83.8,2,33.5,1,8,0
CUST-12731,Orion HQ,2022-07-03,Basic,Monthly,49.91,48,1,26,-0.166,40.7,4,13.9,0,8,0
CUST-12732,Data Networks,2024-12-31,Basic,Monthly,55.88,18,2,52,-0.231,74.4,2,4.5,0,6,0
CUST-12733,Strata Systems,2022-07-03,Enterprise,Multi-Year,1115.42,48,60,1869,0.118,70.7,4,13.0,0,5,0
CUST-12734,Vertex Systems,2024-02-01,Enterprise,Annual,1003.57,29,22,507,0.164,48.3,5,29.1,0,3,0
CUST-12735,Cloud Flow,2026-04-01,Pro,Annual,172.22,3,10,259,0.5,75.8,0,13.7,1,5,0
CUST-12736,Nova Tech,2026-01-30,Enterprise,Annual,901.16,5,67,2322,-0.131,51.9,1,8.8,0,1,0
CUST-12737,Aero Labs,2022-07-03,Pro,Annual,182.59,48,11,443,-0.637,55.9,3,4.2,0,6,0
CUST-12738,Cyber Networks,2024-05-02,Enterprise,Multi-Year,951.76,26,11,285,-0.412,58.2,1,10.5,1,6,1
CUST-12739,Flux Networks,2022-08-03,Basic,Annual,50.97,47,3,78,-0.039,41.9,2,58.8,0,4,0
CUST-12740,Quantum Systems,2022-07-03,Basic,Monthly,54.26,48,4,139,0.161,55.2,3,5.1,0,7,0
CUST-12741,Zentis Dynamics,2025-03-02,Basic,Monthly,48.62,16,6,212,0.253,51.9,2,8.3,2,4,0
CUST-12742,Sync Labs,2026-04-01,Basic,Monthly,49.12,3,3,92,-0.031,44.8,0,23.8,0,6,0
CUST-12743,Vanguard Cloud,2025-12-01,Basic,Annual,50.05,7,2,64,0.068,96.3,2,8.8,0,8,0
CUST-12744,Quantum Labs,2026-04-01,Pro,Annual,183.6,3,16,599,-0.241,40.3,2,50.4,0,2,1
CUST-12745,Quantum Software,2025-12-01,Pro,Monthly,171.38,7,9,208,0.03,76.5,0,10.7,0,10,0
CUST-12746,Vanguard Analytics,2025-05-02,Pro,Annual,146.6,14,10,306,-0.027,14.7,4,35.0,0,10,0
CUST-12747,Nexus Stack,2026-01-30,Basic,Monthly,43.89,5,3,74,0.205,55.0,4,9.4,0,3,0
CUST-12748,Orion Dynamics,2025-12-31,Pro,Annual,213.12,6,10,235,0.075,69.6,2,3.0,0,6,0
CUST-12749,Omni Cloud,2025-03-02,Pro,Monthly,178.02,16,16,344,-0.217,60.3,2,77.4,0,8,0
CUST-12750,Zentis Global,2025-07-02,Basic,Monthly,47.25,12,2,50,0.177,57.2,3,68.8,0,3,0
CUST-12751,Titan Tech,2025-01-31,Pro,Annual,212.92,17,7,209,-0.27,18.7,2,9.3,0,4,0
CUST-12752,Vanguard Global,2025-04-01,Basic,Monthly,52.83,15,5,179,-0.176,49.1,2,24.4,0,9,0
CUST-12753,Pulse Systems,2024-04-02,Basic,Monthly,41.07,27,3,41,0.045,83.0,4,1.0,0,5,0
CUST-12754,Nova Tech,2022-07-03,Enterprise,Annual,1148.41,48,79,1206,-0.083,29.6,4,3.2,0,8,0
CUST-12755,Nova Systems,2026-03-02,Basic,Monthly,57.29,4,2,80,0.422,9.3,4,1.0,0,8,0
CUST-12756,Cyber Global,2026-03-02,Basic,Monthly,40.7,4,1,15,0.221,69.9,2,2.2,1,8,0
CUST-12757,Flux AI,2022-07-03,Enterprise,Annual,875.55,48,44,1332,-0.1,73.5,2,1.5,1,3,1
CUST-12758,Vertex Solutions,2024-12-01,Pro,Monthly,234.55,19,24,442,0.074,71.6,4,3.3,1,4,0
CUST-12759,Pulse Software,2023-06-03,Basic,Annual,47.92,37,1,31,0.402,62.3,4,1.0,0,6,0
CUST-12760,Data Digital,2025-12-01,Basic,Annual,32.68,7,2,64,-0.17,53.6,4,20.7,0,6,0
CUST-12761,Vanguard Solutions,2022-10-02,Basic,Monthly,38.71,45,2,47,0.235,83.4,2,75.7,0,0,0
CUST-12762,Titan Networks,2022-07-03,Pro,Monthly,191.56,48,6,139,-0.032,49.1,4,16.7,0,9,0
CUST-12763,Data Stack,2024-05-02,Basic,Monthly,40.45,26,1,29,-0.064,61.0,7,21.6,0,5,1
CUST-12764,Orion Global,2026-03-02,Basic,Monthly,45.96,4,1,29,0.243,82.1,2,30.4,0,10,0
CUST-12765,Aura Global,2022-07-03,Enterprise,Annual,1003.85,48,39,665,-0.295,69.9,2,28.3,0,6,0
CUST-12766,Apex Tech,2023-03-03,Pro,Monthly,242.65,40,9,133,-0.176,67.6,3,6.4,0,8,0
CUST-12767,Titan Cloud,2023-07-03,Basic,Monthly,46.87,36,1,26,-0.006,70.3,3,16.9,1,4,1
CUST-12768,Pulse Software,2026-05-02,Pro,Annual,231.02,2,13,376,0.085,59.5,3,3.8,1,5,1
CUST-12769,Orion Software,2023-02-01,Pro,Monthly,241.65,41,17,307,0.035,79.7,5,8.8,0,6,0
CUST-12770,Orion HQ,2026-01-30,Basic,Monthly,59.54,5,5,80,-0.02,31.0,1,2.3,0,10,1
CUST-12771,Nexus Digital,2025-10-31,Basic,Annual,51.09,8,3,93,-0.082,81.9,1,35.9,0,1,0
CUST-12772,Vanguard AI,2024-08-01,Pro,Annual,140.4,23,14,327,-0.094,100.0,5,2.0,0,4,0
CUST-12773,Hyper AI,2025-10-01,Basic,Monthly,52.39,9,4,99,0.213,94.1,6,35.9,1,6,0
CUST-12774,Sync Global,2024-03-02,Pro,Annual,230.29,28,15,611,-0.344,70.6,2,2.9,0,8,0
CUST-12775,Omni Labs,2024-07-02,Basic,Annual,48.4,24,2,91,-0.009,75.6,4,2.6,0,5,0
CUST-12776,Nova Dynamics,2026-03-02,Basic,Monthly,61.82,4,2,35,-0.569,94.0,4,3.1,0,5,1
CUST-12777,Titan Global,2024-03-02,Basic,Annual,55.32,28,1,16,-0.126,54.0,2,51.1,0,9,0
CUST-12778,Nova Cloud,2022-07-03,Basic,Monthly,53.18,48,5,93,-0.226,19.3,6,38.0,0,8,0
CUST-12779,Aura Labs,2025-12-31,Basic,Monthly,56.98,6,2,48,-0.169,76.3,2,16.8,0,8,0
CUST-12780,Omni Software,2024-07-02,Basic,Monthly,51.45,24,2,53,0.074,78.1,5,55.2,0,5,0
CUST-12781,Data Solutions,2025-07-02,Pro,Monthly,124.59,12,13,377,0.059,70.5,2,9.2,0,8,0
CUST-12782,Nova Tech,2025-01-31,Enterprise,Multi-Year,924.2,17,59,896,-0.4,72.8,2,30.3,0,3,0
CUST-12783,Hyper Systems,2025-08-31,Pro,Monthly,234.74,10,13,179,0.059,51.6,2,1.0,0,3,1
CUST-12784,Flux Global,2025-07-02,Enterprise,Annual,877.98,12,30,472,0.006,59.4,0,26.2,0,3,0
CUST-12785,Apex Digital,2026-05-02,Basic,Monthly,47.36,2,2,55,-0.101,47.4,1,17.5,0,8,0
CUST-12786,Vertex HQ,2022-07-03,Enterprise,Multi-Year,842.43,48,30,106,0.5,60.8,5,1.3,0,9,0
CUST-12787,Data Dynamics,2024-05-02,Basic,Monthly,62.11,26,4,91,0.06,78.8,6,2.5,1,7,0
CUST-12788,Cyber Dynamics,2024-12-01,Enterprise,Multi-Year,1250.97,19,44,1073,-0.3,100.0,3,16.0,2,10,0
CUST-12789,Hyper HQ,2025-06-01,Enterprise,Annual,866.55,13,31,557,-0.094,49.1,3,35.3,1,5,1
CUST-12790,Flux Dynamics,2024-10-31,Pro,Monthly,203.4,20,9,98,-0.094,58.3,5,10.1,0,5,0
CUST-12791,Cyber Digital,2025-06-01,Enterprise,Annual,897.03,13,49,1435,-0.454,44.9,1,2.7,0,7,0
CUST-12792,Vertex Flow,2025-07-02,Pro,Monthly,217.36,12,13,375,-0.069,91.4,4,2.2,1,6,1
CUST-12793,Quantum Labs,2025-01-31,Basic,Monthly,52.75,17,1,34,0.129,51.2,4,3.7,2,10,0
CUST-12794,Strata Flow,2025-10-01,Basic,Monthly,54.97,9,4,128,-0.278,100.0,3,7.5,1,9,0
CUST-12795,Vanguard Labs,2025-12-31,Pro,Monthly,208.91,6,3,69,-0.42,52.8,3,2.0,0,10,1
CUST-12796,Vertex Tech,2024-10-01,Basic,Annual,70.58,21,3,112,-0.355,40.3,1,12.2,0,6,0
CUST-12797,Nexus Systems,2022-08-03,Pro,Monthly,168.32,47,12,374,0.03,58.7,2,9.4,0,6,0
CUST-12798,Sync Global,2025-12-31,Enterprise,Annual,742.67,6,59,2363,0.5,62.9,1,44.5,0,5,0
CUST-12799,Vertex Analytics,2026-05-02,Basic,Monthly,46.11,2,2,31,0.387,71.9,4,49.9,0,5,0
CUST-12800,Pulse Software,2025-10-31,Pro,Annual,152.2,8,10,224,-0.11,73.8,1,3.7,0,7,0
CUST-12801,Sync AI,2022-07-03,Enterprise,Annual,775.35,48,36,1009,0.305,48.0,1,38.7,0,8,0
CUST-12802,Aero Cloud,2022-10-02,Enterprise,Annual,848.95,45,42,1447,-0.114,28.9,2,4.5,1,6,0
CUST-12803,Aero AI,2024-07-02,Enterprise,Multi-Year,860.81,24,39,1289,-0.001,26.5,4,8.7,0,7,0
CUST-12804,Vanguard Labs,2022-07-03,Pro,Annual,170.5,48,14,300,0.077,81.7,2,34.5,1,10,0
CUST-12805,Aero Digital,2025-03-02,Enterprise,Annual,1076.66,16,57,1776,-0.326,30.2,5,17.4,0,8,0
CUST-12806,Hyper Global,2022-07-03,Pro,Annual,183.89,48,9,153,0.291,57.5,4,4.3,0,6,0
CUST-12807,Apex Digital,2025-08-31,Basic,Monthly,47.68,10,2,33,0.149,26.2,7,29.4,0,2,0
CUST-12808,Orion Tech,2025-10-31,Basic,Monthly,55.57,8,1,14,-0.267,72.8,4,30.7,0,7,0
CUST-12809,Zentis Labs,2024-05-02,Pro,Monthly,176.13,26,14,373,-0.36,57.3,3,4.7,2,5,0
CUST-12810,Vertex Solutions,2025-06-01,Basic,Monthly,47.06,13,5,130,-0.459,82.2,5,10.8,1,7,0
CUST-12811,Nova Tech,2024-05-02,Pro,Monthly,209.92,26,10,135,-0.2,85.0,2,87.6,0,7,1
CUST-12812,Omni Stack,2025-08-31,Pro,Annual,141.04,10,13,380,-0.205,46.8,2,1.1,0,7,0
CUST-12813,Omni Analytics,2024-06-01,Basic,Monthly,31.47,25,3,55,-0.014,62.0,2,17.9,1,9,0
CUST-12814,Vertex Networks,2025-10-01,Pro,Monthly,209.33,9,11,215,0.385,64.6,2,4.6,1,5,0
CUST-12815,Strata AI,2026-04-01,Pro,Monthly,213.69,3,15,235,-0.656,88.4,0,46.7,0,3,0
CUST-12816,Aero Dynamics,2022-07-03,Basic,Monthly,64.17,48,2,65,0.089,71.3,3,13.9,0,7,0
CUST-12817,Apex Cloud,2022-07-03,Basic,Monthly,50.16,48,1,17,0.479,63.7,0,25.1,0,5,0
CUST-12818,Cloud Global,2022-07-03,Basic,Monthly,55.03,48,1,37,-0.326,68.7,1,11.7,0,6,0
CUST-12819,Pulse Systems,2023-11-02,Basic,Monthly,47.56,32,2,58,0.388,58.4,3,64.3,0,8,0
CUST-12820,Aero Stack,2024-01-01,Enterprise,Annual,1043.54,30,68,1626,-0.051,95.9,2,8.4,3,5,0
CUST-12821,Flux Networks,2024-09-01,Basic,Monthly,61.25,22,4,131,-0.349,33.7,9,27.5,1,4,1
CUST-12822,Quantum Networks,2026-01-30,Pro,Annual,135.6,5,11,249,0.29,58.0,1,3.8,0,7,0
CUST-12823,Titan Labs,2025-12-01,Basic,Monthly,52.04,7,2,53,-0.03,50.6,2,3.9,0,3,0
CUST-12824,Flux Dynamics,2025-08-31,Basic,Monthly,64.7,10,1,26,0.096,83.0,1,1.0,0,10,0
CUST-12825,Flux Systems,2022-07-03,Pro,Monthly,207.42,48,11,251,0.279,84.8,2,5.6,0,8,0
CUST-12826,Hyper Labs,2025-12-31,Pro,Monthly,248.27,6,21,597,-0.096,54.5,4,1.1,0,7,0
CUST-12827,Apex Analytics,2022-07-03,Basic,Monthly,44.38,48,2,20,0.1,43.7,4,14.6,0,6,0
CUST-12828,Orion AI,2024-10-31,Basic,Monthly,48.76,20,3,48,-0.015,63.0,0,1.5,1,7,0
CUST-12829,Flux Global,2023-11-02,Basic,Annual,49.25,32,3,26,-0.522,39.9,1,15.7,1,5,0
CUST-12830,Vertex Networks,2026-03-02,Basic,Monthly,32.7,4,2,43,0.305,62.8,3,44.2,0,7,0
CUST-12831,Data Flow,2025-10-01,Pro,Monthly,164.13,9,21,345,-0.384,56.0,1,2.6,0,6,0
CUST-12832,Titan HQ,2022-07-03,Basic,Monthly,40.94,48,1,28,0.254,100.0,4,10.6,0,0,0
CUST-12833,Cyber Software,2025-10-01,Basic,Annual,55.04,9,1,14,0.191,56.1,6,45.5,0,8,0
CUST-12834,Nova Systems,2025-08-31,Basic,Annual,55.41,10,1,15,-0.428,88.6,2,9.4,0,9,0
CUST-12835,Cloud Systems,2025-12-01,Enterprise,Annual,1047.56,7,54,1114,0.145,100.0,3,4.1,0,7,0
CUST-12836,Pulse Analytics,2026-01-30,Enterprise,Multi-Year,1122.49,5,5,86,-0.684,43.5,3,31.2,1,2,1
CUST-12837,Sync HQ,2025-10-31,Basic,Monthly,47.79,8,4,109,0.145,100.0,3,15.7,0,8,0
CUST-12838,Hyper Systems,2024-04-02,Pro,Monthly,234.88,27,5,64,-0.206,55.1,4,12.0,0,9,0
CUST-12839,Zentis Dynamics,2025-03-02,Basic,Monthly,49.06,16,2,78,0.219,52.0,1,6.6,0,7,0
CUST-12840,Nexus Dynamics,2024-10-01,Basic,Monthly,49.43,21,4,103,0.022,49.1,1,54.7,0,5,0
CUST-12841,Flux Cloud,2026-01-30,Pro,Monthly,191.07,5,9,153,-0.467,58.3,4,10.2,0,4,0
CUST-12842,Flux Tech,2023-02-01,Enterprise,Annual,1101.56,41,51,1677,0.187,47.1,2,10.7,1,4,0
CUST-12843,Omni Digital,2023-04-03,Enterprise,Annual,935.88,39,43,999,-0.152,69.9,3,20.7,0,5,0
CUST-12844,Vertex Networks,2026-05-02,Pro,Monthly,228.15,2,11,265,-0.324,49.3,1,6.2,0,5,0
CUST-12845,Hyper HQ,2025-06-01,Basic,Annual,40.68,13,4,77,-0.072,62.4,2,77.5,0,4,0
CUST-12846,Zentis Cloud,2026-04-01,Pro,Monthly,166.2,3,9,151,-0.639,42.0,3,20.3,0,8,0
CUST-12847,Vanguard Solutions,2023-03-03,Basic,Monthly,54.05,40,1,23,-0.319,72.7,4,44.8,1,10,1
CUST-12848,Quantum Digital,2023-09-02,Pro,Annual,196.36,34,17,419,0.092,100.0,3,14.4,0,8,0
CUST-12849,Pulse Tech,2022-07-03,Basic,Monthly,45.66,48,1,16,-0.343,68.4,3,112.1,0,8,1
CUST-12850,Omni Analytics,2025-10-31,Pro,Annual,225.57,8,14,418,0.365,75.2,1,9.3,0,8,0
CUST-12851,Vertex Software,2025-03-02,Basic,Annual,44.54,16,5,162,0.016,26.9,0,3.8,0,7,0
CUST-12852,Data Solutions,2025-12-31,Basic,Annual,47.53,6,3,41,-0.309,66.3,3,1.0,3,5,0
CUST-12853,Aura Cloud,2025-06-01,Enterprise,Multi-Year,1208.67,13,56,527,-0.475,51.8,0,5.3,0,9,0
CUST-12854,Vanguard Analytics,2024-10-31,Basic,Monthly,60.31,20,5,123,-0.202,23.5,1,31.3,0,10,0
CUST-12855,Omni Flow,2026-04-01,Pro,Annual,245.94,3,10,185,0.082,84.6,3,4.0,0,6,0
CUST-12856,Zentis Systems,2023-11-02,Basic,Monthly,46.93,32,4,86,0.5,77.0,5,94.5,0,9,0
CUST-12857,Zentis Analytics,2024-10-01,Basic,Monthly,58.05,21,4,76,0.5,55.5,3,21.1,0,9,0
CUST-12858,Titan Stack,2022-10-02,Basic,Monthly,42.03,45,4,155,-0.059,38.1,5,105.8,0,4,1
CUST-12859,Vanguard AI,2025-10-01,Basic,Monthly,42.33,9,3,85,0.093,46.8,6,20.3,0,7,0
CUST-12860,Cloud Labs,2022-07-03,Enterprise,Multi-Year,646.78,48,17,611,0.221,62.5,5,18.4,0,9,0
CUST-12861,Vanguard HQ,2022-07-03,Basic,Monthly,61.3,48,2,11,-0.497,69.6,3,26.2,0,6,1
CUST-12862,Pulse Flow,2022-07-03,Enterprise,Annual,869.53,48,43,1055,0.138,43.5,3,26.4,0,5,0
CUST-12863,Cyber Networks,2023-05-03,Pro,Monthly,195.22,38,10,355,0.045,76.9,4,10.0,0,4,0
CUST-12864,Titan Systems,2023-01-02,Basic,Monthly,42.31,42,3,74,-0.419,99.1,3,3.7,0,6,0
CUST-12865,Vanguard Software,2024-09-01,Pro,Annual,219.75,22,12,235,-0.296,48.1,4,48.4,0,6,0
CUST-12866,Aura Cloud,2025-12-01,Pro,Monthly,187.79,7,8,168,0.034,82.7,1,25.7,1,7,0
CUST-12867,Strata Solutions,2024-02-01,Pro,Annual,160.05,29,16,633,0.022,47.0,3,19.5,0,8,0
CUST-12868,Omni Cloud,2023-11-02,Basic,Monthly,52.25,32,3,89,-0.047,61.0,1,22.1,0,6,0
CUST-12869,Flux Tech,2022-07-03,Basic,Monthly,38.46,48,5,115,-0.613,50.1,2,26.6,0,6,0
CUST-12870,Cloud Digital,2024-10-01,Enterprise,Annual,873.51,21,59,1916,0.194,46.5,2,34.1,0,8,0
CUST-12871,Orion Tech,2025-10-01,Enterprise,Multi-Year,683.28,9,31,805,0.024,36.6,2,51.4,0,3,0
CUST-12872,Sync Dynamics,2024-01-01,Enterprise,Annual,785.62,30,62,1639,-0.426,83.3,1,13.7,0,4,0
CUST-12873,Quantum Software,2022-07-03,Basic,Monthly,50.31,48,3,81,0.131,66.3,0,153.7,0,7,0
CUST-12874,Flux HQ,2025-12-31,Pro,Monthly,140.36,6,10,130,-0.034,21.7,4,26.8,2,5,1
CUST-12875,Sync Flow,2025-08-01,Basic,Monthly,38.11,11,3,59,-0.222,23.7,5,6.6,0,6,0
CUST-12876,Vertex Flow,2024-10-01,Basic,Monthly,48.98,21,3,68,-0.249,68.4,3,1.9,1,5,0
CUST-12877,Vertex Software,2025-12-31,Basic,Monthly,45.0,6,3,62,-0.505,45.0,1,6.6,1,7,0
CUST-12878,Apex Dynamics,2026-05-02,Pro,Monthly,258.46,2,11,246,0.221,61.1,5,16.6,0,5,0
CUST-12879,Nova Digital,2025-07-02,Basic,Annual,62.48,12,2,51,-0.025,51.0,3,35.2,0,6,0
CUST-12880,Apex Dynamics,2022-07-03,Basic,Monthly,42.62,48,4,70,0.45,42.5,5,28.0,0,4,0
CUST-12881,Zentis Analytics,2026-04-01,Enterprise,Multi-Year,1082.49,3,28,781,-0.1,52.4,0,74.0,0,3,0
CUST-12882,Aero Stack,2025-04-01,Basic,Annual,54.51,15,3,87,0.114,66.1,3,6.9,0,6,0
CUST-12883,Zentis HQ,2023-06-03,Basic,Monthly,44.61,37,1,9,-0.222,57.2,3,29.3,0,5,0
CUST-12884,Nexus Global,2022-07-03,Basic,Monthly,38.01,48,1,20,0.041,52.3,4,8.2,1,10,0
CUST-12885,Sync Global,2022-07-03,Enterprise,Multi-Year,997.16,48,29,864,-0.51,37.6,3,43.3,0,4,1
CUST-12886,Flux Cloud,2025-04-01,Pro,Annual,193.84,15,15,241,-0.11,86.9,3,5.5,0,6,0
CUST-12887,Quantum Solutions,2022-07-03,Basic,Monthly,45.8,48,1,33,-0.871,71.4,2,38.0,2,8,0
CUST-12888,Aero HQ,2026-05-02,Pro,Monthly,212.2,2,15,274,-0.509,97.6,5,7.8,0,5,0
CUST-12889,Zentis Flow,2023-08-02,Pro,Annual,176.59,35,13,230,-0.078,68.5,1,3.2,0,7,0
CUST-12890,Omni Systems,2024-04-02,Basic,Monthly,40.53,27,3,80,0.001,62.5,1,45.5,0,7,0
CUST-12891,Strata Global,2025-10-01,Pro,Annual,202.26,9,12,237,0.308,35.3,2,54.5,0,6,0
CUST-12892,Nova Tech,2024-12-01,Pro,Monthly,210.52,19,17,470,0.149,89.1,5,64.7,1,3,0
CUST-12893,Aero Solutions,2026-01-30,Pro,Monthly,163.88,5,17,617,-0.194,48.2,0,35.7,0,8,0
CUST-12894,Nova Labs,2022-07-03,Basic,Monthly,55.82,48,4,154,-0.301,57.8,2,15.0,1,0,0
CUST-12895,Pulse Dynamics,2025-07-02,Enterprise,Annual,733.69,12,49,423,0.5,68.0,2,22.2,1,7,0
CUST-12896,Orion Digital,2024-05-02,Pro,Monthly,181.74,26,9,143,0.252,56.1,2,26.2,0,10,0
CUST-12897,Cloud Stack,2025-12-31,Basic,Monthly,47.1,6,4,162,0.222,66.0,3,32.8,0,4,0
CUST-12898,Nova Systems,2025-12-01,Basic,Monthly,44.32,7,3,76,0.418,89.2,0,15.4,0,9,0
CUST-12899,Strata Systems,2022-07-03,Basic,Annual,44.85,48,1,13,0.33,85.9,1,39.8,0,10,0
CUST-12900,Cloud Analytics,2023-07-03,Basic,Monthly,62.75,36,1,28,0.209,44.9,2,9.7,0,4,0
CUST-12901,Zentis Digital,2022-07-03,Pro,Annual,173.6,48,14,448,-0.348,71.5,2,38.6,0,7,0
CUST-12902,Quantum Flow,2025-08-31,Basic,Monthly,66.94,10,2,45,-0.071,100.0,3,10.0,0,6,0
CUST-12903,Aura Solutions,2025-12-31,Basic,Monthly,52.21,6,5,127,-0.113,76.5,0,13.1,0,9,0
CUST-12904,Nexus HQ,2024-12-01,Pro,Annual,201.75,19,7,147,-0.262,55.5,1,30.7,0,6,0
CUST-12905,Aura HQ,2024-12-31,Basic,Monthly,52.5,18,3,82,0.304,74.8,1,1.8,0,10,0
CUST-12906,Vertex Networks,2025-12-31,Enterprise,Annual,1378.11,6,55,608,0.296,80.2,2,1.0,0,8,0
CUST-12907,Titan HQ,2023-09-02,Basic,Monthly,41.7,34,5,129,-0.118,61.0,5,1.8,0,9,0
CUST-12908,Nexus Digital,2025-06-01,Basic,Monthly,40.76,13,3,43,-0.228,55.0,5,25.4,0,3,1
CUST-12909,Data Global,2025-12-01,Basic,Monthly,43.45,7,5,47,-0.198,54.3,6,20.4,0,4,1
CUST-12910,Titan AI,2025-08-01,Basic,Monthly,49.24,11,2,49,0.004,86.3,0,45.2,1,7,0
CUST-12911,Aura Software,2024-09-01,Basic,Annual,36.32,22,3,49,0.377,50.8,3,4.6,0,5,0
CUST-12912,Strata Software,2023-10-02,Pro,Annual,199.67,33,7,156,-0.053,65.8,1,10.7,0,6,0
CUST-12913,Nexus Labs,2024-12-31,Enterprise,Multi-Year,1252.78,18,52,845,0.091,30.5,2,28.1,2,8,0
CUST-12914,Vanguard Tech,2024-10-31,Basic,Annual,50.11,20,1,16,-0.19,34.3,4,26.3,2,6,0
CUST-12915,Nova Digital,2026-01-30,Pro,Monthly,190.26,5,10,364,0.136,85.9,6,2.8,0,5,0
CUST-12916,Sync Dynamics,2022-07-03,Pro,Annual,180.55,48,12,259,-0.157,25.4,4,20.2,0,2,0
CUST-12917,Sync Analytics,2022-07-03,Pro,Monthly,225.82,48,7,190,-0.207,93.3,2,21.6,1,4,0
CUST-12918,Flux Analytics,2024-01-01,Basic,Annual,42.93,30,4,129,0.5,85.4,1,28.2,2,10,0
CUST-12919,Cloud AI,2026-05-02,Basic,Annual,62.57,2,3,84,0.262,53.4,3,73.6,1,4,0
CUST-12920,Aero Solutions,2024-10-31,Basic,Annual,63.21,20,2,53,-0.239,93.7,2,19.6,0,2,0
CUST-12921,Zentis Digital,2024-05-02,Pro,Monthly,206.66,26,9,217,-0.482,60.7,3,1.5,0,7,0
CUST-12922,Vertex Global,2022-07-03,Pro,Annual,198.66,48,12,280,0.092,89.8,0,21.4,0,10,0
CUST-12923,Sync AI,2022-07-03,Basic,Monthly,56.58,48,1,27,0.081,22.5,3,33.6,0,6,1
CUST-12924,Pulse Global,2022-07-03,Basic,Monthly,57.05,48,4,105,-0.654,88.8,4,7.3,1,0,1
CUST-12925,Aero Solutions,2026-04-01,Enterprise,Multi-Year,878.22,3,50,572,0.182,59.1,3,128.8,0,6,0
CUST-12926,Titan Cloud,2022-07-03,Pro,Monthly,183.28,48,13,261,-0.214,94.0,9,23.9,0,9,0
CUST-12927,Aura Software,2024-06-01,Enterprise,Multi-Year,800.85,25,48,1245,-0.106,47.5,0,24.3,0,8,0
CUST-12928,Orion Labs,2023-02-01,Pro,Monthly,211.21,41,18,604,-0.197,80.0,3,31.3,0,7,0
CUST-12929,Nova Software,2025-05-02,Basic,Annual,53.9,14,3,68,-0.45,82.5,4,1.1,0,6,0
CUST-12930,Quantum Cloud,2025-08-01,Pro,Monthly,158.7,11,3,54,-0.158,51.2,3,4.1,1,8,1
CUST-12931,Cloud HQ,2025-01-31,Pro,Annual,185.41,17,3,53,0.143,45.3,1,29.0,0,3,0
CUST-12932,Vertex Global,2026-01-30,Basic,Annual,39.1,5,2,36,0.055,68.2,5,23.5,0,9,0
CUST-12933,Sync HQ,2025-07-02,Pro,Annual,172.17,12,10,325,-0.292,56.9,3,98.9,1,5,0
CUST-12934,Quantum Systems,2022-07-03,Pro,Monthly,215.45,48,11,256,-0.044,87.6,3,21.4,1,8,1
CUST-12935,Cloud Solutions,2026-05-02,Basic,Annual,43.61,2,4,90,0.177,32.3,1,35.3,0,7,0
CUST-12936,Orion Flow,2025-12-31,Pro,Monthly,190.02,6,14,358,-0.169,52.8,4,23.6,1,3,0
CUST-12937,Hyper Digital,2026-01-30,Pro,Monthly,150.42,5,14,447,0.131,29.8,2,13.2,0,8,0
CUST-12938,Pulse AI,2025-05-02,Enterprise,Annual,1027.02,14,35,839,-0.223,59.2,2,21.8,0,10,0
CUST-12939,Vanguard Flow,2022-07-03,Basic,Annual,48.67,48,2,47,0.144,68.9,3,61.6,0,7,0
CUST-12940,Hyper Cloud,2025-12-31,Basic,Monthly,43.64,6,1,7,0.339,85.0,2,3.0,1,5,0
CUST-12941,Aura Cloud,2026-01-30,Pro,Annual,193.36,5,18,415,-0.332,81.5,1,19.7,3,4,1
CUST-12942,Data Analytics,2022-07-03,Basic,Monthly,50.33,48,2,50,0.149,75.5,2,31.8,1,5,0
CUST-12943,Cloud Digital,2022-07-03,Pro,Monthly,174.68,48,19,379,-0.526,34.2,4,4.6,0,3,1
CUST-12944,Cyber Labs,2026-05-02,Pro,Annual,154.93,2,9,163,-0.142,47.0,3,9.9,1,3,1
CUST-12945,Pulse Labs,2023-07-03,Basic,Monthly,62.27,36,1,22,0.055,79.4,2,14.6,0,10,0
CUST-12946,Quantum Analytics,2024-03-02,Pro,Annual,180.1,28,13,118,-0.666,50.6,4,40.5,0,6,1
CUST-12947,Zentis Systems,2023-06-03,Pro,Monthly,196.11,37,13,399,-0.381,93.8,1,27.2,1,4,0
CUST-12948,Quantum Digital,2024-12-31,Basic,Monthly,56.43,18,2,52,0.221,60.2,1,3.1,3,9,0
CUST-12949,Nova Labs,2022-07-03,Enterprise,Annual,1527.83,48,32,366,-0.165,58.3,2,30.3,0,8,0
CUST-12950,Zentis Systems,2026-04-01,Pro,Monthly,161.85,3,7,168,0.049,74.9,3,8.3,0,7,0
CUST-12951,Nexus Systems,2025-10-31,Pro,Monthly,212.43,8,21,446,-0.092,73.3,6,41.9,0,9,0
CUST-12952,Sync Software,2025-05-02,Pro,Monthly,177.88,14,8,90,0.123,52.4,3,3.3,0,4,0
CUST-12953,Cloud Global,2025-03-02,Basic,Monthly,45.04,16,3,101,-0.22,100.0,4,40.2,1,7,0
CUST-12954,Aero Analytics,2022-07-03,Enterprise,Annual,891.08,48,46,1878,-0.208,67.6,3,25.7,1,8,0
CUST-12955,Zentis Digital,2024-09-01,Pro,Monthly,165.4,22,9,282,-0.387,55.7,4,23.8,0,4,1
CUST-12956,Apex Software,2026-04-01,Pro,Annual,197.77,3,21,134,-0.22,77.5,2,4.7,0,6,0
CUST-12957,Omni Tech,2025-05-02,Enterprise,Annual,778.05,14,55,1255,-0.488,55.2,1,7.1,0,4,0
CUST-12958,Data Cloud,2025-04-01,Basic,Annual,55.96,15,3,64,-0.345,60.1,1,16.7,0,2,1
CUST-12959,Orion Cloud,2022-07-03,Pro,Annual,200.64,48,10,231,0.369,52.3,2,14.3,0,10,0
CUST-12960,Aura Systems,2024-07-02,Basic,Monthly,52.1,24,4,54,-0.03,67.7,2,18.3,0,7,0
CUST-12961,Pulse Dynamics,2024-05-02,Basic,Monthly,45.57,26,1,43,-0.285,60.6,2,20.6,0,6,1
CUST-12962,Cyber Analytics,2023-11-02,Basic,Monthly,46.3,32,2,53,0.246,44.9,2,69.8,1,5,0
CUST-12963,Quantum Stack,2023-05-03,Enterprise,Annual,1042.09,38,54,987,-0.115,54.8,5,3.4,0,5,0
CUST-12964,Zentis Dynamics,2024-05-02,Enterprise,Annual,824.57,26,50,1513,0.285,55.6,1,18.4,1,4,0
CUST-12965,Cloud Analytics,2025-10-31,Pro,Annual,188.31,8,9,136,-0.102,70.6,3,12.0,0,10,0
CUST-12966,Nova Networks,2022-07-03,Pro,Annual,173.34,48,14,434,0.286,57.5,2,3.2,1,7,0
CUST-12967,Cloud Flow,2023-09-02,Pro,Monthly,172.42,34,9,281,0.269,61.1,5,26.1,0,10,0
CUST-12968,Vanguard Software,2023-08-02,Enterprise,Multi-Year,682.84,35,50,890,0.252,54.2,2,1.0,0,4,0
CUST-12969,Strata Analytics,2022-07-03,Basic,Monthly,58.84,48,4,87,-0.578,60.0,4,5.8,0,6,0
CUST-12970,Zentis Tech,2023-02-01,Basic,Monthly,43.95,41,5,130,-0.029,64.5,4,14.4,2,6,0
CUST-12971,Pulse AI,2022-10-02,Basic,Monthly,57.55,45,4,107,-0.151,33.9,2,20.5,0,10,1
CUST-12972,Aero Systems,2022-07-03,Pro,Annual,230.9,48,13,505,-0.274,64.8,2,15.8,0,8,0
CUST-12973,Hyper Labs,2025-12-31,Pro,Annual,160.61,6,16,355,-0.305,44.2,3,28.9,0,2,0
CUST-12974,Data Global,2024-12-31,Basic,Annual,41.0,18,2,65,-0.126,50.6,2,81.7,1,6,0
CUST-12975,Nova Digital,2024-08-01,Basic,Monthly,67.82,23,3,33,-0.084,86.7,3,28.1,0,8,0
CUST-12976,Cyber Dynamics,2025-08-01,Pro,Annual,251.27,11,12,318,-0.092,70.4,4,64.5,0,7,0
CUST-12977,Quantum Analytics,2022-09-02,Basic,Monthly,48.77,46,4,102,0.012,81.6,5,4.2,0,2,0
CUST-12978,Hyper Systems,2023-06-03,Pro,Monthly,206.68,37,13,207,0.158,50.8,2,4.2,0,6,0
CUST-12979,Aura Software,2023-10-02,Enterprise,Annual,904.47,33,67,2505,-0.145,32.3,3,18.5,1,4,0
CUST-12980,Orion Analytics,2022-07-03,Basic,Monthly,52.18,48,3,62,-0.209,72.0,4,29.6,1,6,0
CUST-12981,Nexus Software,2025-10-01,Basic,Monthly,43.73,9,2,28,-0.056,95.8,2,2.2,1,7,0
CUST-12982,Flux Global,2023-09-02,Pro,Monthly,138.33,34,11,259,-0.099,75.7,2,15.6,0,7,0
CUST-12983,Hyper Tech,2024-10-01,Pro,Annual,159.55,21,14,307,-0.294,42.1,2,75.7,0,4,0
CUST-12984,Aura Digital,2025-08-01,Pro,Monthly,199.63,11,8,131,-0.041,62.4,4,43.5,1,3,0
CUST-12985,Quantum Software,2025-12-31,Enterprise,Annual,829.51,6,31,331,0.053,5.0,2,6.3,0,4,1
CUST-12986,Orion Global,2022-07-03,Basic,Monthly,48.51,48,2,30,-0.19,71.9,0,16.9,0,9,0
CUST-12987,Apex Software,2024-07-02,Pro,Monthly,166.92,24,6,139,-0.16,51.0,2,2.4,0,5,1
CUST-12988,Cyber Global,2022-11-02,Pro,Monthly,175.65,44,7,148,0.138,39.3,0,15.6,0,8,0
CUST-12989,Cyber Solutions,2024-10-01,Enterprise,Annual,1126.85,21,53,874,0.352,91.4,5,13.7,0,10,0
CUST-12990,Nexus Flow,2025-10-31,Basic,Monthly,50.82,8,3,66,-0.192,95.8,3,39.8,1,10,0
CUST-12991,Nova AI,2025-07-02,Pro,Monthly,198.71,12,13,484,0.102,55.0,2,12.9,2,4,0
CUST-12992,Pulse Stack,2025-06-01,Pro,Annual,225.24,13,7,168,0.166,28.2,0,75.8,0,6,0
CUST-12993,Aura Stack,2022-07-03,Basic,Monthly,52.53,48,5,124,0.065,79.4,1,7.3,0,7,0
CUST-12994,Aero Solutions,2026-05-02,Basic,Monthly,59.63,2,1,13,-0.004,87.3,4,18.5,0,8,0
CUST-12995,Zentis Stack,2022-07-03,Enterprise,Annual,930.09,48,45,1479,0.456,51.7,3,25.2,1,9,0
CUST-12996,Zentis Tech,2022-07-03,Basic,Annual,45.84,48,4,178,0.068,54.2,4,5.0,0,10,0
CUST-12997,Cyber Systems,2022-07-03,Basic,Monthly,39.44,48,3,85,-0.722,62.5,0,22.1,0,6,0
CUST-12998,Sync Cloud,2025-01-31,Basic,Monthly,45.85,17,3,39,-0.2,90.6,1,19.9,1,3,1
CUST-12999,Pulse Software,2022-07-03,Enterprise,Annual,1143.57,48,48,1093,-0.065,80.8,1,8.4,1,7,0
CUST-13000,Vertex Networks,2025-05-02,Pro,Annual,237.8,14,3,66,0.026,50.8,0,9.1,0,6,1
CUST-13001,Orion Software,2026-05-02,Pro,Annual,227.67,2,11,21,-0.145,98.8,2,8.5,0,7,0
CUST-13002,Flux AI,2025-10-31,Basic,Annual,35.81,8,3,58,0.369,68.0,3,10.6,0,9,0
CUST-13003,Sync HQ,2022-07-03,Pro,Annual,231.33,48,12,295,-0.173,59.5,2,5.2,1,9,1
CUST-13004,Apex Flow,2026-05-02,Pro,Monthly,144.12,2,15,292,0.21,47.8,3,2.7,0,7,0
CUST-13005,Apex Analytics,2024-10-01,Pro,Monthly,225.81,21,14,367,-0.025,71.5,3,12.5,0,4,0
CUST-13006,Nova Tech,2026-04-01,Enterprise,Annual,943.89,3,7,205,0.291,73.5,2,11.9,1,10,0
CUST-13007,Nova Labs,2025-08-31,Basic,Monthly,54.16,10,4,73,-0.39,63.6,5,45.8,0,3,1
CUST-13008,Aero Digital,2026-03-02,Pro,Monthly,159.23,4,11,234,0.264,60.9,3,19.0,0,6,0
CUST-13009,Data Flow,2022-07-03,Basic,Monthly,57.61,48,4,97,-0.464,52.2,4,7.2,0,9,0
CUST-13010,Vanguard AI,2024-08-01,Pro,Monthly,155.27,23,4,68,0.112,77.5,6,1.0,0,10,0
CUST-13011,Titan Tech,2022-07-03,Basic,Monthly,44.09,48,4,61,-0.017,38.1,2,46.0,0,10,0
CUST-13012,Quantum AI,2024-01-01,Basic,Monthly,41.66,30,4,102,-0.204,29.3,1,12.1,0,6,0
CUST-13013,Zentis Networks,2022-07-03,Basic,Annual,36.11,48,2,40,-0.034,50.0,1,20.0,0,9,0
CUST-13014,Sync Dynamics,2024-12-01,Pro,Annual,201.82,19,12,234,-0.084,68.4,3,51.8,0,7,0
CUST-13015,Flux AI,2024-05-02,Basic,Annual,62.27,26,2,38,0.146,33.0,2,24.9,0,5,0
CUST-13016,Zentis Solutions,2024-08-01,Pro,Monthly,278.61,23,12,239,-0.416,100.0,2,24.5,0,4,0
CUST-13017,Orion Networks,2024-12-31,Basic,Monthly,49.71,18,1,21,0.217,47.4,2,4.3,0,7,0
CUST-13018,Aero Stack,2022-08-03,Basic,Monthly,57.21,47,3,74,0.333,27.9,2,20.2,0,10,0
CUST-13019,Data AI,2024-04-02,Pro,Monthly,205.93,27,13,281,0.323,49.1,4,4.3,0,6,0
CUST-13020,Flux Stack,2023-02-01,Basic,Monthly,52.67,41,1,27,-0.135,95.5,7,31.9,0,4,0
CUST-13021,Flux Cloud,2023-04-03,Basic,Annual,46.49,39,2,60,0.004,63.7,2,5.2,2,9,0
CUST-13022,Cloud Solutions,2025-12-01,Pro,Annual,204.82,7,11,199,-0.102,49.3,2,3.0,0,10,0
CUST-13023,Flux Global,2024-04-02,Basic,Monthly,52.95,27,2,60,-0.365,72.1,5,60.6,0,7,1
CUST-13024,Aura Networks,2025-12-01,Basic,Monthly,44.75,7,1,13,-0.03,15.8,4,64.6,0,5,1
CUST-13025,Omni Analytics,2024-08-01,Basic,Monthly,48.43,23,5,84,0.18,77.9,6,18.1,0,10,0
CUST-13026,Titan Stack,2024-02-01,Enterprise,Annual,990.24,29,60,749,0.142,65.3,3,8.4,0,5,0
CUST-13027,Aero Flow,2022-07-03,Pro,Monthly,223.67,48,11,205,-0.094,28.7,2,28.8,0,8,1
CUST-13028,Quantum Dynamics,2026-05-02,Pro,Monthly,167.18,2,13,155,-0.037,64.1,3,19.9,0,9,0
CUST-13029,Hyper Flow,2026-03-02,Pro,Monthly,197.46,4,10,348,-0.149,75.0,6,10.7,2,5,0
CUST-13030,Pulse Cloud,2026-04-01,Basic,Monthly,63.05,3,2,40,-0.237,97.3,3,9.0,0,9,0
CUST-13031,Cloud Tech,2025-05-02,Basic,Monthly,57.56,14,6,111,-0.129,32.9,2,34.1,0,10,1
CUST-13032,Data Global,2022-11-02,Pro,Monthly,239.27,44,11,128,-0.365,67.4,1,1.0,1,9,0
CUST-13033,Aero Stack,2022-08-03,Basic,Monthly,49.18,47,3,58,-0.355,100.0,2,14.2,1,5,0
CUST-13034,Vanguard Stack,2023-09-02,Basic,Annual,51.36,34,1,24,0.337,48.9,3,1.0,0,7,0
CUST-13035,Flux Analytics,2022-07-03,Basic,Monthly,56.37,48,4,119,-0.162,46.3,1,10.4,0,10,0
CUST-13036,Nexus Systems,2025-08-01,Basic,Annual,60.47,11,2,55,-0.18,60.3,3,6.8,0,4,0
CUST-13037,Aero Digital,2026-03-02,Enterprise,Multi-Year,706.55,4,49,791,0.008,57.4,1,8.8,1,8,0
CUST-13038,Apex Stack,2026-04-01,Basic,Annual,39.33,3,3,61,0.289,52.1,2,35.0,0,9,0
CUST-13039,Vertex Dynamics,2022-07-03,Pro,Annual,238.09,48,6,243,-0.55,87.1,0,13.3,0,2,0
CUST-13040,Quantum Cloud,2023-09-02,Basic,Monthly,46.96,34,3,78,0.068,53.7,1,10.5,0,4,0
CUST-13041,Orion AI,2023-12-02,Enterprise,Multi-Year,898.34,31,40,615,-0.038,43.3,3,25.9,0,6,0
CUST-13042,Vertex Tech,2025-07-02,Basic,Monthly,39.78,12,2,47,-0.376,88.1,4,49.4,0,9,0
CUST-13043,Sync HQ,2025-06-01,Basic,Monthly,44.92,13,3,71,-0.143,36.7,1,17.4,0,7,1
CUST-13044,Titan Tech,2022-07-03,Pro,Annual,157.14,48,10,294,-0.462,61.6,0,12.2,0,6,0
CUST-13045,Orion Labs,2026-04-01,Pro,Annual,261.42,3,18,535,-0.508,30.5,4,31.3,0,5,0
CUST-13046,Aero Software,2023-05-03,Basic,Annual,48.84,38,5,124,0.085,97.7,2,58.9,2,5,0
CUST-13047,Aero Analytics,2025-08-01,Basic,Monthly,48.57,11,4,83,-0.355,40.3,6,61.5,0,9,0
CUST-13048,Nova Networks,2026-05-02,Basic,Annual,53.32,2,4,82,0.079,33.7,5,75.1,0,7,1
CUST-13049,Orion Labs,2023-08-02,Basic,Monthly,56.07,35,1,14,0.396,85.5,6,2.7,0,3,0
CUST-13050,Cloud Digital,2025-08-01,Basic,Monthly,55.95,11,2,31,-0.28,34.8,3,46.5,0,7,1
CUST-13051,Aura Cloud,2023-10-02,Basic,Monthly,56.89,33,1,20,-0.404,72.4,2,84.2,0,9,0
CUST-13052,Apex HQ,2023-11-02,Basic,Annual,44.36,32,2,86,-0.009,45.5,7,14.6,0,5,0
CUST-13053,Nova Networks,2024-10-31,Basic,Annual,46.81,20,2,59,-0.214,85.8,2,18.4,2,7,0
CUST-13054,Data Labs,2023-05-03,Pro,Annual,221.96,38,13,375,-0.033,94.8,1,19.0,0,5,0
CUST-13055,Orion Global,2024-08-01,Enterprise,Annual,919.97,23,63,1636,-0.175,36.8,4,46.5,0,8,0
CUST-13056,Nova Flow,2025-08-31,Pro,Monthly,198.85,10,13,210,-0.008,67.1,2,17.5,0,6,0
CUST-13057,Pulse Analytics,2023-09-02,Basic,Monthly,51.93,34,4,65,-0.248,32.6,5,95.0,1,7,1
CUST-13058,Cloud Digital,2024-08-01,Basic,Annual,54.77,23,5,179,0.154,40.3,3,41.8,0,8,0
CUST-13059,Nexus Solutions,2026-05-02,Enterprise,Annual,732.61,2,32,854,-0.357,41.2,3,6.1,0,7,0
CUST-13060,Pulse Digital,2022-07-03,Basic,Monthly,54.25,48,2,16,-0.164,61.8,2,9.7,2,8,0
CUST-13061,Apex Systems,2024-10-01,Basic,Monthly,47.28,21,1,19,-0.17,54.4,3,27.8,0,2,1
CUST-13062,Vertex Networks,2022-07-03,Pro,Annual,220.12,48,9,213,0.492,58.8,2,5.3,1,9,0
CUST-13063,Aero Solutions,2022-07-03,Pro,Annual,222.19,48,9,171,-0.416,59.8,1,13.8,0,4,0
CUST-13064,Aero AI,2025-03-02,Pro,Annual,247.0,16,11,374,0.181,72.1,0,9.0,0,0,0
CUST-13065,Zentis HQ,2024-12-01,Basic,Monthly,58.95,19,1,23,-0.102,42.1,4,16.3,0,4,1
CUST-13066,Nova Labs,2025-04-01,Basic,Monthly,58.9,15,4,67,0.389,51.4,3,17.9,0,8,0
CUST-13067,Vertex Software,2025-03-02,Enterprise,Annual,1215.33,16,30,740,-0.169,60.6,2,1.0,0,7,0
CUST-13068,Vertex Global,2022-07-03,Basic,Monthly,51.14,48,6,108,-0.002,72.1,4,18.5,0,4,0
CUST-13069,Omni Flow,2023-03-03,Pro,Annual,199.96,40,3,111,-0.059,64.8,3,10.6,0,3,0
CUST-13070,Flux Software,2026-01-30,Pro,Monthly,225.05,5,18,289,-0.424,58.8,3,55.2,2,4,1
CUST-13071,Zentis Solutions,2024-06-01,Pro,Annual,220.85,25,10,179,0.161,71.3,4,5.6,1,7,0
CUST-13072,Titan Dynamics,2022-07-03,Basic,Monthly,46.73,48,5,130,0.074,84.9,2,4.9,0,7,0
CUST-13073,Sync HQ,2024-07-02,Basic,Monthly,51.98,24,3,95,-0.225,58.7,1,11.3,0,7,0
CUST-13074,Orion HQ,2023-04-03,Pro,Annual,197.95,39,18,418,0.057,60.7,1,14.0,2,6,1
CUST-13075,Strata Software,2023-06-03,Enterprise,Annual,871.04,37,41,658,0.211,50.2,2,10.7,0,10,0
CUST-13076,Aero Analytics,2025-07-02,Enterprise,Multi-Year,1192.38,12,52,1737,-0.245,88.1,1,1.0,0,7,0
CUST-13077,Apex Networks,2025-06-01,Basic,Monthly,49.41,13,5,155,-0.137,100.0,4,39.6,2,6,1
CUST-13078,Cloud AI,2023-10-02,Basic,Monthly,64.06,33,3,3,0.058,89.9,0,12.9,0,7,0
CUST-13079,Nova Tech,2024-12-31,Enterprise,Annual,755.42,18,39,1122,-0.062,74.0,2,40.7,0,9,0
CUST-13080,Flux Tech,2024-09-01,Pro,Monthly,182.38,22,12,291,-0.621,44.0,1,12.1,1,0,1
CUST-13081,Nova Networks,2023-11-02,Enterprise,Multi-Year,1003.89,32,69,1163,-0.212,83.4,4,41.4,0,4,0
CUST-13082,Vanguard Tech,2023-05-03,Basic,Monthly,57.36,38,4,91,-0.089,63.0,3,20.3,0,9,0
CUST-13083,Nova Networks,2025-10-01,Pro,Monthly,210.92,9,13,172,-0.262,8.8,1,9.0,1,5,0
CUST-13084,Flux Dynamics,2026-01-30,Pro,Monthly,208.27,5,13,302,-0.333,91.0,2,57.5,0,9,0
CUST-13085,Zentis Networks,2025-08-31,Pro,Annual,165.35,10,13,344,-0.416,64.4,0,18.0,0,3,0
CUST-13086,Strata AI,2024-12-01,Basic,Annual,40.5,19,3,67,0.461,84.9,8,112.3,0,7,0
CUST-13087,Zentis Cloud,2025-07-02,Basic,Monthly,51.37,12,1,29,-0.496,75.4,2,27.6,0,8,0
CUST-13088,Pulse Stack,2024-09-01,Pro,Annual,158.28,22,7,107,0.116,53.0,1,8.6,0,5,0
CUST-13089,Vanguard Stack,2026-04-01,Basic,Monthly,45.09,3,3,65,-0.451,47.1,5,10.0,1,8,0
CUST-13090,Strata Digital,2024-12-01,Basic,Monthly,52.68,19,3,58,-0.432,82.5,4,29.3,0,0,1
CUST-13091,Strata Software,2025-06-01,Enterprise,Annual,851.8,13,51,1133,-0.059,62.9,5,6.6,0,4,0
CUST-13092,Zentis Dynamics,2024-10-31,Basic,Monthly,60.8,20,3,108,-0.246,51.1,5,15.6,0,6,1
CUST-13093,Apex Cloud,2025-04-01,Pro,Annual,235.53,15,12,489,-0.288,100.0,5,8.2,0,8,1
CUST-13094,Hyper Networks,2025-08-31,Basic,Monthly,37.45,10,1,32,-0.342,23.6,2,1.0,0,10,0
CUST-13095,Vertex AI,2022-07-03,Pro,Annual,171.17,48,13,465,-0.445,66.4,5,4.0,2,8,0
CUST-13096,Pulse Digital,2025-12-01,Enterprise,Multi-Year,656.48,7,46,946,-0.496,17.8,1,2.9,0,5,0
CUST-13097,Pulse Stack,2024-01-01,Basic,Monthly,43.25,30,3,91,-0.43,72.1,1,19.6,0,6,0
CUST-13098,Vanguard AI,2022-07-03,Basic,Annual,54.63,48,1,44,0.247,56.9,2,24.6,0,2,0
CUST-13099,Titan Global,2024-10-31,Basic,Monthly,45.96,20,6,145,-0.421,62.8,2,1.0,0,10,0
CUST-13100,Flux Labs,2022-07-03,Basic,Monthly,52.39,48,1,29,-0.487,81.7,5,1.6,0,8,0
CUST-13101,Sync HQ,2026-01-30,Pro,Monthly,153.56,5,9,315,-0.403,88.8,1,7.7,1,7,0
CUST-13102,Omni Tech,2024-12-31,Enterprise,Annual,1118.58,18,50,188,-0.019,31.1,2,9.8,0,8,0
CUST-13103,Aero Digital,2025-03-02,Basic,Monthly,44.92,16,3,109,-0.215,47.5,1,56.7,1,9,0
CUST-13104,Vanguard Tech,2026-05-02,Basic,Monthly,49.09,2,3,68,-0.167,44.8,5,7.5,0,7,0
CUST-13105,Flux Software,2025-03-02,Basic,Monthly,48.32,16,5,113,-0.322,100.0,2,3.9,1,7,0
CUST-13106,Cloud Cloud,2025-06-01,Pro,Annual,161.04,13,17,530,-0.075,42.3,4,12.8,0,5,0
CUST-13107,Vanguard Solutions,2024-02-01,Basic,Monthly,40.52,29,1,32,0.302,44.1,3,11.2,0,10,0
CUST-13108,Data Software,2022-07-03,Pro,Annual,227.89,48,10,277,-0.274,31.7,1,5.8,1,2,0
CUST-13109,Zentis Networks,2026-03-02,Pro,Annual,210.91,4,13,444,-0.265,96.6,2,1.9,0,8,0
CUST-13110,Cloud Flow,2025-08-01,Pro,Monthly,230.34,11,13,399,0.058,58.8,2,37.4,0,5,1
CUST-13111,Data Cloud,2025-03-02,Basic,Annual,51.39,16,2,39,0.054,29.6,3,35.5,0,4,0
CUST-13112,Data HQ,2025-03-02,Pro,Annual,203.27,16,16,418,-0.02,45.3,2,24.8,0,9,0
CUST-13113,Pulse Dynamics,2023-05-03,Basic,Monthly,36.31,38,1,22,0.038,61.5,0,38.4,0,4,0
CUST-13114,Sync HQ,2025-03-02,Basic,Monthly,47.01,16,4,60,-0.208,89.1,10,1.0,0,7,0
CUST-13115,Pulse HQ,2026-05-02,Enterprise,Annual,994.9,2,69,1180,-0.108,42.5,4,5.9,0,7,0
CUST-13116,Pulse Dynamics,2023-11-02,Pro,Annual,257.3,32,22,271,0.179,49.3,3,29.8,0,3,0
CUST-13117,Orion Solutions,2022-07-03,Basic,Monthly,54.05,48,3,65,0.003,71.3,4,5.8,0,2,0
CUST-13118,Quantum Stack,2024-12-01,Basic,Monthly,60.29,19,4,132,0.07,66.7,2,30.5,3,8,0
CUST-13119,Hyper Tech,2024-08-01,Basic,Monthly,53.39,23,1,29,0.272,58.9,1,50.7,0,8,0
CUST-13120,Vertex Digital,2025-12-31,Basic,Monthly,43.77,6,2,21,-0.281,100.0,4,25.1,0,4,1
CUST-13121,Aura Analytics,2025-10-31,Basic,Annual,49.86,8,3,109,-0.014,47.4,3,31.4,0,3,0
CUST-13122,Apex Stack,2025-10-31,Basic,Monthly,50.74,8,2,79,0.209,58.3,2,59.6,0,6,0
CUST-13123,Flux Labs,2025-04-01,Basic,Monthly,42.1,15,5,135,-0.218,100.0,2,18.2,0,6,0
CUST-13124,Aura Solutions,2022-07-03,Pro,Annual,187.53,48,13,494,-0.02,78.6,3,3.9,3,7,0
CUST-13125,Orion Solutions,2024-10-31,Pro,Monthly,192.86,20,8,347,0.152,44.8,4,1.3,0,6,0
CUST-13126,Aura Software,2025-12-01,Pro,Annual,246.93,7,1,18,0.221,61.6,1,26.6,3,7,0
CUST-13127,Zentis Dynamics,2025-10-01,Basic,Annual,33.71,9,5,176,0.022,41.2,3,39.9,0,10,1
CUST-13128,Sync Cloud,2025-06-01,Enterprise,Multi-Year,1179.69,13,58,1550,-0.119,100.0,0,25.2,3,8,0
CUST-13129,Cloud Stack,2024-06-01,Pro,Monthly,171.04,25,16,188,-0.128,39.8,3,14.5,0,8,0
CUST-13130,Nova Networks,2025-03-02,Pro,Monthly,158.04,16,16,248,-0.496,90.9,2,27.7,0,6,0
CUST-13131,Aero HQ,2025-05-02,Pro,Annual,234.22,14,19,551,-0.111,72.6,3,19.0,0,2,0
CUST-13132,Zentis Systems,2024-09-01,Enterprise,Annual,1108.67,22,55,1470,0.228,46.1,6,5.4,0,6,0
CUST-13133,Nexus Global,2025-10-31,Pro,Monthly,236.45,8,11,177,-0.186,48.1,3,8.0,1,6,0
CUST-13134,Cyber Cloud,2026-03-02,Basic,Monthly,54.89,4,1,11,-0.272,78.2,1,4.2,0,10,0
CUST-13135,Flux Labs,2026-05-02,Pro,Monthly,260.49,2,11,153,-0.508,36.7,2,21.6,1,3,1
CUST-13136,Nova Solutions,2025-10-01,Pro,Annual,215.68,9,19,304,-0.576,80.7,1,1.3,1,10,0
CUST-13137,Aero Dynamics,2026-03-02,Pro,Annual,194.33,4,12,374,-0.254,44.0,4,13.5,0,5,0
CUST-13138,Cloud Cloud,2025-07-02,Pro,Annual,209.24,12,11,23,-0.252,69.2,4,13.8,0,7,0
CUST-13139,Hyper Flow,2023-05-03,Basic,Monthly,58.14,38,2,14,0.438,41.6,4,20.7,0,3,0
CUST-13140,Nova Cloud,2023-11-02,Basic,Monthly,43.27,32,1,23,-0.279,48.6,4,84.6,0,10,1
CUST-13141,Vanguard Flow,2024-06-01,Enterprise,Annual,901.31,25,30,668,-0.145,52.1,4,29.7,0,8,0
CUST-13142,Apex Labs,2022-07-03,Pro,Annual,189.78,48,15,654,0.473,77.4,3,8.4,0,7,0
CUST-13143,Data AI,2025-08-31,Pro,Monthly,136.18,10,12,212,0.142,38.2,3,8.0,0,9,0
CUST-13144,Zentis Tech,2022-07-03,Basic,Monthly,50.01,48,1,30,-0.07,48.2,3,10.8,0,6,0
CUST-13145,Vanguard Solutions,2025-05-02,Basic,Annual,35.14,14,4,116,0.197,74.6,6,11.7,0,4,0
CUST-13146,Orion Dynamics,2025-05-02,Enterprise,Annual,1006.95,14,38,868,0.043,59.4,1,4.8,0,2,0
CUST-13147,Sync Systems,2025-05-02,Pro,Monthly,224.83,14,7,255,-0.435,42.7,0,32.7,0,7,0
CUST-13148,Flux Networks,2026-03-02,Pro,Annual,184.77,4,11,228,-0.152,83.8,1,55.6,0,5,0
CUST-13149,Pulse Networks,2022-07-03,Basic,Annual,61.33,48,2,69,-0.083,45.3,2,15.4,0,5,0
CUST-13150,Aura Analytics,2026-01-30,Pro,Monthly,155.4,5,14,421,-0.1,42.6,1,1.8,0,7,0
CUST-13151,Vanguard Solutions,2025-07-02,Basic,Annual,57.76,12,2,64,-0.4,75.8,8,5.1,2,8,0
CUST-13152,Cloud Cloud,2025-08-01,Pro,Monthly,219.15,11,17,347,0.222,76.9,0,12.4,1,10,0
CUST-13153,Cyber HQ,2026-04-01,Basic,Monthly,36.39,3,2,40,0.013,70.6,0,9.2,2,4,1
CUST-13154,Cyber Flow,2025-12-31,Basic,Annual,68.92,6,4,100,0.204,28.9,1,102.9,0,7,0
CUST-13155,Titan Solutions,2026-04-01,Pro,Annual,197.1,3,10,414,-0.421,82.4,2,48.0,2,9,0
CUST-13156,Aero Networks,2025-08-31,Enterprise,Annual,867.51,10,5,108,0.159,46.5,3,89.7,1,6,0
CUST-13157,Strata Systems,2022-07-03,Basic,Monthly,38.66,48,2,61,-0.167,46.1,3,90.1,1,4,0
CUST-13158,Zentis Systems,2025-07-02,Pro,Monthly,192.43,12,10,331,-0.9,80.3,1,10.6,2,3,1
CUST-13159,Zentis Digital,2026-01-30,Basic,Monthly,48.06,5,1,30,-0.012,64.9,3,36.8,0,6,0
CUST-13160,Pulse Dynamics,2024-04-02,Basic,Monthly,49.75,27,1,8,-0.487,75.0,2,22.7,1,6,0
CUST-13161,Hyper Flow,2022-07-03,Basic,Monthly,46.81,48,5,103,-0.064,62.6,3,4.6,0,8,0
CUST-13162,Sync Stack,2025-10-31,Basic,Monthly,53.65,8,1,32,-0.552,61.4,1,29.0,0,8,1
CUST-13163,Pulse Global,2025-08-31,Pro,Monthly,187.43,10,16,445,-0.078,63.6,5,26.8,0,9,0
CUST-13164,Cyber Dynamics,2022-07-03,Basic,Monthly,34.78,48,3,55,-0.211,47.7,5,3.7,1,2,0
CUST-13165,Aero HQ,2025-12-31,Basic,Annual,47.9,6,2,28,0.076,29.6,4,11.2,0,6,1
CUST-13166,Quantum Stack,2024-12-01,Enterprise,Annual,644.23,19,37,823,-0.31,35.8,5,3.0,0,7,0
CUST-13167,Quantum Cloud,2025-10-31,Basic,Monthly,51.6,8,1,14,-0.286,39.2,1,5.3,0,4,0
CUST-13168,Apex Systems,2022-07-03,Pro,Annual,169.77,48,12,269,0.074,63.2,2,3.6,0,8,0
CUST-13169,Cyber Cloud,2022-07-03,Basic,Monthly,50.2,48,1,32,0.158,84.5,3,5.4,0,9,0
CUST-13170,Quantum Software,2022-12-02,Pro,Monthly,238.23,43,17,366,-0.497,45.8,5,1.0,3,4,1
CUST-13171,Nova Global,2025-08-01,Basic,Monthly,42.03,11,1,28,0.365,37.6,1,2.9,0,6,0
CUST-13172,Vanguard Stack,2025-05-02,Basic,Monthly,56.8,14,3,76,0.093,55.5,2,1.0,0,5,0
CUST-13173,Aura Networks,2025-10-31,Basic,Monthly,45.81,8,4,86,0.04,38.7,5,4.7,0,10,0
CUST-13174,Sync Global,2022-07-03,Basic,Monthly,61.89,48,1,19,-0.095,36.0,2,1.0,0,4,0
CUST-13175,Zentis Labs,2022-07-03,Basic,Monthly,46.32,48,2,45,-0.268,67.9,0,13.9,0,10,0
CUST-13176,Aero Tech,2025-04-01,Pro,Monthly,173.91,15,6,76,0.076,76.8,3,38.4,0,6,0
CUST-13177,Cloud Labs,2024-03-02,Enterprise,Annual,1101.98,28,37,1174,-0.297,63.4,3,9.6,0,4,0
CUST-13178,Data Dynamics,2025-12-31,Pro,Annual,185.99,6,13,513,0.168,55.3,3,33.4,0,5,0
CUST-13179,Sync Cloud,2025-04-01,Pro,Annual,173.88,15,11,268,0.428,61.4,2,34.4,0,4,0
CUST-13180,Hyper Cloud,2024-05-02,Basic,Monthly,45.49,26,6,139,-0.063,58.4,3,2.5,1,4,0
CUST-13181,Vanguard Networks,2025-06-01,Basic,Monthly,48.67,13,1,23,0.096,72.6,1,35.2,1,9,0
CUST-13182,Titan Solutions,2025-07-02,Basic,Monthly,58.87,12,2,37,0.052,79.3,2,8.5,3,4,0
CUST-13183,Flux Global,2026-05-02,Basic,Monthly,34.78,2,3,58,0.267,45.7,3,23.0,0,10,0
CUST-13184,Sync Solutions,2023-02-01,Pro,Annual,199.69,41,12,217,-0.197,64.6,3,26.3,1,9,0
CUST-13185,Apex AI,2022-07-03,Pro,Monthly,217.65,48,2,33,-0.389,33.6,2,14.6,1,6,0
CUST-13186,Hyper Solutions,2022-07-03,Basic,Annual,50.42,48,4,57,-0.253,50.6,3,4.3,1,8,0
CUST-13187,Orion HQ,2023-10-02,Basic,Monthly,58.63,33,2,52,-0.465,54.4,1,4.2,0,8,0
CUST-13188,Zentis Analytics,2024-10-01,Pro,Annual,196.78,21,5,161,-0.361,77.4,4,1.0,0,6,0
CUST-13189,Flux Systems,2025-10-01,Pro,Annual,193.49,9,8,66,-0.333,54.3,2,8.9,1,10,0
CUST-13190,Omni Solutions,2022-07-03,Basic,Monthly,53.35,48,2,35,-0.606,53.2,5,16.3,0,6,0
CUST-13191,Vanguard Digital,2024-08-01,Enterprise,Annual,1013.88,23,60,960,-0.405,73.4,4,10.1,0,10,0
CUST-13192,Nova Cloud,2024-01-01,Enterprise,Annual,940.5,30,11,176,-0.123,61.7,2,13.8,0,6,0
CUST-13193,Strata Software,2024-01-01,Basic,Monthly,52.79,30,1,17,-0.492,35.5,1,16.2,0,6,0
CUST-13194,Vertex AI,2022-08-03,Basic,Monthly,44.2,47,3,73,-0.499,56.1,3,6.9,3,3,1
CUST-13195,Orion Networks,2026-05-02,Pro,Monthly,180.76,2,9,190,-0.429,77.1,3,30.8,1,4,0
CUST-13196,Strata Digital,2025-10-31,Enterprise,Multi-Year,919.88,8,18,603,0.322,53.5,2,11.2,0,4,0
CUST-13197,Quantum Dynamics,2024-03-02,Enterprise,Annual,1201.76,28,22,450,-0.156,84.6,2,43.6,0,6,0
CUST-13198,Cloud Digital,2022-07-03,Basic,Monthly,25.33,48,3,55,-0.278,48.5,4,16.4,0,6,0
CUST-13199,Vanguard AI,2024-01-01,Basic,Annual,51.91,30,2,46,0.06,47.6,5,12.9,0,6,0
CUST-13200,Orion Analytics,2025-04-01,Pro,Annual,200.02,15,14,411,0.023,66.5,2,12.9,0,6,0
CUST-13201,Aero Dynamics,2025-07-02,Pro,Monthly,148.83,12,8,117,-0.441,36.9,2,20.1,0,6,0
CUST-13202,Vertex Tech,2023-09-02,Basic,Monthly,51.28,34,3,99,-0.259,67.6,3,45.5,0,3,0
CUST-13203,Cloud Solutions,2023-08-02,Enterprise,Annual,1070.29,35,47,680,-0.226,58.0,6,4.3,1,5,0
CUST-13204,Pulse Solutions,2024-07-02,Pro,Monthly,216.6,24,14,336,-0.178,89.2,2,16.0,1,7,0
CUST-13205,Vanguard Digital,2025-08-31,Pro,Monthly,119.84,10,16,504,0.195,73.7,4,40.4,1,10,0
CUST-13206,Omni Flow,2022-07-03,Enterprise,Multi-Year,1203.75,48,38,654,-0.107,54.4,5,8.6,0,5,0
CUST-13207,Sync Analytics,2024-10-01,Pro,Monthly,176.98,21,15,316,0.49,37.6,2,41.7,0,6,0
CUST-13208,Aero Networks,2023-03-03,Basic,Monthly,54.05,40,1,22,-0.182,59.8,3,16.3,2,3,0
CUST-13209,Strata Stack,2025-12-01,Pro,Annual,221.12,7,10,230,-0.541,44.3,6,11.3,0,6,1
CUST-13210,Titan Flow,2025-07-02,Basic,Monthly,42.56,12,3,55,0.5,75.9,3,2.2,1,9,0
CUST-13211,Zentis Global,2022-07-03,Pro,Monthly,218.71,48,6,143,-0.031,45.5,0,32.1,0,5,0
CUST-13212,Strata AI,2026-04-01,Basic,Monthly,46.17,3,3,52,0.159,24.3,3,45.0,0,6,1
CUST-13213,Cloud Systems,2024-12-01,Pro,Monthly,137.17,19,10,283,-0.283,31.5,2,18.5,1,4,0
CUST-13214,Apex Systems,2024-12-31,Basic,Monthly,57.58,18,1,15,-0.205,19.5,2,18.4,0,10,0
CUST-13215,Pulse Digital,2023-07-03,Basic,Monthly,43.3,36,4,76,-0.127,84.6,6,5.5,0,8,0
CUST-13216,Sync Flow,2025-08-31,Basic,Annual,42.72,10,2,59,-0.104,48.1,7,2.3,0,6,0
CUST-13217,Vertex HQ,2025-10-31,Basic,Monthly,46.04,8,2,53,0.172,35.1,2,19.5,0,10,0
CUST-13218,Cloud AI,2022-07-03,Pro,Monthly,207.13,48,11,112,0.248,50.7,5,7.2,0,3,0
CUST-13219,Hyper Tech,2024-09-01,Pro,Annual,197.29,22,16,582,-0.021,49.3,4,53.4,0,9,0
CUST-13220,Vertex Software,2026-03-02,Pro,Monthly,215.36,4,12,165,-0.162,81.4,3,1.0,0,10,0
CUST-13221,Aura Global,2025-12-01,Basic,Monthly,39.15,7,2,62,0.31,82.9,3,22.2,0,4,0
CUST-13222,Nexus Labs,2022-07-03,Basic,Monthly,43.54,48,4,131,-0.102,39.8,4,4.9,1,10,1
CUST-13223,Aero Global,2025-12-01,Basic,Monthly,48.15,7,1,22,0.058,40.8,3,16.3,0,8,0
CUST-13224,Vertex Tech,2024-06-01,Basic,Monthly,62.95,25,3,67,-0.547,84.4,3,6.0,0,9,0
CUST-13225,Sync Analytics,2025-04-01,Enterprise,Annual,981.95,15,61,1836,0.008,33.7,2,17.3,0,8,0
CUST-13226,Quantum Tech,2022-07-03,Basic,Monthly,56.98,48,4,47,-0.006,61.7,2,17.5,0,6,0
CUST-13227,Aero Networks,2023-07-03,Basic,Monthly,49.28,36,2,63,0.47,56.3,2,1.0,0,10,0
CUST-13228,Pulse HQ,2024-07-02,Basic,Monthly,45.45,24,3,56,0.257,82.2,3,8.4,0,4,0
CUST-13229,Omni Cloud,2026-05-02,Basic,Monthly,47.19,2,3,64,-0.131,48.6,1,1.4,0,6,1
CUST-13230,Quantum Systems,2022-07-03,Pro,Annual,193.97,48,11,223,-0.21,60.5,4,22.4,0,10,0
CUST-13231,Nova Dynamics,2025-03-02,Pro,Annual,217.02,16,8,154,0.5,90.7,3,4.6,0,5,0
CUST-13232,Cloud Labs,2022-07-03,Basic,Monthly,59.1,48,1,27,0.457,48.1,2,4.0,3,8,0
CUST-13233,Nexus Digital,2024-12-31,Basic,Monthly,51.64,18,5,110,-0.371,72.5,2,10.8,1,7,0
CUST-13234,Titan Dynamics,2023-12-02,Basic,Monthly,57.73,31,4,112,-0.075,79.9,4,36.7,2,8,0
CUST-13235,Vanguard Dynamics,2026-04-01,Basic,Monthly,41.91,3,4,70,0.5,61.4,5,9.7,0,7,0
CUST-13236,Aura Cloud,2023-08-02,Basic,Monthly,45.95,35,1,21,0.201,55.1,3,20.3,0,5,0
CUST-13237,Flux Software,2025-07-02,Enterprise,Annual,890.46,12,34,409,-0.118,71.9,1,8.5,0,5,0
CUST-13238,Sync Global,2025-07-02,Pro,Annual,208.39,12,12,248,-0.483,24.4,3,60.4,0,2,1
CUST-13239,Strata Systems,2026-01-30,Pro,Monthly,188.29,5,14,410,-0.003,57.8,4,52.0,0,4,1
CUST-13240,Flux Systems,2026-01-30,Basic,Monthly,54.36,5,1,20,-0.15,54.0,4,1.8,0,8,0
CUST-13241,Zentis Analytics,2025-12-01,Basic,Annual,42.16,7,5,97,-0.051,87.5,1,4.9,2,1,0
CUST-13242,Strata Digital,2025-08-01,Pro,Monthly,200.28,11,19,468,0.132,22.6,2,13.5,0,8,0
CUST-13243,Zentis AI,2022-07-03,Pro,Monthly,219.5,48,6,84,-0.218,77.8,4,23.5,0,9,0
CUST-13244,Nova Digital,2025-06-01,Pro,Annual,137.35,13,16,435,-0.582,100.0,1,8.9,2,8,0
CUST-13245,Flux Networks,2023-10-02,Basic,Annual,64.59,33,6,76,0.226,56.3,3,4.8,0,6,0
CUST-13246,Titan Cloud,2026-03-02,Pro,Annual,190.55,4,10,67,0.169,19.5,1,43.7,0,6,0
CUST-13247,Flux HQ,2024-08-01,Basic,Monthly,34.12,23,5,133,-0.003,47.3,0,4.7,0,7,0
CUST-13248,Vertex Cloud,2024-12-31,Enterprise,Annual,1022.69,18,45,595,0.42,63.5,1,24.1,0,4,0
CUST-13249,Omni Solutions,2022-07-03,Pro,Annual,200.0,48,18,549,0.233,56.1,2,31.0,0,6,0
CUST-13250,Cyber Networks,2022-08-03,Pro,Annual,196.56,47,18,375,-0.187,65.4,3,19.5,1,5,0
CUST-13251,Quantum Networks,2025-03-02,Basic,Annual,56.29,16,1,23,-0.161,100.0,1,53.3,0,4,0
CUST-13252,Apex Labs,2023-05-03,Pro,Monthly,221.31,38,8,214,-0.419,80.5,1,1.1,2,10,0
CUST-13253,Nova Dynamics,2025-12-01,Basic,Monthly,51.19,7,2,54,0.118,88.6,1,3.1,1,7,0
CUST-13254,Quantum Solutions,2024-09-01,Basic,Annual,52.31,22,3,53,0.071,64.4,4,22.2,0,9,0
CUST-13255,Omni Cloud,2026-04-01,Basic,Monthly,48.23,3,4,84,0.346,66.3,4,35.1,0,3,0
CUST-13256,Flux Labs,2025-07-02,Pro,Monthly,252.0,12,8,222,-0.192,87.3,4,45.9,0,10,0
CUST-13257,Aura Stack,2025-10-31,Basic,Monthly,38.13,8,2,75,-0.46,52.4,3,4.6,0,4,1
CUST-13258,Aura Networks,2023-10-02,Basic,Monthly,50.03,33,5,105,0.026,20.6,4,21.5,0,5,0
CUST-13259,Apex Stack,2024-12-31,Enterprise,Annual,1008.74,18,58,2256,-0.362,73.0,3,47.4,0,9,0
CUST-13260,Cyber Stack,2023-07-03,Basic,Monthly,54.98,36,1,29,-0.131,34.9,6,13.7,1,1,1
CUST-13261,Omni Analytics,2024-12-01,Pro,Monthly,173.81,19,9,273,0.277,61.1,6,28.7,2,8,0
CUST-13262,Pulse Stack,2026-03-02,Basic,Monthly,36.18,4,3,15,0.004,75.2,3,9.1,1,2,0
CUST-13263,Apex Global,2023-09-02,Basic,Monthly,50.15,34,1,24,0.092,57.3,6,9.7,0,3,0
CUST-13264,Titan HQ,2022-10-02,Pro,Annual,207.39,45,8,291,-0.206,50.3,5,7.7,1,3,0
CUST-13265,Cyber Software,2022-07-03,Basic,Monthly,59.95,48,2,38,-0.313,42.2,1,17.7,0,6,0
CUST-13266,Flux AI,2024-09-01,Basic,Monthly,39.66,22,3,70,0.106,71.7,3,6.6,3,5,1
CUST-13267,Aero HQ,2023-07-03,Pro,Monthly,233.47,36,14,358,0.176,58.6,1,11.0,0,3,0
CUST-13268,Cloud Flow,2023-07-03,Pro,Annual,269.67,36,7,149,-0.219,62.6,4,20.5,2,4,1
CUST-13269,Aero Dynamics,2025-12-31,Pro,Annual,187.72,6,5,86,-0.029,59.0,1,10.3,0,8,0
CUST-13270,Aero HQ,2025-12-31,Basic,Annual,39.51,6,1,34,-0.411,34.3,2,10.0,0,6,1
CUST-13271,Sync Tech,2026-04-01,Basic,Monthly,46.01,3,4,121,-0.298,48.3,4,7.1,0,10,0
CUST-13272,Cyber Digital,2025-08-01,Pro,Monthly,199.42,11,3,118,-0.2,41.7,3,2.9,3,3,1
CUST-13273,Pulse Global,2025-01-31,Pro,Annual,215.83,17,11,242,0.019,52.0,4,29.0,0,7,0
CUST-13274,Orion Stack,2022-07-03,Pro,Annual,181.35,48,8,274,-0.054,75.2,1,29.5,1,4,0
CUST-13275,Sync Networks,2025-04-01,Pro,Annual,245.42,15,15,402,-0.492,49.4,3,13.6,0,3,1
CUST-13276,Flux Stack,2023-10-02,Pro,Monthly,165.73,33,14,461,0.137,63.3,4,1.7,0,10,0
CUST-13277,Sync AI,2024-01-01,Basic,Annual,36.22,30,3,74,0.185,66.1,3,4.1,0,6,0
CUST-13278,Data Dynamics,2025-12-01,Basic,Monthly,57.13,7,4,79,-0.295,64.0,2,1.0,0,9,0
CUST-13279,Vertex Systems,2026-04-01,Pro,Monthly,131.1,3,11,264,0.172,100.0,2,1.8,0,5,0
CUST-13280,Quantum Networks,2024-10-01,Basic,Monthly,47.5,21,1,28,0.001,39.4,1,32.6,0,7,0
CUST-13281,Hyper Digital,2023-12-02,Basic,Monthly,71.91,31,2,48,-0.151,49.7,2,94.4,0,4,1
CUST-13282,Strata Analytics,2022-07-03,Enterprise,Multi-Year,997.2,48,42,1083,-0.38,28.9,3,48.5,0,7,0
CUST-13283,Strata Networks,2025-07-02,Enterprise,Multi-Year,831.05,12,45,1272,-0.052,80.8,6,22.2,0,8,0
CUST-13284,Orion Cloud,2022-07-03,Basic,Monthly,48.58,48,3,88,-0.543,78.8,1,50.6,0,4,1
CUST-13285,Data Solutions,2025-06-01,Basic,Monthly,48.63,13,2,50,-0.1,66.0,1,18.2,0,7,1
CUST-13286,Apex Systems,2024-01-01,Basic,Monthly,50.18,30,3,114,-0.371,58.1,4,18.2,0,7,0
CUST-13287,Nexus Global,2024-07-02,Pro,Annual,218.77,24,10,378,0.156,81.8,5,82.4,0,7,0
CUST-13288,Apex Systems,2026-04-01,Enterprise,Annual,843.29,3,39,1051,0.5,64.5,4,21.3,1,7,0
CUST-13289,Hyper Networks,2026-04-01,Basic,Annual,61.4,3,3,40,0.5,12.3,5,42.0,1,3,0
CUST-13290,Sync Systems,2026-05-02,Basic,Monthly,50.8,2,4,73,-0.379,60.7,1,34.0,0,5,0
CUST-13291,Strata Flow,2025-06-01,Enterprise,Annual,1107.91,13,37,1096,-0.391,40.1,3,27.1,0,7,0
CUST-13292,Apex HQ,2023-08-02,Basic,Monthly,44.38,35,1,39,-0.057,55.9,2,21.5,0,5,1
CUST-13293,Vertex Systems,2025-12-31,Pro,Annual,237.4,6,11,248,-0.047,56.6,1,16.6,2,4,0
CUST-13294,Apex Cloud,2024-07-02,Enterprise,Annual,960.48,24,29,1254,0.384,100.0,3,30.7,0,7,0
CUST-13295,Data Solutions,2025-08-31,Basic,Monthly,51.04,10,1,16,0.038,45.5,3,6.3,0,3,0
CUST-13296,Cyber Networks,2023-02-01,Pro,Annual,171.15,41,13,368,0.026,79.7,2,16.2,2,7,0
CUST-13297,Aura Solutions,2023-02-01,Basic,Monthly,41.67,41,2,50,-0.255,71.6,1,4.5,1,5,1
CUST-13298,Strata Flow,2023-05-03,Basic,Annual,54.06,38,1,19,0.148,72.8,4,7.1,2,5,0
CUST-13299,Nexus Solutions,2024-10-31,Pro,Monthly,185.76,20,6,160,-0.128,69.6,0,25.5,0,7,0
CUST-13300,Vertex Dynamics,2025-08-31,Basic,Monthly,42.72,10,3,84,-0.629,79.4,5,50.6,0,7,0
CUST-13301,Quantum Labs,2023-01-02,Enterprise,Multi-Year,902.62,42,34,421,-0.308,66.3,5,8.6,0,3,0
CUST-13302,Sync Stack,2025-12-01,Pro,Monthly,219.86,7,11,229,-0.0,22.8,1,8.6,0,6,0
CUST-13303,Aero Tech,2025-08-31,Basic,Monthly,44.38,10,5,143,-0.56,64.6,1,7.3,0,5,0
CUST-13304,Flux Cloud,2025-12-31,Basic,Monthly,48.14,6,2,53,-0.305,48.3,2,42.8,0,4,0
CUST-13305,Cloud HQ,2024-02-01,Basic,Monthly,49.11,29,3,47,0.269,55.2,4,17.9,0,5,0
CUST-13306,Sync Dynamics,2024-01-01,Basic,Monthly,34.91,30,1,36,0.428,93.9,3,7.3,0,8,0
CUST-13307,Aero Dynamics,2024-04-02,Basic,Monthly,38.19,27,2,42,0.068,82.0,3,3.9,1,7,0
CUST-13308,Apex Tech,2025-04-01,Basic,Annual,51.47,15,2,18,0.353,65.5,5,6.2,0,5,0
CUST-13309,Pulse AI,2026-03-02,Basic,Monthly,43.58,4,2,46,-0.247,55.6,2,12.4,0,5,0
CUST-13310,Strata HQ,2022-07-03,Pro,Monthly,230.54,48,5,159,-0.156,39.0,4,4.0,0,9,0
CUST-13311,Nexus HQ,2024-12-01,Pro,Annual,227.86,19,9,257,0.31,31.1,1,20.9,2,8,0
CUST-13312,Strata Flow,2025-05-02,Pro,Annual,220.47,14,9,353,0.027,35.9,3,3.4,0,3,0
CUST-13313,Hyper Global,2024-08-01,Basic,Monthly,62.38,23,1,13,0.07,69.0,0,52.3,0,4,1
CUST-13314,Data Cloud,2025-12-01,Basic,Monthly,48.39,7,1,21,0.076,49.7,2,5.3,0,4,0
CUST-13315,Aero Digital,2026-01-30,Pro,Monthly,218.37,5,15,506,-0.341,41.8,3,10.7,3,8,1
CUST-13316,Omni Software,2025-05-02,Basic,Monthly,44.7,14,5,128,-0.41,68.4,1,33.0,0,0,1
CUST-13317,Vanguard Systems,2025-10-31,Basic,Monthly,67.02,8,2,39,-0.092,39.8,2,14.5,1,5,0
CUST-13318,Nexus Flow,2025-10-31,Pro,Annual,258.21,8,15,62,-0.228,42.1,2,11.3,1,7,1
CUST-13319,Flux Global,2022-07-03,Pro,Annual,199.35,48,9,236,0.16,23.2,5,67.4,1,7,0
CUST-13320,Hyper Networks,2024-10-31,Pro,Annual,210.54,20,16,327,-0.26,45.8,4,9.5,0,6,0
CUST-13321,Aura Digital,2024-12-31,Basic,Monthly,58.99,18,1,29,-0.056,51.8,3,41.7,0,2,0
CUST-13322,Omni HQ,2024-01-01,Pro,Annual,194.61,30,16,522,-0.231,66.5,2,24.7,0,7,0
CUST-13323,Titan Software,2022-07-03,Pro,Monthly,179.4,48,18,358,-0.251,57.9,5,1.4,2,4,1
CUST-13324,Nexus Dynamics,2026-03-02,Pro,Annual,225.09,4,11,323,0.27,52.9,2,6.3,0,9,0
CUST-13325,Data Tech,2022-10-02,Pro,Annual,201.34,45,11,332,0.5,47.3,6,6.4,0,6,0
CUST-13326,Pulse Digital,2024-08-01,Pro,Annual,204.46,23,22,756,-0.37,79.2,3,2.8,0,10,0
CUST-13327,Cyber Solutions,2026-01-30,Pro,Annual,174.1,5,8,235,-0.272,83.4,3,26.9,1,5,0
CUST-13328,Apex Systems,2025-08-31,Basic,Monthly,36.38,10,1,11,-0.26,38.3,1,8.2,2,3,0
CUST-13329,Sync Analytics,2024-12-31,Pro,Annual,206.05,18,8,220,-0.111,44.3,4,13.3,0,8,0
CUST-13330,Hyper AI,2024-01-01,Pro,Monthly,226.01,30,11,61,-0.405,9.9,6,3.4,2,3,1
CUST-13331,Pulse Labs,2025-10-31,Pro,Annual,192.26,8,12,257,0.049,45.4,4,31.1,1,2,0
CUST-13332,Nexus Analytics,2024-10-31,Basic,Monthly,59.56,20,1,18,-0.18,64.8,5,40.2,2,7,0
CUST-13333,Aura Flow,2024-01-01,Basic,Annual,43.83,30,3,86,0.35,82.9,3,8.8,0,6,0
CUST-13334,Orion Systems,2025-03-02,Enterprise,Annual,840.95,16,61,1634,-0.125,50.7,0,31.2,0,10,0
CUST-13335,Titan Stack,2022-07-03,Pro,Annual,196.99,48,14,158,-0.016,77.1,3,1.0,0,8,0
CUST-13336,Vertex HQ,2022-07-03,Enterprise,Annual,986.62,48,42,884,-0.181,56.7,2,39.4,0,7,0
CUST-13337,Cloud Cloud,2025-01-31,Pro,Annual,221.98,17,17,482,-0.277,100.0,4,18.0,0,5,1
CUST-13338,Vertex Digital,2022-07-03,Pro,Annual,175.87,48,12,31,-0.32,42.6,3,4.9,0,8,1
CUST-13339,Orion Solutions,2026-04-01,Pro,Annual,239.84,3,11,264,-0.249,25.3,2,23.0,0,9,0
CUST-13340,Nexus Labs,2026-05-02,Enterprise,Annual,1293.74,2,25,637,-0.514,82.2,2,12.8,0,4,0
CUST-13341,Titan Digital,2025-06-01,Pro,Annual,197.83,13,16,180,-0.062,45.0,5,2.0,0,8,0
CUST-13342,Quantum Flow,2024-07-02,Pro,Monthly,236.3,24,12,243,0.156,61.5,5,1.9,0,4,0
CUST-13343,Flux Stack,2024-05-02,Basic,Monthly,41.23,26,4,118,0.142,80.6,2,16.0,0,8,0
CUST-13344,Hyper Systems,2025-01-31,Basic,Monthly,56.9,17,3,80,0.276,100.0,1,3.2,0,9,0
CUST-13345,Aura HQ,2026-01-30,Pro,Annual,230.26,5,6,156,0.005,57.6,2,18.0,0,6,0
CUST-13346,Vanguard Global,2025-12-31,Basic,Monthly,55.35,6,4,30,0.442,43.1,1,8.1,0,6,0
CUST-13347,Titan Stack,2022-07-03,Basic,Monthly,48.89,48,2,73,-0.286,100.0,2,2.3,0,8,0
CUST-13348,Strata Flow,2022-07-03,Basic,Monthly,27.29,48,4,129,0.178,49.8,3,27.1,0,5,1
CUST-13349,Data Labs,2024-02-01,Basic,Annual,44.28,29,2,89,-0.148,26.1,0,3.7,0,6,0
CUST-13350,Aero Solutions,2024-03-02,Basic,Monthly,44.4,28,4,138,0.322,49.5,2,32.4,0,2,0
CUST-13351,Quantum Networks,2024-07-02,Basic,Monthly,41.81,24,1,20,-0.285,42.3,6,17.6,0,5,0
CUST-13352,Nexus Cloud,2025-12-01,Enterprise,Annual,1017.32,7,48,1205,-0.01,52.9,3,7.0,1,10,0
CUST-13353,Strata Global,2025-04-01,Pro,Monthly,186.49,15,10,189,0.044,65.2,3,20.2,1,2,0
CUST-13354,Omni Global,2023-12-02,Basic,Monthly,42.94,31,2,68,-0.234,30.6,4,63.3,0,9,1
CUST-13355,Aura HQ,2024-10-31,Basic,Monthly,41.22,20,4,85,0.067,78.5,1,4.8,0,6,0
CUST-13356,Zentis Systems,2026-05-02,Pro,Monthly,177.64,2,12,269,-0.031,25.9,0,63.9,0,4,1
CUST-13357,Flux Solutions,2022-07-03,Basic,Annual,57.24,48,2,47,-0.222,66.8,1,20.8,1,4,0
CUST-13358,Vanguard Flow,2022-08-03,Pro,Annual,179.27,47,14,327,-0.172,44.1,3,41.4,2,7,1
CUST-13359,Strata Networks,2025-10-01,Pro,Monthly,183.63,9,14,199,0.29,25.4,3,18.7,0,8,0
CUST-13360,Orion Software,2024-06-01,Pro,Annual,185.37,25,9,54,-0.609,55.5,2,23.1,0,9,0
CUST-13361,Flux Systems,2022-07-03,Basic,Monthly,51.49,48,3,61,0.5,46.0,1,1.5,1,3,0
CUST-13362,Vertex Global,2026-03-02,Pro,Annual,212.62,4,12,263,0.185,48.4,3,18.8,2,6,0
CUST-13363,Quantum Cloud,2024-12-01,Basic,Monthly,26.62,19,2,47,-0.482,85.6,1,23.7,0,9,0
CUST-13364,Omni Dynamics,2025-03-02,Enterprise,Annual,1152.09,16,67,1819,0.15,87.1,2,30.1,1,7,0
CUST-13365,Sync Global,2025-05-02,Pro,Annual,241.88,14,11,403,0.233,61.2,3,4.4,0,8,0
CUST-13366,Titan Cloud,2022-09-02,Basic,Annual,41.28,46,3,59,0.118,58.2,3,2.3,0,7,0
CUST-13367,Apex Stack,2025-06-01,Basic,Monthly,41.85,13,2,78,-0.097,68.1,2,21.0,1,3,0
CUST-13368,Nova AI,2026-04-01,Basic,Annual,45.69,3,1,23,-0.165,78.3,3,3.7,1,6,1
CUST-13369,Cloud Software,2026-04-01,Pro,Monthly,176.43,3,11,352,-0.272,64.6,3,10.7,0,9,0
CUST-13370,Apex Analytics,2026-04-01,Basic,Annual,50.65,3,3,94,0.071,74.4,2,21.3,1,6,0
CUST-13371,Titan Stack,2025-05-02,Pro,Annual,140.9,14,10,215,-0.222,44.6,6,15.4,0,9,0
CUST-13372,Orion HQ,2023-10-02,Basic,Monthly,40.78,33,2,61,0.028,75.2,2,28.4,0,5,0
CUST-13373,Vanguard Flow,2025-12-01,Pro,Monthly,244.95,7,5,149,-0.024,62.5,2,4.4,0,8,0
CUST-13374,Vertex Digital,2024-04-02,Pro,Monthly,171.29,27,18,454,-0.137,41.9,2,13.1,0,6,0
CUST-13375,Flux Dynamics,2024-01-01,Pro,Monthly,236.12,30,19,490,-0.473,53.4,1,6.3,0,6,1
CUST-13376,Aero HQ,2025-10-01,Pro,Monthly,209.61,9,8,134,-0.176,76.1,3,20.7,0,7,0
CUST-13377,Nova Digital,2024-07-02,Basic,Monthly,35.7,24,2,45,-0.412,68.2,1,2.4,0,5,0
CUST-13378,Aura Stack,2024-01-01,Basic,Annual,53.67,30,3,65,-0.037,49.9,5,11.1,0,10,0
CUST-13379,Flux Systems,2025-01-31,Pro,Monthly,195.49,17,9,260,0.018,51.5,4,8.8,3,7,0
CUST-13380,Orion Networks,2025-07-02,Basic,Monthly,45.65,12,5,113,-0.309,64.6,4,21.4,0,8,0
CUST-13381,Vanguard AI,2024-06-01,Basic,Monthly,50.8,25,3,48,0.346,33.7,2,8.5,0,7,0
CUST-13382,Vanguard Tech,2022-07-03,Basic,Annual,52.49,48,1,19,0.063,79.0,2,5.4,1,8,0
CUST-13383,Hyper Global,2025-04-01,Basic,Monthly,54.2,15,6,125,-0.135,56.9,2,14.1,0,6,1
CUST-13384,Vertex Labs,2025-05-02,Basic,Monthly,57.66,14,3,94,-0.052,90.5,5,19.9,0,7,0
CUST-13385,Quantum Systems,2025-01-31,Enterprise,Annual,1060.16,17,68,1826,-0.449,48.5,1,22.0,3,6,0
CUST-13386,Nexus HQ,2026-04-01,Basic,Monthly,38.89,3,2,46,-0.175,64.8,1,48.5,0,10,0
CUST-13387,Hyper Cloud,2024-10-01,Pro,Monthly,184.86,21,12,348,-0.694,62.8,5,5.1,2,9,0
CUST-13388,Data Tech,2025-08-01,Basic,Monthly,70.63,11,1,30,-0.267,75.0,4,28.6,0,7,0
CUST-13389,Nexus Analytics,2026-01-30,Pro,Monthly,220.63,5,8,211,0.372,64.2,2,31.2,0,7,0
CUST-13390,Aero Digital,2025-01-31,Basic,Monthly,66.41,17,1,20,-0.084,39.0,4,1.0,0,10,0
CUST-13391,Aura Global,2026-05-02,Enterprise,Annual,1208.11,2,44,1188,0.259,59.9,2,25.3,0,7,0
CUST-13392,Orion Flow,2025-05-02,Enterprise,Annual,1035.23,14,32,695,-0.181,57.3,3,19.2,0,0,0
CUST-13393,Zentis Networks,2026-03-02,Basic,Monthly,51.22,4,1,22,0.288,66.4,3,11.4,0,6,0
CUST-13394,Nexus Solutions,2026-05-02,Enterprise,Multi-Year,993.52,2,50,1084,-0.19,64.5,1,4.4,0,9,0
CUST-13395,Pulse Analytics,2022-11-02,Enterprise,Multi-Year,738.59,44,43,1176,-0.053,51.0,3,45.7,0,9,0
CUST-13396,Vertex Labs,2022-07-03,Pro,Monthly,199.54,48,2,61,-0.128,76.6,2,19.7,0,4,0
CUST-13397,Data Digital,2025-12-01,Pro,Monthly,235.14,7,12,254,0.172,16.0,2,10.5,0,3,0
CUST-13398,Aura Software,2024-10-31,Basic,Monthly,44.59,20,3,84,-0.468,27.5,1,3.4,1,8,1
CUST-13399,Vertex Cloud,2025-10-01,Pro,Monthly,211.3,9,8,181,-0.112,41.7,5,35.6,0,10,0
CUST-13400,Nexus Solutions,2024-12-31,Basic,Monthly,55.26,18,3,66,-0.046,39.1,2,48.0,0,7,0
CUST-13401,Flux Flow,2025-03-02,Basic,Monthly,42.31,16,3,72,0.209,100.0,6,4.7,3,9,0
CUST-13402,Cyber Dynamics,2025-10-01,Enterprise,Multi-Year,931.37,9,31,1445,-0.041,63.0,1,34.9,1,8,0
CUST-13403,Titan Stack,2023-12-02,Basic,Annual,41.52,31,2,4,-0.583,60.3,1,8.9,2,7,0
CUST-13404,Nexus Dynamics,2026-01-30,Pro,Annual,174.46,5,10,110,-0.316,80.5,2,94.4,0,8,0
CUST-13405,Orion Networks,2026-04-01,Pro,Annual,160.56,3,13,179,-0.462,71.7,3,1.0,0,10,0
CUST-13406,Nova Labs,2023-06-03,Enterprise,Multi-Year,864.07,37,53,1378,-0.182,70.5,7,28.2,1,5,1
CUST-13407,Vertex Dynamics,2024-03-02,Enterprise,Multi-Year,1211.71,28,36,683,0.242,23.5,3,2.5,0,3,0
CUST-13408,Omni Tech,2024-12-31,Basic,Annual,42.27,18,3,81,0.14,90.0,6,23.0,0,9,0
CUST-13409,Data Global,2025-01-31,Basic,Monthly,49.93,17,2,32,-0.209,39.0,3,5.5,0,4,0
CUST-13410,Hyper Tech,2024-12-31,Basic,Monthly,45.3,18,1,18,0.243,57.6,2,23.8,1,7,0
CUST-13411,Pulse Global,2025-03-02,Basic,Monthly,57.66,16,2,48,-0.318,47.6,5,11.5,3,3,1
CUST-13412,Aero HQ,2025-05-02,Basic,Monthly,58.64,14,5,86,0.08,51.4,2,4.9,0,8,0
CUST-13413,Data Global,2024-12-31,Basic,Monthly,55.35,18,1,29,-0.146,56.6,1,15.0,1,0,0
CUST-13414,Pulse Analytics,2024-10-31,Pro,Monthly,208.14,20,9,276,-0.221,82.7,3,1.0,1,9,0
CUST-13415,Cloud Global,2024-01-01,Pro,Annual,192.1,30,14,436,-0.131,73.2,1,20.0,0,10,0
CUST-13416,Flux AI,2023-11-02,Basic,Annual,40.24,32,2,75,-0.417,71.6,3,1.0,1,9,0
CUST-13417,Hyper Stack,2025-06-01,Pro,Monthly,257.01,13,16,268,-0.427,65.0,0,8.7,0,8,0
CUST-13418,Zentis Solutions,2025-04-01,Basic,Annual,43.42,15,3,58,-0.373,27.3,0,29.5,1,7,0
CUST-13419,Strata Flow,2025-06-01,Basic,Monthly,53.88,13,4,109,0.325,22.4,0,7.6,0,6,0
CUST-13420,Cyber Software,2024-10-31,Pro,Annual,230.63,20,11,283,-0.154,100.0,1,2.9,0,8,0
CUST-13421,Hyper Systems,2025-03-02,Pro,Monthly,182.42,16,12,266,0.5,93.8,6,17.0,0,3,0
CUST-13422,Cloud Global,2022-07-03,Pro,Monthly,229.98,48,9,282,-0.319,68.6,3,3.5,0,5,0
CUST-13423,Aero Global,2023-12-02,Basic,Monthly,54.62,31,1,28,0.013,65.8,1,124.7,0,5,0
CUST-13424,Vanguard Digital,2022-07-03,Pro,Monthly,250.58,48,14,183,-0.057,46.1,2,15.2,0,7,0
CUST-13425,Cloud Global,2023-11-02,Pro,Annual,184.99,32,6,194,-0.002,40.4,3,23.5,2,8,1
CUST-13426,Orion Cloud,2022-07-03,Pro,Monthly,160.62,48,16,164,-0.364,64.9,4,7.5,2,6,1
CUST-13427,Titan Software,2024-05-02,Pro,Annual,183.91,26,12,400,-0.473,70.3,4,33.4,0,10,0
CUST-13428,Vanguard Global,2022-07-03,Enterprise,Annual,1030.3,48,40,1155,-0.592,71.6,1,18.2,0,4,1
CUST-13429,Vanguard Dynamics,2025-12-31,Pro,Monthly,200.74,6,11,253,0.126,49.7,5,6.4,0,4,0
CUST-13430,Titan AI,2026-04-01,Pro,Annual,187.26,3,18,419,-0.099,100.0,4,7.0,3,5,1
CUST-13431,Cyber Dynamics,2024-08-01,Enterprise,Annual,712.91,23,39,1047,-0.135,47.6,5,11.5,1,10,0
CUST-13432,Vanguard Analytics,2022-07-03,Pro,Monthly,213.04,48,11,272,0.105,26.2,2,4.7,0,1,1
CUST-13433,Pulse Analytics,2025-04-01,Basic,Monthly,63.5,15,1,21,-0.283,42.1,1,18.1,0,6,0
CUST-13434,Flux HQ,2025-12-01,Pro,Annual,212.86,7,16,304,-0.188,77.9,5,6.7,0,2,0
CUST-13435,Aero Stack,2024-10-31,Basic,Monthly,53.48,20,2,32,0.051,75.7,3,11.6,1,7,0
CUST-13436,Flux Software,2024-04-02,Basic,Monthly,53.21,27,2,60,-0.077,47.4,2,7.4,0,4,0
CUST-13437,Sync Solutions,2025-08-01,Pro,Monthly,210.85,11,13,215,0.138,60.3,0,32.6,0,7,0
CUST-13438,Strata Cloud,2023-11-02,Enterprise,Annual,1138.61,32,53,1325,0.313,61.8,2,49.2,0,6,0
CUST-13439,Aero Labs,2022-07-03,Enterprise,Multi-Year,1058.25,48,44,889,-0.266,67.0,2,12.2,3,6,0
CUST-13440,Nexus Networks,2022-07-03,Basic,Monthly,46.7,48,3,125,0.485,78.0,1,3.1,0,1,0
CUST-13441,Orion Labs,2025-08-31,Pro,Monthly,175.24,10,11,288,0.091,62.5,3,1.0,0,5,0
CUST-13442,Nova Systems,2025-08-01,Basic,Annual,47.17,11,3,62,-0.505,80.6,3,8.5,0,0,0
CUST-13443,Omni Labs,2025-06-01,Enterprise,Annual,1046.07,13,74,1529,-0.352,57.5,1,1.5,0,7,0
CUST-13444,Omni HQ,2025-05-02,Enterprise,Annual,951.63,14,20,693,0.078,43.1,3,4.9,1,8,0
CUST-13445,Data Dynamics,2026-03-02,Pro,Annual,208.38,4,12,237,0.389,35.3,4,2.5,0,7,0
CUST-13446,Vanguard Labs,2023-06-03,Pro,Monthly,212.11,37,13,264,0.135,31.8,2,25.4,1,7,0
CUST-13447,Sync Software,2025-06-01,Pro,Monthly,223.87,13,9,186,0.5,68.5,2,29.7,1,5,0
CUST-13448,Flux Global,2022-07-03,Pro,Annual,237.29,48,12,398,0.191,79.5,4,16.3,0,6,0
CUST-13449,Flux Analytics,2022-07-03,Basic,Annual,49.57,48,3,60,0.327,82.7,4,2.5,1,3,0
CUST-13450,Zentis Systems,2026-05-02,Basic,Monthly,39.39,2,4,83,0.057,42.5,2,14.5,0,10,0
CUST-13451,Hyper Labs,2022-07-03,Pro,Annual,188.7,48,11,266,0.138,71.6,5,14.0,0,6,0
CUST-13452,Strata Solutions,2023-11-02,Pro,Annual,200.32,32,9,263,0.408,18.9,3,39.9,1,3,0
CUST-13453,Quantum Systems,2024-12-01,Basic,Monthly,35.51,19,2,28,0.23,36.6,3,1.0,0,6,0
CUST-13454,Sync Solutions,2025-05-02,Enterprise,Annual,1207.09,14,50,1446,0.433,49.7,4,18.9,0,4,0
CUST-13455,Zentis HQ,2024-12-01,Basic,Monthly,50.05,19,4,150,-0.625,57.8,1,4.2,0,7,0
CUST-13456,Pulse Networks,2025-08-01,Pro,Monthly,210.38,11,8,73,0.187,90.2,4,11.5,0,6,0
CUST-13457,Omni Tech,2024-06-01,Pro,Annual,239.76,25,7,258,-0.41,44.5,3,7.5,0,3,0
CUST-13458,Zentis AI,2026-03-02,Pro,Annual,180.19,4,13,217,-0.04,67.3,3,23.8,0,4,0
CUST-13459,Zentis Software,2024-06-01,Pro,Annual,216.14,25,11,368,0.177,73.5,4,37.2,0,5,0
CUST-13460,Data Flow,2025-10-01,Basic,Annual,48.19,9,2,60,-0.354,60.3,4,88.5,0,2,1
CUST-13461,Vertex Flow,2026-05-02,Basic,Monthly,47.65,2,2,39,0.011,71.2,3,13.1,0,7,0
CUST-13462,Vanguard Stack,2024-10-01,Pro,Monthly,175.95,21,8,148,-0.103,60.2,4,4.7,0,8,0
CUST-13463,Aura Systems,2024-08-01,Pro,Annual,248.72,23,15,374,0.183,100.0,2,31.8,0,2,0
CUST-13464,Aura Dynamics,2025-04-01,Basic,Monthly,46.24,15,3,52,-0.019,52.0,1,27.9,0,8,1
CUST-13465,Zentis Dynamics,2026-04-01,Pro,Annual,219.88,3,15,272,0.021,54.1,1,1.2,0,8,0
CUST-13466,Hyper Analytics,2022-07-03,Basic,Monthly,35.22,48,1,29,0.424,94.0,4,1.0,0,9,0
CUST-13467,Omni Labs,2024-06-01,Pro,Annual,234.22,25,14,413,-0.103,62.4,2,14.7,0,6,0
CUST-13468,Zentis AI,2026-01-30,Pro,Monthly,230.41,5,8,186,0.011,19.1,2,34.4,0,5,0
CUST-13469,Vertex Stack,2024-12-01,Basic,Monthly,49.72,19,2,50,-0.214,54.1,4,3.1,1,3,0
CUST-13470,Nexus Software,2024-12-31,Basic,Monthly,47.33,18,1,12,0.415,51.1,4,8.0,0,8,0
CUST-13471,Vanguard Solutions,2026-04-01,Pro,Annual,210.94,3,8,192,-0.129,38.3,6,23.0,3,6,1
CUST-13472,Cyber AI,2024-07-02,Pro,Monthly,267.32,24,9,150,0.317,68.4,3,6.4,0,3,0
CUST-13473,Hyper Dynamics,2023-01-02,Pro,Annual,146.37,42,7,167,-0.701,70.1,4,26.2,0,8,0
CUST-13474,Pulse Flow,2023-08-02,Pro,Monthly,222.34,35,10,170,0.224,76.2,1,14.7,0,4,0
CUST-13475,Orion Software,2025-12-01,Pro,Monthly,171.79,7,15,566,0.071,43.3,1,20.1,0,9,0
CUST-13476,Apex Digital,2022-07-03,Enterprise,Annual,996.02,48,43,204,-0.073,57.0,4,18.6,0,5,0
CUST-13477,Aero Labs,2025-07-02,Pro,Annual,191.6,12,11,177,0.09,5.0,2,13.1,0,3,1
CUST-13478,Omni Global,2022-07-03,Basic,Annual,45.85,48,4,73,0.057,77.1,3,2.7,1,10,0
CUST-13479,Nexus Solutions,2026-04-01,Basic,Annual,48.92,3,3,68,0.316,49.4,5,27.5,0,6,0
CUST-13480,Flux Analytics,2024-12-31,Basic,Annual,40.66,18,4,144,-0.235,80.0,7,8.3,1,10,0
CUST-13481,Quantum Solutions,2024-07-02,Pro,Monthly,229.72,24,8,218,-0.28,78.9,4,13.1,0,10,0
CUST-13482,Nova Flow,2025-10-31,Basic,Monthly,35.81,8,3,96,0.34,60.1,2,32.9,0,5,0
CUST-13483,Pulse Systems,2023-05-03,Enterprise,Annual,1079.88,38,36,1092,-0.331,33.8,1,11.8,0,8,0
CUST-13484,Nexus Digital,2024-05-02,Pro,Monthly,189.25,26,12,265,0.175,40.2,2,1.4,0,10,0
CUST-13485,Aero Cloud,2026-05-02,Pro,Annual,164.05,2,6,117,-0.356,60.0,7,15.4,0,5,1
CUST-13486,Orion Analytics,2024-07-02,Basic,Monthly,50.49,24,1,18,-0.114,81.0,4,6.9,3,6,0
CUST-13487,Nova Tech,2024-12-31,Basic,Annual,37.56,18,3,93,-0.04,68.0,4,20.8,1,7,0
CUST-13488,Pulse AI,2025-12-01,Basic,Monthly,49.29,7,3,2,0.027,58.1,1,1.0,1,6,0
CUST-13489,Omni Stack,2022-07-03,Basic,Monthly,38.54,48,3,89,-0.139,54.6,6,19.6,1,5,1
CUST-13490,Aero Systems,2022-07-03,Basic,Monthly,52.39,48,2,48,0.21,84.8,2,12.8,0,5,0
CUST-13491,Quantum Solutions,2025-08-31,Pro,Monthly,171.41,10,13,273,-0.136,27.4,2,8.5,0,5,0
CUST-13492,Vertex Cloud,2024-10-01,Enterprise,Annual,931.42,21,34,788,0.242,54.6,2,1.0,0,7,1
CUST-13493,Zentis Flow,2025-08-01,Enterprise,Annual,1043.05,11,33,1054,-0.246,54.9,3,10.4,0,10,0
CUST-13494,Nexus Global,2023-05-03,Pro,Monthly,175.94,38,14,125,-0.37,62.4,0,2.0,0,2,1
CUST-13495,Aero Networks,2022-07-03,Basic,Monthly,48.57,48,1,17,-0.273,42.9,2,40.4,0,6,1
CUST-13496,Vertex AI,2025-07-02,Enterprise,Annual,772.15,12,29,614,-0.149,55.6,2,47.5,2,9,1
CUST-13497,Nova AI,2023-01-02,Enterprise,Annual,1093.54,42,53,1615,-0.417,33.2,1,10.4,1,9,0
CUST-13498,Quantum Stack,2024-12-31,Basic,Monthly,61.97,18,4,57,-0.428,24.4,3,14.7,0,10,1
CUST-13499,Quantum Cloud,2025-05-02,Pro,Monthly,282.35,14,11,219,0.317,77.4,3,3.5,0,6,0
CUST-13500,Flux HQ,2022-07-03,Basic,Monthly,49.67,48,1,36,-0.591,71.2,2,5.3,0,5,0
CUST-13501,Aura AI,2024-12-01,Pro,Monthly,222.53,19,13,362,0.048,80.7,2,4.4,0,9,0
CUST-13502,Zentis HQ,2025-01-31,Enterprise,Annual,732.17,17,53,1192,-0.427,56.8,5,1.0,0,6,0
CUST-13503,Flux Analytics,2024-02-01,Basic,Monthly,60.05,29,3,93,-0.33,52.4,2,11.4,0,10,0
CUST-13504,Nova HQ,2025-10-01,Enterprise,Annual,1115.32,9,35,521,-0.224,100.0,4,5.7,0,6,0
CUST-13505,Pulse Tech,2025-08-01,Pro,Annual,184.55,11,8,252,0.128,70.0,0,42.5,0,7,0
CUST-13506,Sync Stack,2022-07-03,Enterprise,Annual,1184.39,48,52,853,-0.707,64.1,2,1.9,1,2,1
CUST-13507,Cyber Solutions,2024-02-01,Basic,Annual,47.13,29,4,130,-0.125,37.7,3,15.3,1,2,1
CUST-13508,Zentis Tech,2022-11-02,Pro,Monthly,185.33,44,10,194,0.368,45.6,2,6.6,0,6,0
CUST-13509,Hyper Digital,2025-10-01,Basic,Monthly,52.49,9,5,66,-0.295,74.9,6,27.8,0,3,0
CUST-13510,Cyber AI,2024-10-01,Basic,Annual,41.18,21,8,212,0.021,78.1,0,3.8,0,5,0
CUST-13511,Titan Solutions,2022-07-03,Basic,Monthly,56.51,48,3,66,0.5,50.4,4,11.7,1,8,0
CUST-13512,Data Solutions,2025-08-01,Enterprise,Multi-Year,840.76,11,63,1620,0.047,70.0,1,86.4,2,5,0
CUST-13513,Titan Analytics,2025-12-31,Pro,Monthly,167.66,6,6,120,-0.275,27.1,5,15.2,0,7,0
CUST-13514,Apex Stack,2024-12-01,Enterprise,Annual,862.68,19,56,1813,-0.228,10.7,2,51.9,0,10,1
CUST-13515,Omni Systems,2025-05-02,Enterprise,Multi-Year,1112.81,14,28,707,-0.493,65.0,5,21.2,1,10,0
CUST-13516,Titan Analytics,2025-12-31,Basic,Monthly,44.47,6,5,132,-0.153,66.3,2,62.4,0,6,0
CUST-13517,Strata Analytics,2022-07-03,Basic,Monthly,39.09,48,1,31,-0.244,41.1,4,35.7,0,5,1
CUST-13518,Quantum Cloud,2022-07-03,Basic,Monthly,44.55,48,4,74,0.47,62.8,1,4.2,1,10,0
CUST-13519,Nexus Software,2024-09-01,Basic,Monthly,48.76,22,3,60,-0.449,75.1,1,61.4,2,5,0
CUST-13520,Pulse HQ,2023-05-03,Basic,Monthly,40.32,38,1,19,-0.098,33.9,1,1.0,0,6,0
CUST-13521,Titan Systems,2022-07-03,Basic,Monthly,40.54,48,4,102,-0.25,58.9,6,47.7,0,8,1
CUST-13522,Vertex Tech,2023-12-02,Basic,Monthly,64.52,31,1,36,-0.015,74.5,0,1.0,0,7,0
CUST-13523,Nexus HQ,2026-04-01,Basic,Monthly,42.67,3,2,54,-0.63,48.2,2,7.3,0,5,0
CUST-13524,Orion Software,2025-12-31,Basic,Monthly,46.63,6,3,93,0.105,59.0,3,24.8,0,7,0
CUST-13525,Quantum Dynamics,2026-04-01,Basic,Annual,46.3,3,1,31,-0.226,46.7,4,46.9,2,9,0
CUST-13526,Omni Labs,2026-05-02,Enterprise,Annual,935.86,2,59,1772,-0.798,26.8,3,18.0,0,4,1
CUST-13527,Vanguard Flow,2025-08-31,Pro,Monthly,217.55,10,14,300,-0.206,44.9,0,60.2,0,4,1
CUST-13528,Hyper Networks,2025-05-02,Enterprise,Multi-Year,1141.08,14,49,1905,-0.345,62.8,3,17.4,0,8,0
CUST-13529,Strata Cloud,2025-10-31,Basic,Monthly,46.75,8,4,127,-0.241,100.0,6,19.1,0,7,0
CUST-13530,Apex Solutions,2026-04-01,Basic,Monthly,39.91,3,3,45,-0.385,40.6,4,24.7,0,5,0
CUST-13531,Data Flow,2024-10-31,Pro,Monthly,237.04,20,11,321,-0.178,48.9,6,14.2,1,5,0
CUST-13532,Flux HQ,2025-10-01,Basic,Monthly,48.3,9,4,65,0.001,51.6,2,4.9,0,3,0
CUST-13533,Data Global,2023-03-03,Basic,Annual,61.72,40,7,193,0.435,41.7,1,2.7,0,9,0
CUST-13534,Nova Stack,2026-05-02,Basic,Monthly,32.49,2,1,23,-0.244,62.8,3,1.2,0,10,0
CUST-13535,Sync Global,2022-08-03,Basic,Monthly,50.44,47,2,41,-0.276,64.5,4,6.8,0,4,0
CUST-13536,Aura Analytics,2022-07-03,Basic,Monthly,63.1,48,5,115,0.07,46.0,5,2.8,0,10,0
CUST-13537,Quantum Flow,2023-11-02,Basic,Annual,46.4,32,1,25,-0.427,35.8,2,4.8,0,9,0
CUST-13538,Apex AI,2023-09-02,Pro,Monthly,192.27,34,12,174,0.151,51.2,6,10.0,3,7,0
CUST-13539,Zentis Software,2022-07-03,Basic,Monthly,51.17,48,2,56,-0.051,65.8,6,7.0,0,2,0
CUST-13540,Nova Labs,2025-12-01,Basic,Monthly,44.89,7,4,84,-0.441,64.6,1,19.2,0,5,0
CUST-13541,Sync Systems,2022-07-03,Pro,Annual,189.68,48,13,417,0.072,99.7,2,79.3,0,10,0
CUST-13542,Nexus Networks,2023-05-03,Basic,Monthly,46.52,38,2,37,-0.29,65.6,2,21.6,0,9,0
CUST-13543,Data Stack,2023-10-02,Basic,Monthly,44.39,33,2,65,-0.446,56.2,0,38.4,0,7,0
CUST-13544,Orion Networks,2025-07-02,Enterprise,Annual,1183.14,12,37,1053,0.476,87.1,2,23.6,3,6,0
CUST-13545,Nexus Cloud,2024-10-01,Basic,Monthly,52.39,21,4,80,0.004,24.5,2,1.5,0,2,1
CUST-13546,Apex Tech,2024-04-02,Basic,Monthly,50.84,27,4,83,-0.658,55.4,7,69.2,0,8,1
CUST-13547,Aero Digital,2024-06-01,Basic,Monthly,54.94,25,2,25,-0.608,41.3,1,18.4,0,4,0
CUST-13548,Sync Digital,2023-12-02,Basic,Monthly,47.06,31,1,34,-0.144,72.5,2,78.2,0,5,0
CUST-13549,Titan Dynamics,2026-03-02,Pro,Monthly,175.89,4,13,286,-0.005,21.1,9,22.7,0,8,1
CUST-13550,Hyper Labs,2025-07-02,Pro,Monthly,181.01,12,14,257,0.288,88.7,4,7.2,0,8,0
CUST-13551,Omni Dynamics,2025-04-01,Basic,Monthly,49.01,15,2,60,0.321,54.1,1,49.0,0,7,1
CUST-13552,Aero HQ,2025-10-01,Pro,Annual,167.38,9,9,167,-0.135,74.6,2,17.5,0,1,0
CUST-13553,Aero Global,2025-12-31,Pro,Annual,184.07,6,4,70,-0.497,100.0,3,13.5,2,4,0
CUST-13554,Hyper Software,2026-01-30,Basic,Monthly,45.21,5,6,155,-0.208,100.0,4,15.2,1,7,0
CUST-13555,Vanguard Cloud,2025-06-01,Pro,Annual,262.42,13,10,338,-0.404,62.5,2,1.0,0,4,0
CUST-13556,Orion Global,2024-12-31,Basic,Monthly,28.61,18,1,21,-0.106,28.3,2,7.6,0,8,0
CUST-13557,Vertex Systems,2026-04-01,Basic,Monthly,47.68,3,5,135,-0.466,39.7,1,11.8,2,6,1
CUST-13558,Data Global,2022-07-03,Basic,Annual,61.68,48,6,68,0.071,23.3,3,14.4,0,5,0
CUST-13559,Strata Global,2023-06-03,Basic,Monthly,49.9,37,3,81,0.216,63.1,2,10.3,0,8,0
CUST-13560,Apex Labs,2023-09-02,Basic,Monthly,54.54,34,3,58,-0.155,73.1,2,13.6,0,9,0
CUST-13561,Pulse Software,2025-12-31,Pro,Monthly,201.98,6,20,632,0.029,29.7,3,23.1,0,7,0
CUST-13562,Nova Networks,2024-07-02,Basic,Monthly,44.1,24,3,63,0.08,100.0,3,6.7,1,9,0
CUST-13563,Vanguard Cloud,2024-10-31,Basic,Annual,32.52,20,2,57,-0.624,76.8,2,14.0,0,4,0
CUST-13564,Aero Flow,2022-07-03,Basic,Monthly,50.51,48,4,92,-0.064,76.7,2,13.1,2,8,0
CUST-13565,Cloud Labs,2023-08-02,Pro,Monthly,175.85,35,9,402,0.228,64.6,4,20.7,0,10,0
CUST-13566,Titan Digital,2024-08-01,Pro,Annual,175.11,23,14,192,0.22,50.5,3,33.9,0,10,0
CUST-13567,Titan Solutions,2022-07-03,Pro,Annual,184.11,48,12,261,-0.41,34.3,4,19.2,1,7,1
CUST-13568,Omni HQ,2025-12-31,Pro,Annual,251.08,6,13,366,-0.071,60.1,0,4.8,1,7,0
CUST-13569,Nova Networks,2026-05-02,Enterprise,Annual,1359.36,2,51,1137,0.206,62.0,2,5.5,0,8,0
CUST-13570,Nexus Digital,2024-01-01,Basic,Monthly,50.6,30,3,71,0.251,55.4,1,2.4,0,3,0
CUST-13571,Sync Software,2026-03-02,Pro,Annual,185.13,4,9,245,0.279,78.7,5,2.6,0,5,0
CUST-13572,Aero Software,2026-01-30,Pro,Monthly,163.86,5,4,140,-0.519,66.0,3,45.0,0,2,1
CUST-13573,Apex Global,2023-08-02,Enterprise,Annual,1069.21,35,54,1476,0.025,71.3,5,41.2,0,9,0
CUST-13574,Sync HQ,2025-10-01,Enterprise,Annual,1266.17,9,53,1638,0.471,55.4,3,1.0,0,5,0
CUST-13575,Quantum Solutions,2024-05-02,Basic,Monthly,47.18,26,3,82,0.442,37.5,1,13.2,0,4,0
CUST-13576,Aero Digital,2022-07-03,Basic,Monthly,31.51,48,6,263,0.072,35.5,3,71.5,0,4,1
CUST-13577,Quantum Tech,2025-08-01,Basic,Monthly,53.92,11,3,59,-0.034,61.0,0,4.8,0,3,1
CUST-13578,Aero Global,2025-12-01,Pro,Monthly,228.41,7,16,364,-0.191,57.3,1,17.7,0,8,0
CUST-13579,Orion Dynamics,2026-03-02,Basic,Monthly,37.34,4,3,72,0.088,47.8,7,30.6,0,6,0
CUST-13580,Pulse AI,2026-01-30,Basic,Monthly,50.3,5,2,52,-0.044,62.5,3,16.4,0,9,0
CUST-13581,Pulse Analytics,2026-04-01,Pro,Monthly,212.47,3,14,386,-0.223,64.1,3,20.6,0,4,0
CUST-13582,Quantum AI,2026-03-02,Basic,Monthly,48.46,4,1,17,-0.191,50.3,1,2.2,0,8,0
CUST-13583,Omni Software,2025-04-01,Enterprise,Multi-Year,880.5,15,66,557,0.44,77.0,1,18.6,0,7,0
CUST-13584,Orion Solutions,2025-08-01,Basic,Monthly,56.47,11,6,70,-0.138,61.7,3,32.8,2,5,0
CUST-13585,Strata Global,2023-11-02,Basic,Monthly,46.04,32,4,172,0.175,80.9,3,3.1,0,9,0
CUST-13586,Quantum HQ,2022-07-03,Basic,Monthly,38.08,48,4,71,-0.396,40.7,2,25.7,1,8,0
CUST-13587,Quantum Analytics,2023-04-03,Pro,Monthly,137.82,39,11,335,-0.512,65.4,3,47.6,0,6,0
CUST-13588,Flux Digital,2024-10-31,Basic,Monthly,58.27,20,5,142,0.183,50.2,3,22.5,0,7,0
CUST-13589,Data Dynamics,2026-03-02,Basic,Monthly,53.53,4,2,57,-0.184,46.7,4,20.0,2,3,1
CUST-13590,Quantum Networks,2023-11-02,Enterprise,Multi-Year,1012.18,32,30,520,-0.115,58.5,2,4.6,2,5,0
CUST-13591,Nova Software,2025-06-01,Basic,Monthly,45.76,13,2,42,0.241,47.9,3,15.1,0,9,0
CUST-13592,Quantum AI,2026-03-02,Pro,Monthly,183.21,4,18,317,0.195,78.6,1,30.8,2,7,0
CUST-13593,Quantum Digital,2022-08-03,Pro,Monthly,166.89,47,20,800,0.158,100.0,7,7.2,0,4,0
CUST-13594,Zentis Software,2025-07-02,Basic,Monthly,45.83,12,1,37,-0.156,85.4,2,11.1,1,8,0
CUST-13595,Cloud Solutions,2025-10-31,Pro,Monthly,135.72,8,15,93,-0.235,51.7,3,15.8,0,7,0
CUST-13596,Vertex Global,2022-07-03,Basic,Monthly,43.59,48,2,56,0.115,52.7,2,53.4,0,6,0
CUST-13597,Flux Flow,2022-07-03,Pro,Annual,189.72,48,5,72,-0.227,87.7,3,12.2,0,4,0
CUST-13598,Hyper Systems,2025-07-02,Basic,Monthly,53.48,12,3,65,0.079,71.6,5,3.5,0,8,0
CUST-13599,Vanguard Dynamics,2025-07-02,Pro,Annual,197.81,12,9,200,0.073,69.8,5,3.9,0,3,0
CUST-13600,Quantum Flow,2024-08-01,Basic,Annual,54.84,23,1,27,0.221,82.4,4,16.0,0,10,0
CUST-13601,Apex Stack,2023-09-02,Pro,Annual,239.27,34,13,39,-0.38,81.9,3,64.8,0,5,0
CUST-13602,Vanguard Software,2026-04-01,Basic,Monthly,56.78,3,2,38,-0.362,76.7,0,1.3,0,5,0
CUST-13603,Cyber AI,2024-07-02,Basic,Monthly,52.46,24,1,20,-0.367,95.8,4,12.5,0,5,0
CUST-13604,Omni Cloud,2022-07-03,Basic,Annual,49.09,48,1,23,0.03,59.3,4,21.1,0,6,0
CUST-13605,Sync Systems,2025-10-01,Basic,Monthly,41.79,9,1,33,-0.317,67.6,1,8.9,3,5,0
CUST-13606,Data Tech,2022-07-03,Pro,Monthly,221.09,48,17,469,0.013,60.8,3,50.0,0,5,1
CUST-13607,Quantum Systems,2022-07-03,Basic,Monthly,61.35,48,3,62,-0.541,54.8,3,19.8,0,9,0
CUST-13608,Apex Stack,2025-10-01,Enterprise,Annual,1050.26,9,69,1237,0.24,46.9,1,10.9,1,4,0
CUST-13609,Orion Analytics,2023-07-03,Enterprise,Annual,1286.3,36,69,1580,0.103,39.3,1,2.1,0,5,0
CUST-13610,Sync Analytics,2025-10-31,Pro,Annual,153.46,8,11,364,-0.548,57.1,1,18.5,0,5,0
CUST-13611,Zentis Analytics,2023-09-02,Basic,Monthly,40.52,34,1,36,0.032,34.6,4,3.9,0,4,0
CUST-13612,Pulse Analytics,2023-02-01,Basic,Monthly,55.29,41,2,43,-0.041,100.0,4,27.6,0,4,0
CUST-13613,Pulse HQ,2025-10-31,Pro,Annual,206.89,8,11,179,-0.372,62.1,3,14.8,0,8,0
CUST-13614,Apex Solutions,2023-11-02,Basic,Monthly,58.66,32,2,47,-0.034,65.5,4,29.5,0,9,0
CUST-13615,Vertex Flow,2023-01-02,Basic,Annual,48.89,42,2,53,-0.264,34.3,4,16.6,0,8,0
CUST-13616,Aura Systems,2025-07-02,Pro,Monthly,173.09,12,16,398,-0.046,47.3,5,18.2,0,8,0
CUST-13617,Nova Dynamics,2025-12-31,Pro,Annual,192.62,6,13,310,0.024,67.4,2,4.5,0,10,0
CUST-13618,Orion Cloud,2026-03-02,Pro,Monthly,153.25,4,8,184,-0.141,56.7,3,16.0,0,6,0
CUST-13619,Titan Systems,2024-09-01,Basic,Monthly,40.7,22,2,52,0.025,58.9,3,37.7,0,8,0
CUST-13620,Aero Cloud,2022-07-03,Pro,Monthly,228.03,48,11,176,-0.304,85.6,6,53.3,0,6,1
CUST-13621,Aura Systems,2022-11-02,Basic,Monthly,55.41,44,4,58,0.122,70.9,6,82.2,0,10,0
CUST-13622,Cloud HQ,2025-03-02,Basic,Monthly,51.67,16,2,46,-0.073,62.7,2,66.5,0,10,0
CUST-13623,Pulse Labs,2024-10-31,Enterprise,Multi-Year,741.1,20,43,603,-0.205,65.2,0,43.2,0,7,0
CUST-13624,Cyber Stack,2025-08-31,Basic,Monthly,46.37,10,2,30,0.167,84.6,2,13.9,0,7,0
CUST-13625,Apex Software,2025-12-31,Basic,Monthly,40.0,6,5,72,-0.563,64.9,0,27.4,0,4,0
CUST-13626,Sync AI,2024-12-31,Basic,Monthly,57.65,18,1,22,0.034,45.2,5,124.4,3,3,1
CUST-13627,Pulse Flow,2025-01-31,Enterprise,Annual,911.53,17,51,1276,-0.528,45.7,5,17.2,0,7,0
CUST-13628,Data Stack,2024-10-31,Pro,Annual,166.59,20,11,287,-0.195,76.8,2,16.4,0,5,0
CUST-13629,Data Tech,2022-07-03,Pro,Monthly,199.89,48,8,250,-0.198,31.5,0,2.4,0,7,0
CUST-13630,Cloud Software,2024-07-02,Pro,Annual,179.89,24,13,365,-0.27,78.1,3,6.8,0,6,0
CUST-13631,Strata Dynamics,2024-07-02,Basic,Monthly,59.91,24,2,68,-0.452,49.4,0,32.9,0,7,0
CUST-13632,Orion Cloud,2026-01-30,Basic,Monthly,43.6,5,3,72,-0.459,53.9,5,1.0,0,0,0
CUST-13633,Vanguard Dynamics,2022-07-03,Basic,Monthly,38.72,48,2,62,0.391,37.2,4,45.0,0,7,0
CUST-13634,Strata Software,2023-05-03,Basic,Annual,33.18,38,2,63,-0.296,36.8,3,4.6,0,6,1
CUST-13635,Pulse AI,2022-07-03,Basic,Annual,48.77,48,1,32,-0.031,42.1,6,3.6,0,2,0
CUST-13636,Aero Stack,2025-04-01,Enterprise,Annual,914.79,15,70,2195,0.053,65.5,2,12.4,0,5,0
CUST-13637,Nexus Analytics,2024-12-01,Basic,Monthly,38.5,19,2,39,-0.21,65.3,4,1.0,0,7,0
CUST-13638,Aero Flow,2024-10-31,Basic,Monthly,57.74,20,3,68,0.211,50.3,4,1.0,0,6,0
CUST-13639,Vanguard AI,2025-12-01,Basic,Monthly,53.9,7,1,29,0.181,63.0,1,5.6,1,6,0
CUST-13640,Orion Flow,2024-01-01,Basic,Annual,48.79,30,1,28,-0.317,63.3,8,32.9,2,7,0
CUST-13641,Zentis Analytics,2022-07-03,Enterprise,Annual,1203.44,48,53,1913,-0.023,15.6,3,6.6,0,7,0
CUST-13642,Flux Global,2025-12-31,Basic,Monthly,53.87,6,4,114,0.333,71.4,1,4.4,1,2,0
CUST-13643,Nexus Global,2026-03-02,Basic,Monthly,42.95,4,6,120,0.015,41.9,8,46.7,0,4,0
CUST-13644,Hyper Cloud,2023-09-02,Pro,Monthly,167.98,34,9,371,-0.24,36.9,2,14.6,0,2,0
CUST-13645,Strata Dynamics,2025-10-01,Basic,Monthly,55.01,9,4,52,-0.189,71.1,6,33.3,0,9,0
CUST-13646,Nexus Software,2024-06-01,Basic,Monthly,51.91,25,3,83,-0.058,67.2,3,1.6,0,7,0
CUST-13647,Pulse Global,2023-12-02,Basic,Monthly,50.25,31,1,16,0.497,55.0,4,2.1,0,3,0
CUST-13648,Flux AI,2025-08-01,Pro,Annual,173.73,11,2,46,-0.24,18.3,3,45.4,2,6,0
CUST-13649,Nexus Global,2022-12-02,Enterprise,Annual,1090.1,43,48,2097,-0.613,64.2,2,39.5,0,9,0
CUST-13650,Aero Global,2024-10-01,Pro,Monthly,176.45,21,7,200,0.292,100.0,6,23.1,0,4,0
CUST-13651,Nexus HQ,2022-07-03,Basic,Monthly,48.25,48,2,29,0.063,54.4,4,19.8,0,6,0
CUST-13652,Omni Cloud,2023-06-03,Pro,Monthly,242.19,37,10,298,-0.076,59.5,4,44.7,0,10,0
CUST-13653,Aero Software,2022-07-03,Basic,Monthly,44.14,48,3,75,-0.275,82.4,2,25.6,0,7,0
CUST-13654,Omni Stack,2026-05-02,Basic,Monthly,37.44,2,2,33,-0.061,57.3,1,16.4,0,7,0
CUST-13655,Omni Cloud,2025-10-31,Basic,Monthly,41.26,8,1,22,0.439,61.8,2,33.8,0,8,0
CUST-13656,Cloud AI,2026-03-02,Basic,Monthly,56.31,4,3,112,-0.125,47.5,5,34.2,1,5,1
CUST-13657,Omni Analytics,2025-03-02,Pro,Annual,206.6,16,21,436,0.076,64.2,0,25.7,0,0,0
CUST-13658,Nexus Flow,2022-07-03,Pro,Monthly,195.15,48,8,79,-0.242,64.1,2,25.9,0,7,0
CUST-13659,Nova Software,2025-01-31,Enterprise,Annual,922.71,17,37,615,0.067,69.6,4,3.6,0,6,0
CUST-13660,Quantum Cloud,2022-07-03,Pro,Annual,213.49,48,10,293,-0.01,60.0,2,1.0,0,5,0
CUST-13661,Strata Tech,2025-08-01,Pro,Monthly,173.65,11,10,318,0.137,50.9,1,23.3,0,6,0
CUST-13662,Nova Tech,2025-07-02,Basic,Monthly,51.25,12,3,46,-0.095,51.5,3,54.9,0,9,0
CUST-13663,Cloud Stack,2022-07-03,Basic,Monthly,43.63,48,6,100,0.264,57.0,3,97.5,3,5,0
CUST-13664,Zentis Software,2025-04-01,Pro,Annual,172.2,15,10,182,-0.573,87.6,3,12.4,0,7,0
CUST-13665,Flux Systems,2023-03-03,Basic,Monthly,44.31,40,3,65,-0.26,94.4,3,31.9,0,5,1
CUST-13666,Aero AI,2025-10-31,Pro,Annual,187.79,8,9,87,-0.321,34.1,2,5.0,0,8,0
CUST-13667,Vanguard Cloud,2022-07-03,Basic,Annual,48.64,48,4,94,-0.25,82.7,2,3.0,2,8,0
CUST-13668,Apex Systems,2024-09-01,Basic,Annual,50.73,22,4,111,-0.417,62.5,2,5.1,0,5,0
CUST-13669,Strata Analytics,2023-07-03,Basic,Monthly,21.89,36,2,44,-0.015,49.9,5,1.0,0,9,0
CUST-13670,Data Software,2026-03-02,Basic,Monthly,43.06,4,1,25,-0.482,100.0,1,12.6,1,5,0
CUST-13671,Strata Tech,2024-12-31,Basic,Monthly,46.12,18,1,13,0.077,96.8,7,5.3,0,4,0
CUST-13672,Sync Solutions,2022-07-03,Pro,Annual,243.93,48,17,321,-0.081,95.8,1,7.5,0,6,0
CUST-13673,Cloud Flow,2022-07-03,Basic,Monthly,41.06,48,5,185,-0.036,44.0,4,15.0,1,8,0
CUST-13674,Hyper Tech,2026-04-01,Pro,Monthly,203.86,3,16,351,0.182,58.8,1,1.5,1,4,0
CUST-13675,Hyper Flow,2025-08-31,Basic,Monthly,59.99,10,2,57,0.155,39.9,0,29.7,0,10,1
CUST-13676,Strata Digital,2025-03-02,Basic,Monthly,39.35,16,2,81,-0.061,54.8,3,12.1,0,6,0
CUST-13677,Titan Tech,2025-12-31,Basic,Monthly,51.9,6,1,31,0.2,60.9,2,3.6,0,7,0
CUST-13678,Nova Flow,2023-09-02,Pro,Monthly,175.05,34,6,190,-0.044,81.1,1,3.4,0,7,0
CUST-13679,Aero Flow,2025-12-31,Basic,Monthly,45.29,6,3,56,-0.293,79.9,5,25.8,0,7,0
CUST-13680,Nova Analytics,2025-07-02,Pro,Annual,175.03,12,5,156,-0.296,69.6,6,24.9,0,5,0
CUST-13681,Cloud AI,2024-03-02,Basic,Monthly,43.62,28,2,38,-0.163,41.5,2,18.2,0,5,1
CUST-13682,Flux AI,2024-12-31,Pro,Monthly,280.25,18,18,425,-0.563,82.1,5,18.1,0,7,0
CUST-13683,Nexus Stack,2023-09-02,Basic,Monthly,55.21,34,4,147,0.189,70.0,0,1.0,0,6,0
CUST-13684,Cloud Software,2022-07-03,Pro,Monthly,231.89,48,12,173,-0.086,54.7,1,12.9,1,4,0
CUST-13685,Vanguard Analytics,2026-01-30,Pro,Annual,213.69,5,13,391,-0.081,32.8,3,44.2,0,0,0
CUST-13686,Quantum Systems,2023-11-02,Enterprise,Annual,758.3,32,59,1040,-0.146,75.4,0,2.6,1,8,0
CUST-13687,Quantum Systems,2025-10-31,Basic,Monthly,51.9,8,2,33,-0.143,27.2,2,4.9,0,9,0
CUST-13688,Nexus AI,2025-04-01,Basic,Monthly,56.89,15,4,67,-0.044,29.5,2,9.9,0,8,1
CUST-13689,Omni Networks,2026-05-02,Basic,Monthly,42.73,2,1,13,-0.064,45.5,5,10.7,1,8,0
CUST-13690,Strata Networks,2026-01-30,Pro,Annual,227.82,5,10,163,0.123,68.5,2,10.2,0,6,0
CUST-13691,Cloud Tech,2025-08-01,Pro,Monthly,220.02,11,9,133,-0.168,40.7,0,1.0,0,6,1
CUST-13692,Quantum HQ,2025-07-02,Pro,Annual,254.28,12,12,302,0.275,46.6,3,7.2,0,7,0
CUST-13693,Apex Analytics,2022-07-03,Basic,Annual,45.93,48,4,163,-0.092,71.1,4,11.1,0,8,0
CUST-13694,Sync Labs,2023-08-02,Basic,Monthly,40.93,35,5,75,-0.409,74.7,2,25.7,0,6,0
CUST-13695,Strata Cloud,2022-07-03,Basic,Monthly,46.34,48,4,117,-0.394,32.3,2,35.0,0,7,1
CUST-13696,Aura Global,2024-07-02,Enterprise,Annual,1214.12,24,44,1224,-0.181,97.6,2,25.2,0,6,0
CUST-13697,Apex Analytics,2025-10-31,Pro,Annual,144.42,8,5,137,0.252,62.3,4,1.9,1,6,0
CUST-13698,Aura HQ,2025-08-01,Enterprise,Annual,689.05,11,62,2090,0.079,36.6,2,3.8,2,7,0
CUST-13699,Data Analytics,2025-08-01,Basic,Annual,49.66,11,2,52,-0.263,60.5,3,21.8,0,4,1
CUST-13700,Aura Cloud,2025-08-01,Pro,Monthly,185.79,11,11,360,-0.406,10.4,8,5.0,1,7,0
CUST-13701,Cyber Cloud,2024-02-01,Pro,Annual,199.23,29,16,361,-0.201,40.3,4,49.5,0,8,1
CUST-13702,Vertex Analytics,2024-10-31,Basic,Monthly,55.95,20,3,83,0.307,79.9,2,2.9,1,3,0
CUST-13703,Orion Labs,2025-06-01,Pro,Annual,182.51,13,12,271,-0.394,71.0,2,28.0,0,8,0
CUST-13704,Pulse Software,2026-01-30,Enterprise,Annual,718.33,5,43,1641,-0.381,59.0,3,10.1,1,5,0
CUST-13705,Flux Networks,2026-05-02,Enterprise,Annual,1305.37,2,35,978,-0.524,31.2,4,8.8,0,7,0
CUST-13706,Orion Digital,2025-10-31,Pro,Monthly,169.23,8,14,284,-0.065,51.8,5,46.7,0,6,0
CUST-13707,Flux Dynamics,2026-03-02,Basic,Monthly,41.22,4,5,159,-0.083,78.1,2,21.4,0,6,0
CUST-13708,Data Labs,2023-04-03,Basic,Monthly,57.11,39,3,57,0.191,26.8,1,16.4,0,4,1
CUST-13709,Cloud Systems,2026-03-02,Enterprise,Multi-Year,941.38,4,48,1049,-0.316,38.0,4,17.6,0,6,0
CUST-13710,Nexus Digital,2023-10-02,Basic,Monthly,48.53,33,3,107,-0.307,72.6,3,37.2,0,6,0
CUST-13711,Titan Labs,2025-06-01,Pro,Annual,213.41,13,9,291,0.25,88.2,4,5.5,2,8,0
CUST-13712,Quantum Dynamics,2026-04-01,Pro,Annual,231.34,3,18,92,-0.16,42.0,6,2.7,1,6,0
CUST-13713,Nexus Digital,2022-12-02,Pro,Annual,189.05,43,15,385,-0.308,37.2,4,26.5,0,5,0
CUST-13714,Zentis Dynamics,2024-08-01,Enterprise,Annual,1226.76,23,20,424,0.024,99.2,2,5.3,0,2,0
CUST-13715,Orion Networks,2025-10-31,Basic,Monthly,33.3,8,4,94,0.272,73.8,5,7.9,0,8,0
CUST-13716,Vanguard Software,2022-07-03,Basic,Annual,54.58,48,3,56,-0.039,68.4,5,90.4,1,4,1
CUST-13717,Vertex Labs,2026-04-01,Basic,Monthly,42.83,3,2,51,0.207,52.9,0,1.2,0,9,0
CUST-13718,Hyper AI,2025-12-01,Basic,Monthly,59.09,7,3,59,0.355,16.4,4,7.5,0,7,0
CUST-13719,Cloud Systems,2023-07-03,Basic,Monthly,50.04,36,3,50,-0.047,44.0,0,2.4,0,4,0
CUST-13720,Omni Analytics,2023-11-02,Basic,Monthly,44.05,32,2,38,0.049,70.5,5,36.2,0,5,0
CUST-13721,Orion Analytics,2025-08-31,Pro,Annual,218.79,10,22,474,-0.01,66.4,2,5.1,0,3,0
CUST-13722,Flux Systems,2026-04-01,Enterprise,Multi-Year,1132.84,3,66,632,0.045,83.9,2,32.4,0,7,0
CUST-13723,Strata Flow,2022-07-03,Basic,Monthly,53.72,48,1,12,0.084,50.3,4,13.8,0,6,0
CUST-13724,Zentis Solutions,2025-08-01,Basic,Monthly,41.43,11,4,52,-0.138,42.0,8,16.8,0,2,0
CUST-13725,Nexus Tech,2025-12-01,Enterprise,Annual,926.47,7,24,747,-0.054,46.1,4,28.2,0,3,1
CUST-13726,Omni Solutions,2024-12-01,Basic,Monthly,48.97,19,1,20,0.08,75.8,5,46.8,0,7,0
CUST-13727,Titan Software,2022-07-03,Basic,Monthly,48.7,48,3,47,-0.344,48.1,1,7.8,0,8,0
CUST-13728,Aero Dynamics,2026-04-01,Basic,Annual,54.51,3,2,70,0.089,27.9,1,15.3,0,9,0
CUST-13729,Vertex Stack,2023-06-03,Pro,Annual,138.86,37,8,205,0.001,55.1,1,173.2,0,5,0
CUST-13730,Cyber Dynamics,2024-09-01,Basic,Monthly,51.46,22,4,84,-0.108,34.5,3,20.2,0,5,0
CUST-13731,Flux Tech,2025-04-01,Enterprise,Multi-Year,955.55,15,71,1942,-0.594,66.1,5,36.2,0,6,1
CUST-13732,Omni Cloud,2023-08-02,Basic,Monthly,42.84,35,2,52,-0.149,61.9,2,32.7,1,4,0
CUST-13733,Quantum Tech,2022-07-03,Pro,Annual,176.84,48,6,195,0.145,87.2,2,12.3,0,8,0
CUST-13734,Sync Solutions,2025-10-31,Basic,Monthly,47.42,8,1,35,-0.297,43.0,2,19.0,0,10,0
CUST-13735,Nova AI,2026-01-30,Basic,Monthly,22.53,5,2,46,0.141,34.6,5,92.0,0,6,0
CUST-13736,Nova HQ,2022-07-03,Pro,Monthly,178.07,48,10,171,0.138,50.4,4,10.3,0,7,0
CUST-13737,Data Analytics,2024-02-01,Pro,Monthly,172.86,29,13,240,-0.122,59.2,2,17.6,1,10,0
CUST-13738,Nexus Tech,2025-03-02,Pro,Monthly,214.9,16,14,419,0.175,77.8,5,33.0,2,8,0
CUST-13739,Zentis Flow,2024-09-01,Pro,Monthly,174.96,22,5,195,0.102,66.9,4,29.8,1,5,1
CUST-13740,Nova Tech,2023-08-02,Enterprise,Annual,966.77,35,7,129,0.08,55.4,7,11.2,0,6,0
CUST-13741,Aura Flow,2023-05-03,Pro,Monthly,245.04,38,8,260,-0.261,57.8,1,3.3,1,9,0
CUST-13742,Orion Software,2022-07-03,Pro,Monthly,228.68,48,18,300,-0.723,78.5,1,40.3,1,4,0
CUST-13743,Omni AI,2025-04-01,Basic,Monthly,55.63,15,4,123,0.473,49.9,1,1.0,0,7,0
CUST-13744,Orion Dynamics,2025-08-31,Basic,Monthly,45.33,10,3,64,0.033,70.5,2,9.2,0,7,0
CUST-13745,Vanguard Networks,2024-04-02,Basic,Monthly,52.99,27,1,25,-0.074,29.7,3,8.6,0,10,0
CUST-13746,Nova Analytics,2025-04-01,Pro,Monthly,192.02,15,9,237,-0.055,61.5,2,16.3,1,6,0
CUST-13747,Orion Solutions,2024-07-02,Basic,Annual,47.56,24,2,67,-0.041,46.6,1,2.2,0,8,1
CUST-13748,Quantum Analytics,2025-04-01,Basic,Annual,52.01,15,1,27,-0.694,39.6,3,2.3,0,5,0
CUST-13749,Zentis Cloud,2025-12-31,Enterprise,Annual,909.54,6,53,1215,-0.426,40.6,5,19.1,0,5,0
CUST-13750,Nova Flow,2025-01-31,Enterprise,Annual,1222.73,17,64,1139,-0.055,37.4,2,23.8,1,4,0
CUST-13751,Aura Cloud,2024-01-01,Enterprise,Annual,975.0,30,24,406,0.197,39.2,3,11.5,0,7,0
CUST-13752,Cloud Software,2023-02-01,Basic,Annual,53.54,41,3,48,0.5,49.2,1,2.1,0,1,0
CUST-13753,Orion HQ,2024-12-31,Pro,Annual,242.45,18,10,384,0.376,36.8,3,42.8,0,2,0
CUST-13754,Omni HQ,2025-12-31,Basic,Monthly,56.58,6,3,80,-0.114,81.7,2,34.4,0,6,0
CUST-13755,Apex Tech,2025-04-01,Basic,Monthly,38.64,15,5,82,-0.042,57.0,5,9.5,0,10,0
CUST-13756,Apex Cloud,2023-04-03,Basic,Monthly,52.27,39,5,161,-0.092,70.3,5,15.9,1,6,1
CUST-13757,Hyper Flow,2025-04-01,Basic,Monthly,55.25,15,4,94,-0.59,93.7,2,15.3,0,9,0
CUST-13758,Data Stack,2023-12-02,Basic,Monthly,55.56,31,1,16,-0.652,73.6,1,41.0,0,6,0
CUST-13759,Orion AI,2024-12-01,Pro,Monthly,165.77,19,10,166,0.089,35.8,3,33.7,1,3,1
CUST-13760,Cyber Labs,2025-10-31,Basic,Monthly,44.17,8,2,32,-0.203,55.5,2,23.6,0,5,1
CUST-13761,Vanguard Solutions,2023-03-03,Pro,Monthly,228.69,40,15,317,-0.34,44.3,1,94.7,2,8,1
CUST-13762,Flux Stack,2026-03-02,Pro,Monthly,176.26,4,7,203,0.048,92.0,7,23.4,0,3,1
CUST-13763,Data Labs,2024-10-31,Basic,Monthly,46.8,20,1,26,-0.045,49.9,5,33.0,0,3,0
CUST-13764,Data Flow,2025-12-01,Basic,Annual,60.58,7,1,20,0.027,77.3,1,1.6,0,3,0
CUST-13765,Omni Networks,2026-04-01,Basic,Monthly,48.65,3,2,38,-0.074,43.9,5,2.8,0,5,0
CUST-13766,Vertex Networks,2024-12-01,Pro,Annual,177.31,19,11,141,-0.186,26.7,0,21.7,1,3,0
CUST-13767,Omni Global,2024-12-31,Basic,Monthly,42.55,18,1,26,0.057,58.4,3,23.3,0,8,0
CUST-13768,Flux Solutions,2023-11-02,Basic,Monthly,51.45,32,3,145,-0.04,62.8,3,49.6,2,9,1
CUST-13769,Apex Tech,2023-08-02,Basic,Monthly,39.2,35,3,49,-0.628,51.6,0,9.6,0,9,0
CUST-13770,Vanguard Solutions,2023-10-02,Pro,Monthly,191.62,33,10,163,0.416,50.0,2,28.2,0,8,0
CUST-13771,Aero Flow,2025-05-02,Enterprise,Annual,1048.93,14,37,1307,0.021,64.9,3,28.3,0,4,0
CUST-13772,Zentis Analytics,2024-05-02,Basic,Monthly,58.55,26,2,35,-0.342,82.6,4,46.0,0,6,0
CUST-13773,Apex Dynamics,2024-08-01,Pro,Monthly,218.93,23,16,201,0.108,58.9,2,7.0,0,2,0
CUST-13774,Cloud HQ,2025-04-01,Pro,Monthly,177.69,15,12,325,-0.079,57.5,3,84.5,0,6,0
CUST-13775,Vanguard Dynamics,2024-07-02,Enterprise,Annual,1175.59,24,31,709,-0.284,38.2,3,16.0,0,9,0
CUST-13776,Vanguard Software,2022-07-03,Pro,Annual,190.06,48,12,286,-0.299,81.4,2,32.7,0,5,0
CUST-13777,Aura Software,2025-12-01,Pro,Monthly,162.11,7,16,280,0.162,34.5,0,37.1,1,8,0
CUST-13778,Aura Stack,2022-07-03,Pro,Monthly,193.86,48,14,391,-0.165,17.3,4,3.1,0,9,0
CUST-13779,Nexus Digital,2026-04-01,Enterprise,Annual,1214.51,3,61,1789,0.209,48.7,2,35.7,0,10,0
CUST-13780,Quantum Cloud,2025-08-01,Basic,Monthly,50.21,11,1,20,0.371,81.6,2,33.5,0,9,0
CUST-13781,Quantum Digital,2025-08-31,Basic,Monthly,49.09,10,1,29,-0.085,58.6,3,16.3,0,6,0
CUST-13782,Strata Software,2024-05-02,Basic,Annual,61.03,26,5,111,-0.023,64.8,5,12.7,0,8,1
CUST-13783,Flux Software,2026-01-30,Pro,Annual,156.27,5,15,326,-0.187,54.6,0,4.9,2,8,0
CUST-13784,Vanguard Cloud,2022-07-03,Pro,Monthly,160.62,48,15,174,0.159,89.0,4,5.0,0,9,0
CUST-13785,Cyber Software,2022-10-02,Basic,Monthly,37.12,45,1,32,-0.206,66.3,3,25.7,0,0,0
CUST-13786,Nexus Dynamics,2024-04-02,Pro,Annual,210.12,27,14,263,0.263,49.8,1,41.2,2,10,0
CUST-13787,Nova Networks,2025-01-31,Basic,Monthly,50.22,17,4,128,0.469,81.9,3,17.3,0,3,0
CUST-13788,Zentis Flow,2022-07-03,Basic,Monthly,60.34,48,4,138,-0.132,74.6,3,33.1,0,7,0
CUST-13789,Vanguard Global,2022-10-02,Enterprise,Multi-Year,1035.48,45,2,56,-0.321,62.7,1,8.3,0,5,0
CUST-13790,Flux Labs,2024-12-31,Basic,Annual,46.03,18,2,67,-0.198,51.7,2,2.9,0,10,0
CUST-13791,Data Analytics,2023-12-02,Basic,Monthly,49.01,31,4,136,-0.025,73.9,3,2.1,0,7,0
CUST-13792,Vanguard Stack,2024-09-01,Pro,Monthly,202.51,22,14,243,-0.518,37.6,0,17.0,0,6,1
CUST-13793,Titan Tech,2024-08-01,Pro,Annual,149.1,23,16,298,-0.199,52.0,2,76.5,1,7,1
CUST-13794,Quantum Networks,2025-08-01,Basic,Monthly,68.92,11,1,33,-0.126,50.2,1,2.8,0,8,0
CUST-13795,Apex Solutions,2025-01-31,Pro,Annual,214.52,17,7,219,-0.049,50.1,4,6.6,0,7,0
CUST-13796,Aero Digital,2026-04-01,Pro,Monthly,205.27,3,16,326,-0.9,81.4,3,31.7,0,2,1
CUST-13797,Flux Dynamics,2025-07-02,Basic,Monthly,53.52,12,5,162,0.071,15.9,3,32.5,0,5,1
CUST-13798,Cloud Analytics,2023-12-02,Basic,Monthly,54.21,31,1,34,0.229,65.3,2,55.9,0,9,0
CUST-13799,Orion AI,2022-07-03,Pro,Monthly,194.8,48,6,205,0.207,89.4,3,41.2,1,3,0
CUST-13800,Cloud Analytics,2022-07-03,Basic,Monthly,44.36,48,2,26,0.5,22.7,0,31.3,1,7,1
CUST-13801,Hyper Dynamics,2024-10-01,Enterprise,Annual,1088.83,21,62,1055,-0.268,100.0,6,1.2,0,0,1
CUST-13802,Omni Flow,2024-07-02,Pro,Monthly,210.51,24,5,163,-0.007,54.5,1,2.1,0,9,0
CUST-13803,Vanguard Flow,2025-12-01,Enterprise,Annual,877.64,7,35,684,-0.024,15.9,3,2.4,0,8,0
CUST-13804,Nexus Networks,2023-12-02,Basic,Monthly,59.43,31,3,95,-0.235,78.3,1,22.8,1,3,0
CUST-13805,Cyber Tech,2026-04-01,Enterprise,Annual,1042.96,3,41,602,0.068,40.0,3,7.2,0,7,0
CUST-13806,Aura Software,2025-08-31,Basic,Annual,54.36,10,1,24,0.054,41.4,2,3.1,0,8,0
CUST-13807,Pulse Solutions,2024-02-01,Basic,Monthly,59.23,29,1,26,0.208,61.2,4,67.4,0,7,0
CUST-13808,Strata Dynamics,2025-08-01,Basic,Monthly,49.16,11,3,60,0.142,30.6,3,1.1,0,6,0
CUST-13809,Omni HQ,2026-04-01,Basic,Annual,51.33,3,1,23,-0.004,89.3,5,4.8,0,6,0
CUST-13810,Nova Networks,2022-10-02,Pro,Annual,223.18,45,11,337,0.5,64.1,4,7.6,0,10,0
CUST-13811,Cloud Tech,2025-08-01,Basic,Monthly,43.67,11,3,94,0.207,66.9,4,1.7,1,7,0
CUST-13812,Titan Stack,2026-04-01,Basic,Monthly,49.4,3,3,72,-0.288,58.4,3,15.9,0,5,0
CUST-13813,Nexus Stack,2026-04-01,Pro,Monthly,202.75,3,15,100,-0.354,83.3,4,8.5,0,7,0
CUST-13814,Data Software,2025-10-01,Basic,Monthly,41.97,9,5,103,-0.125,73.8,1,1.0,2,10,0
CUST-13815,Vertex Cloud,2025-12-31,Pro,Monthly,268.18,6,7,188,-0.42,67.3,1,9.4,2,7,0
CUST-13816,Nova Labs,2023-05-03,Basic,Monthly,38.66,38,2,26,-0.385,46.5,2,4.2,0,2,1
CUST-13817,Aura Software,2025-08-01,Pro,Annual,160.25,11,14,428,-0.316,52.1,2,23.1,0,7,0
CUST-13818,Nova Systems,2023-01-02,Pro,Annual,238.23,42,12,143,0.107,60.7,2,10.3,0,4,0
CUST-13819,Data Solutions,2025-12-31,Basic,Annual,54.24,6,1,27,0.261,80.0,4,9.3,0,2,0
CUST-13820,Aura Flow,2024-12-31,Basic,Monthly,41.46,18,1,26,-0.569,40.3,4,22.9,0,5,1
CUST-13821,Nova Networks,2024-01-01,Basic,Monthly,53.46,30,3,59,-0.113,99.7,1,27.0,0,5,0
CUST-13822,Vanguard Systems,2024-04-02,Pro,Annual,242.82,27,15,179,0.023,71.8,6,9.2,0,10,0
CUST-13823,Hyper Dynamics,2024-07-02,Basic,Annual,48.78,24,4,84,-0.459,96.5,2,79.4,0,9,0
CUST-13824,Nova Digital,2022-07-03,Basic,Monthly,68.1,48,2,17,-0.319,70.8,3,18.7,0,1,0
CUST-13825,Quantum HQ,2025-10-31,Basic,Monthly,36.33,8,4,139,-0.47,47.4,4,36.3,1,3,1
CUST-13826,Nexus Cloud,2024-12-31,Basic,Annual,54.1,18,4,183,-0.309,72.2,2,19.6,0,8,0
CUST-13827,Aero Flow,2022-07-03,Basic,Monthly,57.57,48,3,75,-0.275,86.5,8,36.8,0,3,1
CUST-13828,Nova Tech,2026-04-01,Pro,Annual,225.61,3,10,287,0.414,74.5,3,1.0,0,2,0
CUST-13829,Apex Networks,2026-04-01,Basic,Annual,47.5,3,4,114,0.059,87.1,4,10.5,0,3,1
CUST-13830,Nexus Digital,2025-10-31,Basic,Annual,46.87,8,2,43,-0.149,89.2,4,9.1,0,6,0
CUST-13831,Orion Dynamics,2024-05-02,Pro,Monthly,212.26,26,14,500,0.309,75.4,5,9.4,1,7,0
CUST-13832,Vertex Solutions,2025-10-01,Pro,Annual,223.35,9,6,61,-0.044,35.7,4,4.2,0,9,0
CUST-13833,Strata Software,2025-12-01,Basic,Monthly,53.43,7,1,23,0.118,54.7,3,1.1,0,3,0
CUST-13834,Nexus Tech,2025-01-31,Basic,Monthly,56.64,17,2,74,0.377,65.5,4,7.5,0,7,0
CUST-13835,Nova Stack,2024-06-01,Basic,Monthly,41.51,25,2,61,0.017,100.0,1,4.2,0,6,1
CUST-13836,Omni Labs,2025-10-01,Enterprise,Annual,964.87,9,28,114,-0.343,68.3,3,41.5,0,5,0
CUST-13837,Zentis Stack,2025-08-31,Basic,Monthly,42.09,10,1,40,0.419,48.4,3,11.7,0,9,0
CUST-13838,Omni Digital,2024-06-01,Enterprise,Annual,941.14,25,44,1133,-0.274,5.0,5,11.0,2,0,1
CUST-13839,Data Solutions,2022-07-03,Pro,Annual,229.3,48,17,344,-0.423,51.4,1,5.4,0,7,0
CUST-13840,Data HQ,2024-02-01,Pro,Monthly,202.22,29,10,268,-0.304,67.4,4,19.9,1,10,0
CUST-13841,Omni Networks,2023-04-03,Basic,Monthly,68.16,39,2,56,-0.355,66.9,1,2.1,1,5,0
CUST-13842,Flux Solutions,2025-06-01,Basic,Monthly,50.42,13,1,26,0.117,44.5,1,28.1,2,7,0
CUST-13843,Strata Digital,2025-10-01,Basic,Monthly,49.44,9,4,120,-0.117,68.7,7,4.1,1,10,0
CUST-13844,Hyper Networks,2025-03-02,Basic,Monthly,49.78,16,3,58,0.17,59.6,3,41.8,0,7,1
CUST-13845,Quantum Systems,2023-01-02,Pro,Monthly,179.96,42,11,340,-0.111,42.9,5,28.5,0,7,1
CUST-13846,Sync Tech,2025-03-02,Enterprise,Annual,990.33,16,28,299,-0.208,29.5,2,1.3,0,8,0
CUST-13847,Apex Analytics,2022-08-03,Pro,Annual,232.66,47,16,561,0.074,44.6,4,26.5,0,3,0
CUST-13848,Flux Global,2022-07-03,Pro,Monthly,202.4,48,11,277,0.286,20.6,2,28.7,2,10,0
CUST-13849,Hyper HQ,2026-04-01,Basic,Monthly,43.17,3,1,26,0.018,57.9,0,18.0,1,6,0
CUST-13850,Flux Solutions,2026-04-01,Basic,Monthly,42.2,3,3,83,-0.195,57.1,2,2.9,0,6,0
CUST-13851,Flux Solutions,2026-01-30,Basic,Monthly,45.69,5,2,58,-0.106,90.1,0,66.2,0,4,0
CUST-13852,Sync Systems,2025-06-01,Pro,Annual,201.2,13,15,121,-0.358,80.8,4,8.6,0,10,0
CUST-13853,Omni Analytics,2026-01-30,Enterprise,Multi-Year,1177.86,5,53,631,0.311,36.9,2,1.0,0,4,0
CUST-13854,Pulse Systems,2022-07-03,Pro,Monthly,158.99,48,11,359,0.078,64.5,1,17.0,1,8,0
CUST-13855,Vertex Networks,2026-05-02,Basic,Monthly,46.65,2,3,74,-0.051,60.1,3,18.8,1,6,0
CUST-13856,Orion Software,2025-08-01,Basic,Monthly,50.06,11,5,101,0.5,69.7,3,19.3,0,8,0
CUST-13857,Vanguard Global,2025-12-01,Pro,Monthly,144.26,7,12,277,-0.26,48.7,1,5.6,0,9,0
CUST-13858,Strata Labs,2022-07-03,Basic,Monthly,42.87,48,3,97,0.019,84.8,3,4.6,0,10,0
CUST-13859,Quantum Labs,2024-02-01,Pro,Monthly,178.71,29,11,98,-0.262,55.6,3,9.2,1,3,1
CUST-13860,Aura Software,2022-07-03,Pro,Annual,175.24,48,1,38,-0.141,50.4,5,13.7,0,5,0
CUST-13861,Nexus Tech,2022-07-03,Pro,Annual,204.73,48,9,210,-0.277,79.6,3,51.9,1,7,0
CUST-13862,Aero Labs,2024-12-31,Basic,Monthly,47.82,18,4,101,-0.485,94.6,8,8.4,0,8,0
CUST-13863,Vertex AI,2025-10-31,Basic,Monthly,44.92,8,2,47,-0.303,68.6,0,13.4,0,5,0
CUST-13864,Aero Systems,2025-12-01,Basic,Monthly,52.15,7,2,35,-0.174,66.3,1,7.5,1,6,0
CUST-13865,Orion Software,2025-10-31,Basic,Monthly,61.66,8,1,28,-0.321,67.5,6,28.5,0,6,0
CUST-13866,Zentis Digital,2023-11-02,Basic,Monthly,61.05,32,3,83,-0.194,41.2,4,47.4,0,6,0
CUST-13867,Strata Analytics,2026-04-01,Pro,Annual,141.61,3,13,277,-0.214,93.8,3,14.1,2,3,0
CUST-13868,Titan Networks,2026-04-01,Pro,Annual,216.23,3,13,318,-0.389,65.3,3,2.2,0,9,0
CUST-13869,Vanguard Dynamics,2024-07-02,Basic,Monthly,47.69,24,3,111,-0.016,67.9,2,6.4,0,10,0
CUST-13870,Data Flow,2024-04-02,Basic,Monthly,50.14,27,2,33,-0.007,15.1,3,16.8,0,9,0
CUST-13871,Flux Tech,2024-03-02,Basic,Monthly,46.07,28,4,132,-0.32,64.5,4,13.0,2,2,0
CUST-13872,Strata Analytics,2025-06-01,Basic,Monthly,49.86,13,1,17,-0.11,70.0,2,15.6,0,5,0
CUST-13873,Quantum Tech,2023-01-02,Pro,Monthly,203.52,42,12,93,-0.333,43.5,3,13.2,0,4,0
CUST-13874,Strata Tech,2024-10-31,Basic,Annual,44.74,20,3,81,-0.364,56.1,3,7.0,0,2,0
CUST-13875,Strata Networks,2026-03-02,Basic,Annual,42.41,4,2,37,-0.349,43.4,3,6.9,0,8,0
CUST-13876,Strata Cloud,2023-02-01,Basic,Monthly,45.7,41,2,27,-0.039,59.4,1,13.6,1,4,0
CUST-13877,Pulse HQ,2022-07-03,Enterprise,Annual,1034.1,48,50,1376,-0.16,90.2,4,16.3,0,6,0
CUST-13878,Quantum Dynamics,2026-04-01,Pro,Annual,216.88,3,6,193,-0.344,68.3,4,8.7,2,8,0
CUST-13879,Orion Networks,2025-05-02,Basic,Monthly,55.27,14,1,25,-0.055,63.0,1,5.0,0,9,0
CUST-13880,Titan AI,2024-12-31,Pro,Monthly,184.25,18,16,374,0.206,66.0,2,7.6,0,9,0
CUST-13881,Cloud Flow,2026-01-30,Pro,Monthly,207.47,5,13,172,-0.032,70.0,4,35.0,1,3,0
CUST-13882,Vanguard Stack,2022-07-03,Enterprise,Annual,1143.23,48,31,713,-0.506,52.3,4,11.1,0,5,0
CUST-13883,Vanguard Cloud,2025-08-31,Basic,Monthly,57.57,10,2,31,-0.252,82.5,8,1.0,0,4,0
CUST-13884,Aura Labs,2023-04-03,Enterprise,Multi-Year,990.18,39,68,1291,0.025,57.3,1,19.9,0,6,0
CUST-13885,Vertex Cloud,2024-02-01,Enterprise,Multi-Year,965.89,29,37,437,0.066,63.3,3,39.6,0,8,0
CUST-13886,Hyper Solutions,2024-07-02,Enterprise,Annual,1027.64,24,67,1581,0.114,68.3,2,29.2,2,9,0
CUST-13887,Aura Cloud,2025-12-01,Pro,Monthly,164.68,7,6,113,-0.158,70.4,4,10.8,0,7,0
CUST-13888,Cloud Networks,2025-10-31,Pro,Annual,193.22,8,11,265,-0.045,45.3,3,1.0,0,6,0
CUST-13889,Titan Analytics,2026-04-01,Basic,Monthly,54.47,3,4,47,-0.56,33.2,4,23.8,0,10,0
CUST-13890,Zentis Systems,2025-10-31,Pro,Annual,218.16,8,9,213,-0.015,100.0,3,1.0,1,7,0
CUST-13891,Nova Tech,2025-07-02,Pro,Monthly,190.93,12,11,348,0.5,35.6,2,5.8,0,7,0
CUST-13892,Aero Dynamics,2022-10-02,Pro,Annual,205.5,45,2,32,-0.064,61.4,5,25.3,2,4,0
CUST-13893,Hyper Solutions,2025-06-01,Basic,Monthly,42.94,13,3,94,0.141,81.2,4,1.3,1,4,0
CUST-13894,Flux Digital,2023-07-03,Pro,Annual,220.0,36,12,259,0.282,64.9,3,29.5,0,6,0
CUST-13895,Vertex Stack,2025-03-02,Pro,Monthly,196.68,16,8,120,-0.117,78.7,1,1.4,2,4,0
CUST-13896,Omni Global,2023-04-03,Basic,Monthly,46.97,39,1,19,-0.099,36.7,2,14.6,0,7,0
CUST-13897,Strata AI,2022-07-03,Pro,Monthly,188.2,48,19,470,0.043,67.6,3,5.9,0,10,0
CUST-13898,Zentis AI,2025-10-31,Pro,Annual,197.12,8,19,636,0.265,82.8,2,4.6,0,3,0
CUST-13899,Pulse Analytics,2022-07-03,Pro,Annual,185.63,48,15,349,-0.478,92.5,5,1.6,0,10,0
CUST-13900,Pulse Global,2024-06-01,Basic,Annual,53.84,25,3,105,-0.601,77.8,4,22.3,0,3,0
CUST-13901,Cloud Cloud,2022-12-02,Basic,Annual,46.09,43,2,48,0.013,84.5,5,27.3,0,3,0
CUST-13902,Aero Tech,2024-04-02,Enterprise,Annual,1237.71,27,45,1100,-0.299,75.8,1,2.1,2,3,0
CUST-13903,Vanguard HQ,2025-04-01,Basic,Monthly,59.77,15,4,84,-0.093,86.2,3,33.9,0,4,0
CUST-13904,Zentis AI,2025-10-31,Pro,Monthly,172.39,8,5,129,0.369,72.1,2,11.9,0,2,0
CUST-13905,Cyber Analytics,2026-04-01,Basic,Monthly,49.51,3,2,61,-0.515,100.0,4,44.4,1,6,0
CUST-13906,Vanguard Global,2024-10-31,Pro,Annual,179.58,20,14,497,-0.259,41.0,2,53.3,2,6,1
CUST-13907,Pulse Systems,2022-07-03,Basic,Annual,46.6,48,4,122,-0.108,81.0,3,24.0,1,3,0
CUST-13908,Vertex Flow,2023-09-02,Pro,Monthly,258.77,34,18,447,-0.557,10.0,2,16.7,0,6,1
CUST-13909,Zentis Dynamics,2025-08-01,Basic,Monthly,46.74,11,2,59,-0.159,100.0,0,16.1,0,8,0
CUST-13910,Aura Tech,2022-10-02,Basic,Annual,51.65,45,4,80,0.247,42.3,2,2.4,1,7,1
CUST-13911,Zentis Analytics,2023-06-03,Basic,Monthly,52.98,37,6,169,0.039,77.3,5,54.3,0,6,0
CUST-13912,Strata Solutions,2025-08-31,Basic,Monthly,41.65,10,3,68,0.5,59.2,4,19.6,0,10,0
CUST-13913,Flux Tech,2026-05-02,Enterprise,Annual,870.86,2,49,1561,-0.018,58.4,2,16.6,0,2,0
CUST-13914,Strata Systems,2026-01-30,Enterprise,Annual,818.28,5,65,548,0.041,62.4,4,26.5,0,3,0
CUST-13915,Omni AI,2022-07-03,Basic,Monthly,42.49,48,2,43,0.037,74.8,0,2.1,0,0,0
CUST-13916,Vertex Analytics,2022-09-02,Pro,Monthly,113.93,46,7,226,-0.294,62.5,6,3.6,0,6,0
CUST-13917,Hyper Digital,2025-08-31,Basic,Monthly,53.0,10,4,95,0.386,67.5,2,32.6,2,8,0
CUST-13918,Orion Stack,2025-08-31,Pro,Annual,260.32,10,8,227,0.222,69.4,1,103.6,0,4,0
CUST-13919,Aero Solutions,2023-03-03,Pro,Annual,203.41,40,11,217,-0.293,73.9,5,22.7,0,9,0
CUST-13920,Aura Digital,2022-07-03,Enterprise,Annual,786.77,48,64,2001,-0.069,64.9,2,29.2,0,7,0
CUST-13921,Nexus Tech,2023-05-03,Basic,Annual,44.28,38,1,25,-0.518,47.8,2,3.5,0,6,0
CUST-13922,Data Dynamics,2024-07-02,Pro,Monthly,185.3,24,8,391,-0.469,68.7,3,23.0,0,9,0
CUST-13923,Quantum Software,2025-10-31,Basic,Monthly,41.52,8,2,62,-0.37,51.2,3,20.0,0,8,0
CUST-13924,Zentis Software,2024-10-31,Enterprise,Multi-Year,1127.9,20,32,1011,0.087,42.3,3,31.7,0,5,0
CUST-13925,Apex Stack,2025-10-31,Basic,Monthly,54.96,8,3,74,-0.183,19.7,3,24.9,0,8,1
CUST-13926,Quantum Digital,2023-01-02,Pro,Annual,164.51,42,15,413,0.109,62.6,3,37.7,0,2,1
CUST-13927,Quantum Cloud,2025-06-01,Pro,Monthly,220.64,13,14,110,0.035,85.7,3,41.7,0,9,0
CUST-13928,Flux Networks,2022-10-02,Pro,Monthly,244.58,45,10,171,0.162,79.3,2,8.9,0,7,1
CUST-13929,Aero Analytics,2025-06-01,Basic,Monthly,62.98,13,4,98,0.5,52.3,2,7.9,0,8,0
CUST-13930,Zentis Cloud,2022-11-02,Enterprise,Annual,1428.35,44,46,867,0.01,100.0,1,2.6,0,6,0
CUST-13931,Data HQ,2025-08-01,Basic,Monthly,42.37,11,1,15,-0.326,45.5,4,2.6,0,4,0
CUST-13932,Vanguard Networks,2025-03-02,Pro,Annual,283.3,16,15,397,-0.226,51.5,4,26.5,0,8,0
CUST-13933,Zentis Stack,2024-06-01,Basic,Annual,46.4,25,2,43,-0.115,19.9,3,1.0,0,6,0
CUST-13934,Omni Software,2026-04-01,Basic,Monthly,44.65,3,3,75,0.271,18.5,3,2.5,0,3,0
CUST-13935,Cyber Flow,2022-07-03,Pro,Monthly,208.76,48,15,454,0.424,100.0,3,1.9,2,2,1
CUST-13936,Titan Tech,2024-09-01,Basic,Annual,44.72,22,4,141,-0.368,48.1,3,13.0,0,6,0
CUST-13937,Zentis Labs,2024-12-01,Basic,Monthly,51.93,19,3,107,0.045,19.5,3,11.2,0,3,0
CUST-13938,Orion Global,2022-09-02,Basic,Monthly,39.3,46,1,26,0.49,65.8,4,121.5,0,6,1
CUST-13939,Aero Dynamics,2022-07-03,Basic,Annual,47.25,48,2,55,0.1,37.0,3,5.4,2,8,0
CUST-13940,Quantum Dynamics,2024-10-31,Pro,Annual,237.37,20,1,31,0.209,49.8,2,16.2,2,10,0
CUST-13941,Omni Labs,2022-07-03,Enterprise,Annual,990.45,48,42,1640,0.498,70.1,0,62.9,1,7,0
CUST-13942,Titan Software,2026-04-01,Basic,Monthly,50.04,3,4,110,0.348,64.6,3,47.4,3,5,1
CUST-13943,Flux Labs,2026-03-02,Basic,Monthly,52.49,4,2,61,0.042,53.7,1,23.9,0,10,0
CUST-13944,Apex Flow,2024-07-02,Basic,Monthly,57.6,24,1,23,-0.284,59.3,1,5.4,0,4,0
CUST-13945,Flux Dynamics,2025-07-02,Basic,Monthly,36.83,12,2,8,0.125,67.5,3,25.6,0,7,0
CUST-13946,Titan Tech,2025-01-31,Pro,Monthly,216.45,17,17,537,0.5,51.7,1,16.7,0,6,0
CUST-13947,Omni Dynamics,2025-08-01,Pro,Monthly,191.0,11,9,203,-0.341,61.4,1,4.5,3,5,0
CUST-13948,Apex HQ,2025-05-02,Basic,Monthly,50.22,14,3,59,0.301,71.9,5,14.3,0,2,0
CUST-13949,Cyber Flow,2022-11-02,Basic,Monthly,56.79,44,3,70,-0.355,64.1,3,97.1,0,10,0
CUST-13950,Zentis AI,2024-07-02,Basic,Monthly,40.22,24,2,52,-0.274,100.0,0,41.7,0,1,0
CUST-13951,Vanguard Flow,2022-07-03,Pro,Annual,168.77,48,10,373,-0.219,80.4,4,31.2,0,8,0
CUST-13952,Aero AI,2023-04-03,Enterprise,Annual,708.98,39,51,1086,-0.187,62.1,4,5.1,0,7,0
CUST-13953,Aero AI,2025-10-01,Basic,Monthly,44.96,9,3,65,-0.048,100.0,3,6.2,0,2,0
CUST-13954,Flux HQ,2025-10-01,Basic,Monthly,58.78,9,2,76,-0.525,50.3,1,15.8,0,5,0
CUST-13955,Cloud Cloud,2025-07-02,Enterprise,Annual,980.93,12,46,1090,0.119,78.6,3,11.0,0,7,0
CUST-13956,Quantum HQ,2022-08-03,Enterprise,Annual,798.18,47,67,805,-0.109,47.9,6,6.0,1,8,0
CUST-13957,Flux AI,2026-05-02,Basic,Annual,45.43,2,3,64,0.367,56.2,1,44.2,0,10,0
CUST-13958,Titan Dynamics,2025-10-31,Basic,Annual,38.06,8,1,27,0.031,68.8,6,8.9,0,8,0
CUST-13959,Cyber Systems,2022-07-03,Basic,Annual,40.73,48,4,53,0.161,56.1,4,20.7,2,4,0
CUST-13960,Omni Dynamics,2024-04-02,Pro,Annual,210.61,27,7,134,-0.113,87.3,3,9.5,0,9,0
CUST-13961,Quantum Systems,2025-10-31,Basic,Monthly,40.37,8,2,44,-0.01,42.2,4,41.1,0,10,0
CUST-13962,Apex Tech,2025-10-31,Basic,Monthly,57.18,8,1,33,-0.171,77.3,1,6.0,0,8,0
CUST-13963,Apex Systems,2022-07-03,Pro,Annual,196.88,48,8,229,0.179,59.0,3,16.7,0,7,0
CUST-13964,Aura Digital,2022-07-03,Basic,Monthly,49.63,48,3,90,0.182,56.9,1,45.1,0,5,0
CUST-13965,Cyber Systems,2025-10-01,Pro,Annual,190.69,9,13,360,-0.286,69.8,5,42.5,1,2,0
CUST-13966,Vertex Systems,2025-04-01,Basic,Monthly,54.68,15,2,33,0.404,41.7,4,55.4,0,7,0
CUST-13967,Cyber Dynamics,2022-09-02,Basic,Annual,54.76,46,3,58,0.487,100.0,4,9.9,0,7,0
CUST-13968,Strata Software,2023-05-03,Pro,Monthly,209.0,38,14,392,0.167,49.9,5,2.4,0,6,0
CUST-13969,Orion Software,2022-12-02,Basic,Annual,53.15,43,3,82,-0.034,56.2,5,44.7,0,7,0
CUST-13970,Cyber Analytics,2024-12-01,Enterprise,Annual,967.22,19,21,531,-0.3,72.1,1,36.8,0,9,0
CUST-13971,Cloud Cloud,2022-07-03,Pro,Annual,215.18,48,16,410,-0.391,100.0,3,3.0,0,6,0
CUST-13972,Nova AI,2025-08-01,Basic,Monthly,46.52,11,3,115,-0.643,60.7,4,16.5,0,10,0
CUST-13973,Flux Dynamics,2025-12-31,Pro,Annual,199.07,6,5,119,-0.18,100.0,1,22.9,0,0,0
CUST-13974,Strata AI,2023-11-02,Basic,Annual,46.98,32,4,79,-0.102,39.0,2,18.0,0,6,0
CUST-13975,Titan HQ,2024-10-31,Enterprise,Annual,930.49,20,39,992,-0.522,99.0,4,91.4,1,2,1
CUST-13976,Cloud AI,2022-07-03,Basic,Monthly,43.94,48,4,87,-0.274,100.0,5,29.2,0,10,0
CUST-13977,Orion Labs,2026-03-02,Pro,Monthly,212.96,4,10,422,-0.039,97.9,8,27.8,0,4,0
CUST-13978,Zentis Cloud,2022-08-03,Basic,Annual,58.63,47,3,81,0.254,46.3,2,1.7,0,8,0
CUST-13979,Pulse Flow,2025-08-31,Basic,Monthly,57.61,10,3,66,0.197,15.2,1,3.2,0,6,0
CUST-13980,Nova Networks,2024-03-02,Pro,Monthly,161.49,28,10,145,0.036,80.7,2,34.8,0,3,0
CUST-13981,Cyber Software,2026-04-01,Pro,Monthly,237.48,3,7,174,0.062,95.5,4,21.0,1,6,0
CUST-13982,Flux Analytics,2024-06-01,Basic,Monthly,46.66,25,4,80,-0.52,88.9,2,57.1,0,7,1
CUST-13983,Titan Labs,2023-11-02,Basic,Monthly,53.42,32,3,75,-0.222,67.4,1,38.9,0,5,0
CUST-13984,Nexus Analytics,2025-06-01,Pro,Annual,171.95,13,14,460,0.416,47.1,0,9.1,1,7,0
CUST-13985,Aura Flow,2025-12-01,Enterprise,Multi-Year,1020.28,7,49,1406,-0.039,60.5,3,2.0,0,10,0
CUST-13986,Titan Tech,2024-10-31,Basic,Annual,51.31,20,2,34,-0.046,57.5,6,14.0,0,3,1
CUST-13987,Zentis Cloud,2022-10-02,Basic,Monthly,38.09,45,3,88,0.162,66.3,1,7.1,0,3,0
CUST-13988,Vertex Systems,2025-08-01,Basic,Annual,53.47,11,3,82,-0.115,34.0,3,3.4,0,6,0
CUST-13989,Nova Dynamics,2025-10-01,Enterprise,Annual,1200.69,9,38,977,-0.402,35.5,7,19.3,0,5,1
CUST-13990,Sync Cloud,2025-08-31,Basic,Monthly,47.72,10,1,8,-0.568,79.1,3,5.4,1,8,1
CUST-13991,Nova Tech,2022-07-03,Basic,Monthly,59.0,48,2,36,0.15,73.9,2,5.3,3,7,0
CUST-13992,Nova Software,2025-07-02,Pro,Monthly,193.34,12,14,480,-0.751,95.2,3,40.5,0,10,0
CUST-13993,Orion Tech,2026-05-02,Basic,Annual,55.24,2,3,103,0.347,78.1,5,12.2,1,7,0
CUST-13994,Pulse Cloud,2023-04-03,Basic,Monthly,32.69,39,7,107,-0.572,78.0,3,9.6,0,9,0
CUST-13995,Vertex Digital,2023-12-02,Basic,Monthly,66.78,31,2,47,-0.22,72.1,3,8.7,0,5,0
CUST-13996,Flux Stack,2026-01-30,Basic,Monthly,59.99,5,1,30,0.436,100.0,3,39.0,0,4,0
CUST-13997,Zentis Networks,2022-07-03,Basic,Monthly,46.91,48,2,53,0.269,39.8,7,73.0,1,9,1
CUST-13998,Orion Labs,2024-07-02,Pro,Annual,140.13,24,7,198,-0.075,69.4,2,17.0,1,5,1
CUST-13999,Vanguard Global,2024-12-01,Basic,Monthly,51.12,19,3,64,-0.104,41.4,1,54.8,0,9,0
CUST-14000,Apex Cloud,2025-06-01,Pro,Monthly,155.9,13,13,218,0.29,55.0,3,19.6,0,8,0
CUST-14001,Strata Global,2022-07-03,Pro,Annual,212.28,48,10,391,-0.536,49.4,8,20.6,1,5,1
CUST-14002,Aura Analytics,2025-10-31,Pro,Monthly,211.29,8,12,371,0.368,47.4,4,18.6,0,5,0
CUST-14003,Vanguard AI,2025-08-31,Basic,Monthly,42.08,10,3,65,0.2,70.0,2,9.8,0,5,0
CUST-14004,Titan Stack,2026-01-30,Basic,Monthly,57.24,5,1,21,-0.306,71.9,3,58.6,0,10,0
CUST-14005,Omni Networks,2023-07-03,Basic,Monthly,54.92,36,7,133,0.5,41.7,1,8.6,0,10,0
CUST-14006,Cloud Labs,2024-07-02,Basic,Annual,56.17,24,4,113,-0.092,24.4,4,7.3,0,8,0
CUST-14007,Orion Flow,2024-06-01,Basic,Monthly,49.07,25,3,80,-0.473,100.0,3,23.3,0,7,0
CUST-14008,Omni Flow,2025-10-31,Pro,Monthly,156.75,8,7,113,-0.041,46.5,3,6.6,0,5,0
CUST-14009,Zentis Networks,2024-04-02,Basic,Annual,56.19,27,4,156,0.152,75.1,0,14.4,0,2,0
CUST-14010,Nexus Digital,2023-06-03,Basic,Monthly,47.01,37,1,18,-0.046,62.3,3,24.6,0,4,0
CUST-14011,Aura Analytics,2025-07-02,Basic,Monthly,38.79,12,1,14,-0.025,57.9,0,5.7,0,6,0
CUST-14012,Cloud Analytics,2023-02-01,Pro,Annual,239.36,41,15,477,-0.051,48.0,5,56.7,0,6,0
CUST-14013,Nexus Digital,2025-07-02,Basic,Annual,64.43,12,3,65,-0.134,63.8,4,17.5,0,10,0
CUST-14014,Omni Stack,2023-07-03,Pro,Monthly,197.77,36,13,243,0.128,70.7,3,44.9,0,5,0
CUST-14015,Orion Labs,2026-05-02,Basic,Monthly,64.87,2,5,96,-0.124,41.0,2,5.8,0,8,0
CUST-14016,Omni Cloud,2024-10-01,Enterprise,Annual,1012.68,21,32,518,0.081,49.8,6,1.4,0,6,0
CUST-14017,Vertex Systems,2022-07-03,Enterprise,Annual,941.99,48,13,352,0.316,52.4,2,1.0,0,10,0
CUST-14018,Nova Tech,2022-07-03,Basic,Monthly,44.37,48,1,16,0.297,21.8,3,98.6,0,5,1
CUST-14019,Sync Networks,2025-08-31,Basic,Monthly,61.03,10,3,47,-0.6,51.2,2,10.2,0,2,0
CUST-14020,Quantum Analytics,2025-03-02,Basic,Monthly,43.27,16,2,48,0.022,13.9,5,7.5,0,7,1
CUST-14021,Sync Networks,2026-04-01,Basic,Monthly,54.4,3,3,59,-0.76,85.8,2,14.7,0,10,0
CUST-14022,Sync Labs,2022-07-03,Pro,Annual,182.31,48,7,222,-0.435,70.9,2,15.5,3,5,0
CUST-14023,Hyper Analytics,2024-09-01,Pro,Annual,185.26,22,10,326,-0.104,68.7,2,6.4,0,10,0
CUST-14024,Cloud Software,2025-06-01,Pro,Monthly,229.75,13,7,38,0.137,68.7,0,14.8,0,5,0
CUST-14025,Zentis Flow,2026-03-02,Pro,Annual,187.66,4,7,143,-0.036,51.0,1,10.0,0,8,0
CUST-14026,Quantum Digital,2022-07-03,Basic,Monthly,46.02,48,2,28,-0.414,62.7,2,8.9,0,6,0
CUST-14027,Strata Solutions,2024-10-31,Basic,Monthly,57.33,20,3,56,-0.111,45.4,6,33.2,0,8,0
CUST-14028,Cloud Networks,2025-08-31,Pro,Monthly,246.68,10,6,212,0.078,47.9,4,42.5,0,5,0
CUST-14029,Pulse Cloud,2025-07-02,Basic,Monthly,53.74,12,2,36,-0.198,71.6,1,14.6,0,8,0
CUST-14030,Cloud Stack,2025-10-01,Pro,Annual,179.46,9,10,271,-0.211,45.9,3,46.1,0,7,0
CUST-14031,Nova Dynamics,2024-07-02,Basic,Annual,45.25,24,6,188,-0.295,51.2,4,12.8,0,3,0
CUST-14032,Nexus Solutions,2022-07-03,Basic,Monthly,49.59,48,3,9,0.224,89.4,6,1.1,0,3,0
CUST-14033,Vertex Systems,2022-07-03,Enterprise,Multi-Year,1047.09,48,26,422,0.249,54.8,2,3.1,0,4,0
CUST-14034,Orion Software,2025-01-31,Basic,Monthly,41.74,17,5,73,-0.195,22.5,3,11.8,0,9,1
CUST-14035,Quantum Dynamics,2022-11-02,Enterprise,Multi-Year,1107.35,44,50,882,-0.265,72.1,2,17.9,0,6,0
CUST-14036,Aura Stack,2025-04-01,Enterprise,Annual,1011.81,15,45,589,-0.163,57.7,4,7.4,0,1,0
CUST-14037,Cyber Stack,2025-10-01,Pro,Monthly,147.79,9,11,85,-0.151,50.6,4,36.7,0,2,0
CUST-14038,Aero HQ,2022-07-03,Pro,Annual,171.27,48,14,171,0.258,83.3,1,20.5,0,7,0
CUST-14039,Strata Flow,2025-08-31,Pro,Monthly,183.95,10,10,291,0.013,100.0,3,35.4,0,4,0
CUST-14040,Cloud HQ,2025-08-01,Enterprise,Annual,988.08,11,48,382,-0.195,92.5,2,28.2,0,7,0
CUST-14041,Zentis Flow,2022-07-03,Basic,Monthly,62.89,48,3,39,0.05,60.9,0,18.7,0,8,0
CUST-14042,Titan Labs,2026-01-30,Basic,Annual,50.75,5,4,99,-0.697,74.9,5,7.8,0,6,1
CUST-14043,Sync Stack,2023-06-03,Pro,Monthly,173.9,37,9,106,-0.01,36.2,2,38.3,0,10,0
CUST-14044,Hyper Labs,2022-07-03,Basic,Annual,50.62,48,2,69,-0.1,27.3,1,3.0,0,3,0
CUST-14045,Cloud Cloud,2024-12-01,Basic,Monthly,46.41,19,4,22,0.061,35.8,4,13.5,1,10,0
CUST-14046,Aero Cloud,2026-05-02,Basic,Monthly,51.39,2,4,29,-0.33,65.5,2,6.3,0,7,0
CUST-14047,Omni Cloud,2025-06-01,Pro,Monthly,216.33,13,9,227,0.026,35.9,3,15.2,2,3,0
CUST-14048,Flux HQ,2026-03-02,Enterprise,Annual,1180.2,4,67,1711,-0.153,46.4,5,27.3,1,4,0
CUST-14049,Aero Digital,2025-04-01,Basic,Monthly,48.82,15,3,51,-0.199,63.3,0,36.9,0,7,0
CUST-14050,Aero Cloud,2023-03-03,Enterprise,Annual,1244.6,40,70,1630,-0.521,60.9,8,49.9,1,6,1
CUST-14051,Sync Systems,2025-03-02,Pro,Monthly,226.1,16,11,334,-0.222,100.0,2,8.6,2,5,0
CUST-14052,Nova Dynamics,2025-04-01,Pro,Monthly,177.88,15,22,407,-0.205,66.7,3,3.7,0,9,0
CUST-14053,Cyber Labs,2024-10-01,Pro,Annual,264.96,21,6,97,-0.27,78.5,2,4.3,0,10,0
CUST-14054,Omni Software,2024-08-01,Pro,Annual,208.76,23,6,124,-0.9,72.0,1,37.6,0,10,0
CUST-14055,Strata AI,2022-07-03,Basic,Monthly,42.86,48,2,58,-0.152,50.3,1,35.6,0,10,0
CUST-14056,Vanguard Global,2025-08-01,Pro,Annual,248.34,11,13,355,0.095,71.4,2,3.6,0,4,0
CUST-14057,Nexus Tech,2022-11-02,Basic,Monthly,64.27,44,3,54,0.306,95.8,6,3.5,0,7,0
CUST-14058,Flux Digital,2024-09-01,Enterprise,Multi-Year,994.05,22,21,794,-0.348,53.6,3,11.9,0,5,0
CUST-14059,Titan Dynamics,2025-08-31,Enterprise,Annual,923.53,10,33,562,-0.2,32.8,4,6.7,0,9,0
CUST-14060,Cyber Analytics,2025-08-31,Basic,Monthly,47.73,10,4,147,0.218,58.5,6,2.8,0,4,0
CUST-14061,Sync Solutions,2025-07-02,Basic,Annual,54.25,12,5,51,-0.125,75.3,1,9.1,0,7,0
CUST-14062,Sync Networks,2024-06-01,Pro,Annual,237.14,25,18,461,-0.252,73.6,2,2.1,0,10,0
CUST-14063,Hyper Networks,2025-10-31,Basic,Monthly,53.19,8,1,16,0.125,100.0,3,15.8,0,4,0
CUST-14064,Zentis AI,2022-07-03,Enterprise,Annual,1014.24,48,34,701,-0.462,74.8,1,6.1,0,7,0
CUST-14065,Strata Stack,2024-09-01,Basic,Monthly,60.01,22,3,132,-0.149,57.8,3,26.7,0,10,0
CUST-14066,Pulse Flow,2022-07-03,Basic,Monthly,46.7,48,4,110,-0.021,100.0,6,14.6,0,9,0
CUST-14067,Zentis Stack,2026-04-01,Enterprise,Multi-Year,1153.48,3,59,1365,-0.588,51.2,6,1.4,0,6,0
CUST-14068,Data Global,2025-07-02,Pro,Monthly,190.4,12,13,129,0.295,62.2,7,20.6,2,7,0
CUST-14069,Vanguard Digital,2026-05-02,Pro,Annual,211.87,2,10,194,0.137,91.9,2,18.3,0,5,0
CUST-14070,Cloud Solutions,2025-10-01,Basic,Monthly,48.17,9,3,41,-0.463,77.6,2,4.9,0,8,0
CUST-14071,Flux Labs,2022-07-03,Pro,Annual,197.33,48,11,290,-0.191,55.4,3,23.2,0,7,0
CUST-14072,Apex Dynamics,2026-05-02,Pro,Annual,187.74,2,13,391,-0.78,22.9,2,4.5,0,10,0
CUST-14073,Vertex Labs,2025-03-02,Pro,Monthly,239.14,16,12,389,-0.013,67.1,0,7.6,0,8,0
CUST-14074,Cyber Tech,2026-01-30,Pro,Monthly,177.12,5,11,273,0.113,72.7,1,1.0,1,7,0
CUST-14075,Nova Tech,2025-04-01,Pro,Annual,176.9,15,18,387,-0.133,66.2,8,6.7,2,3,0
CUST-14076,Strata Solutions,2022-09-02,Basic,Monthly,64.59,46,2,54,0.061,26.3,3,9.3,2,5,0
CUST-14077,Pulse Flow,2024-06-01,Basic,Monthly,56.19,25,5,146,-0.129,99.7,3,11.0,2,7,0
CUST-14078,Omni Networks,2023-09-02,Pro,Annual,127.8,34,11,284,-0.037,87.0,2,29.1,0,5,0
CUST-14079,Data Labs,2025-07-02,Basic,Monthly,44.85,12,4,121,0.107,56.3,3,2.2,0,5,1
CUST-14080,Apex Analytics,2022-07-03,Pro,Annual,144.91,48,9,120,-0.165,53.9,3,14.9,0,1,0
CUST-14081,Vertex Labs,2023-11-02,Basic,Monthly,42.01,32,1,23,-0.479,28.8,2,34.0,0,9,0
CUST-14082,Orion Digital,2025-04-01,Pro,Annual,105.32,15,2,55,0.042,24.5,2,25.7,1,7,0
CUST-14083,Data Analytics,2025-04-01,Pro,Monthly,194.91,15,20,495,0.348,60.6,3,3.8,0,7,0
CUST-14084,Hyper Flow,2022-07-03,Basic,Monthly,40.61,48,2,55,0.281,44.8,2,17.6,0,6,0
CUST-14085,Hyper Tech,2024-08-01,Basic,Monthly,49.44,23,2,51,0.397,53.4,2,10.9,2,7,0
CUST-14086,Orion Systems,2023-11-02,Basic,Monthly,37.06,32,4,130,-0.598,41.6,1,5.1,0,5,0
CUST-14087,Aero Digital,2025-04-01,Pro,Monthly,201.47,15,8,214,0.173,69.0,6,10.3,0,10,0
CUST-14088,Zentis Stack,2025-10-31,Pro,Annual,186.61,8,15,386,-0.31,95.3,5,3.8,1,3,0
CUST-14089,Cloud Software,2023-10-02,Basic,Monthly,60.04,33,3,53,-0.523,20.1,2,44.4,0,7,0
CUST-14090,Hyper Flow,2024-07-02,Pro,Annual,241.13,24,16,634,-0.082,85.5,2,31.9,0,10,0
CUST-14091,Cloud Networks,2024-12-01,Basic,Monthly,54.77,19,3,55,-0.059,79.2,2,22.7,1,8,0
CUST-14092,Omni Cloud,2024-06-01,Basic,Monthly,46.6,25,4,117,-0.212,72.8,3,19.5,0,6,1
CUST-14093,Vertex Digital,2025-12-01,Enterprise,Multi-Year,1296.51,7,17,334,0.183,70.7,6,39.7,0,5,0
CUST-14094,Strata Software,2023-03-03,Basic,Monthly,37.59,40,1,10,-0.14,64.9,6,14.7,0,5,0
CUST-14095,Sync Stack,2022-07-03,Basic,Monthly,38.68,48,4,107,0.069,12.4,3,5.0,0,6,0
CUST-14096,Cyber Flow,2022-07-03,Basic,Monthly,48.38,48,1,24,-0.427,69.9,3,33.5,1,8,0
CUST-14097,Vanguard Networks,2025-08-01,Basic,Monthly,65.57,11,2,43,-0.767,73.5,1,100.7,1,3,1
CUST-14098,Cloud Stack,2025-05-02,Basic,Monthly,47.51,14,2,63,-0.202,43.7,0,15.3,0,10,0
CUST-14099,Vertex Networks,2023-01-02,Basic,Monthly,47.65,42,1,19,-0.151,93.9,5,9.1,2,1,0
CUST-14100,Nexus AI,2024-07-02,Pro,Monthly,155.96,24,9,280,-0.058,42.7,1,2.6,0,7,0
CUST-14101,Aero Solutions,2024-10-01,Basic,Monthly,55.95,21,2,40,-0.555,48.5,2,17.1,0,5,1
CUST-14102,Nexus Networks,2022-07-03,Pro,Annual,227.45,48,11,258,-0.194,71.0,4,16.3,1,7,0
CUST-14103,Sync Systems,2024-10-31,Basic,Monthly,54.8,20,2,76,0.143,85.0,5,1.0,0,6,0
CUST-14104,Strata Tech,2024-12-01,Basic,Monthly,44.38,19,2,62,-0.168,32.8,1,22.1,0,7,0
CUST-14105,Aura Software,2026-04-01,Pro,Monthly,177.9,3,11,335,-0.182,27.3,1,25.0,0,5,0
CUST-14106,Data Analytics,2026-04-01,Enterprise,Multi-Year,805.23,3,21,653,-0.361,70.1,1,11.2,0,7,0
CUST-14107,Aero Systems,2026-05-02,Basic,Monthly,49.62,2,3,96,-0.06,100.0,6,16.4,1,9,0
CUST-14108,Aura Tech,2022-07-03,Enterprise,Annual,837.1,48,35,1082,0.08,78.9,2,76.7,0,9,0
CUST-14109,Quantum Global,2025-05-02,Pro,Annual,163.85,14,17,274,-0.19,81.0,1,3.4,0,8,0
CUST-14110,Cyber HQ,2025-01-31,Pro,Annual,186.35,17,15,590,0.5,20.0,3,10.9,0,8,0
CUST-14111,Orion Digital,2022-08-03,Pro,Annual,184.4,47,10,181,-0.559,45.4,3,56.2,0,8,0
CUST-14112,Hyper Software,2024-06-01,Basic,Monthly,45.05,25,2,22,-0.649,49.1,4,47.8,1,3,1
CUST-14113,Strata Flow,2024-06-01,Basic,Monthly,52.43,25,3,30,-0.256,59.9,2,27.4,0,7,0
CUST-14114,Sync Tech,2025-08-31,Pro,Annual,201.36,10,6,97,-0.121,75.9,3,32.4,0,9,0
CUST-14115,Nexus Tech,2022-10-02,Basic,Monthly,46.88,45,3,49,-0.733,40.5,4,5.0,0,10,0
CUST-14116,Vertex Analytics,2025-12-31,Enterprise,Multi-Year,1026.42,6,38,284,-0.002,75.3,3,20.7,2,10,0
CUST-14117,Sync Stack,2026-04-01,Basic,Monthly,41.71,3,1,22,0.077,77.4,6,12.8,0,8,0
CUST-14118,Strata Labs,2025-12-01,Basic,Annual,49.77,7,1,37,-0.099,30.4,2,26.9,0,8,0
CUST-14119,Aura Systems,2025-10-01,Pro,Monthly,203.5,9,10,236,0.446,87.7,2,1.0,2,6,0
CUST-14120,Apex Software,2025-08-31,Basic,Monthly,37.95,10,1,25,-0.029,85.0,3,10.9,1,8,0
CUST-14121,Nexus Digital,2024-02-01,Pro,Annual,228.72,29,8,177,-0.534,58.0,3,7.1,1,4,0
CUST-14122,Aero Networks,2025-10-31,Pro,Monthly,172.69,8,11,396,0.349,31.2,4,11.9,0,7,0
CUST-14123,Quantum Flow,2024-02-01,Enterprise,Annual,1012.53,29,59,1685,-0.2,49.0,2,29.1,1,10,0
CUST-14124,Vanguard Software,2026-03-02,Pro,Monthly,233.76,4,12,197,-0.216,30.2,2,8.0,0,2,1
CUST-14125,Aero Analytics,2026-01-30,Pro,Monthly,226.63,5,11,167,0.5,51.2,2,100.0,0,6,0
CUST-14126,Apex Global,2024-12-01,Pro,Monthly,200.02,19,13,267,-0.027,81.6,1,63.9,0,3,1
CUST-14127,Aura Cloud,2022-07-03,Enterprise,Annual,944.68,48,63,2111,-0.314,71.5,3,4.2,1,2,0
CUST-14128,Cyber AI,2022-07-03,Basic,Monthly,55.96,48,3,130,-0.196,25.5,1,9.8,0,9,0
CUST-14129,Vertex Global,2022-07-03,Basic,Monthly,53.96,48,5,104,-0.183,33.0,4,4.2,0,7,0
CUST-14130,Pulse Labs,2024-04-02,Basic,Annual,44.46,27,5,166,-0.192,53.1,2,1.9,1,3,0
CUST-14131,Aero Flow,2024-02-01,Basic,Monthly,43.16,29,4,150,-0.338,95.4,3,29.0,1,6,0
CUST-14132,Aura Tech,2024-05-02,Pro,Monthly,137.14,26,9,261,0.172,46.7,2,6.4,0,10,0
CUST-14133,Zentis Global,2024-06-01,Pro,Monthly,203.6,25,13,295,0.152,73.9,3,28.0,0,7,0
CUST-14134,Titan Solutions,2026-01-30,Pro,Annual,196.53,5,13,329,0.077,69.1,6,17.5,0,4,0
CUST-14135,Omni AI,2024-10-01,Basic,Monthly,57.35,21,2,56,0.008,48.2,4,6.1,2,5,0
CUST-14136,Nexus Digital,2025-06-01,Pro,Annual,209.72,13,10,260,0.084,31.9,2,4.5,0,6,0
CUST-14137,Vertex Solutions,2025-03-02,Basic,Monthly,58.81,16,4,97,0.129,81.6,4,19.2,3,6,1
CUST-14138,Flux Dynamics,2024-10-31,Pro,Monthly,178.18,20,16,383,0.436,36.7,2,32.5,0,10,0
CUST-14139,Vanguard Tech,2026-01-30,Pro,Annual,232.97,5,9,336,-0.244,74.9,4,5.2,0,6,0
CUST-14140,Strata Stack,2025-07-02,Basic,Monthly,45.11,12,1,24,-0.29,84.9,1,23.6,1,8,0
CUST-14141,Omni Digital,2026-04-01,Basic,Monthly,54.72,3,1,42,-0.159,77.5,2,18.4,0,8,0
CUST-14142,Data Systems,2022-07-03,Basic,Annual,38.28,48,5,119,-0.025,60.0,3,5.4,0,4,0
CUST-14143,Flux Labs,2026-01-30,Pro,Annual,206.02,5,13,470,-0.25,56.0,2,1.0,0,8,0
CUST-14144,Aero Digital,2025-10-01,Enterprise,Multi-Year,701.59,9,79,1420,-0.188,38.9,6,2.7,0,10,0
CUST-14145,Data Networks,2022-07-03,Pro,Annual,191.03,48,14,363,0.421,91.0,1,45.6,2,7,0
CUST-14146,Aero Software,2024-12-31,Basic,Monthly,52.24,18,3,71,-0.213,55.7,3,1.0,0,5,0
CUST-14147,Hyper Digital,2026-01-30,Basic,Annual,45.17,5,3,85,-0.09,35.6,3,13.5,1,6,0
CUST-14148,Titan Cloud,2025-06-01,Pro,Monthly,167.64,13,11,424,-0.331,89.0,2,46.2,0,5,1
CUST-14149,Vertex Software,2026-01-30,Pro,Annual,224.26,5,11,337,-0.082,39.8,1,52.5,0,5,0
CUST-14150,Strata Flow,2025-12-01,Basic,Monthly,48.24,7,2,8,0.14,74.2,3,13.0,1,8,0
CUST-14151,Data Systems,2026-04-01,Basic,Monthly,45.4,3,1,29,-0.338,69.3,3,3.5,1,7,1
CUST-14152,Nexus HQ,2025-03-02,Pro,Annual,200.25,16,18,157,0.46,100.0,4,14.0,0,8,0
CUST-14153,Apex Flow,2023-01-02,Basic,Monthly,68.38,42,2,19,-0.257,57.9,5,23.9,0,9,0
CUST-14154,Zentis HQ,2024-08-01,Basic,Monthly,57.48,23,2,0,0.292,5.0,4,3.5,0,3,0
CUST-14155,Aura AI,2024-07-02,Basic,Monthly,57.54,24,3,123,-0.245,58.4,4,34.1,0,7,0
CUST-14156,Vertex Stack,2025-12-01,Pro,Annual,212.0,7,10,210,0.018,88.0,4,7.6,0,4,0
CUST-14157,Flux Digital,2025-07-02,Enterprise,Annual,1023.95,12,31,513,-0.481,29.0,3,52.5,0,7,0
CUST-14158,Omni Cloud,2022-08-03,Enterprise,Annual,639.95,47,29,942,-0.334,5.0,2,19.5,0,9,1
CUST-14159,Flux Dynamics,2026-03-02,Pro,Monthly,178.73,4,8,283,-0.173,60.1,1,4.1,2,3,0
CUST-14160,Strata Labs,2022-07-03,Pro,Annual,184.65,48,17,754,-0.08,70.5,1,27.1,0,7,0
CUST-14161,Nexus Solutions,2024-12-31,Basic,Monthly,35.22,18,3,89,-0.182,100.0,5,2.7,0,5,0
CUST-14162,Nexus Solutions,2022-09-02,Pro,Annual,164.45,46,6,147,0.415,76.1,4,6.9,0,3,0
CUST-14163,Nexus AI,2025-08-01,Basic,Annual,34.44,11,2,30,-0.349,61.0,4,42.7,0,9,0
CUST-14164,Hyper HQ,2025-07-02,Pro,Annual,197.86,12,8,152,-0.336,68.6,2,7.3,0,6,0
CUST-14165,Nova Cloud,2023-07-03,Basic,Monthly,55.02,36,2,64,0.351,80.0,2,16.5,0,5,0
CUST-14166,Flux Systems,2023-04-03,Basic,Monthly,57.13,39,2,54,0.135,80.8,5,1.0,0,8,0
CUST-14167,Zentis HQ,2025-10-31,Basic,Monthly,52.05,8,1,21,-0.108,45.0,4,106.1,0,3,1
CUST-14168,Vertex Labs,2022-07-03,Basic,Monthly,41.92,48,1,32,-0.162,50.5,3,9.7,0,7,0
CUST-14169,Quantum Cloud,2026-03-02,Basic,Monthly,34.8,4,1,0,0.225,31.6,1,16.3,0,9,0
CUST-14170,Apex Cloud,2026-04-01,Basic,Monthly,36.09,3,2,42,-0.107,23.7,3,5.1,0,2,1
CUST-14171,Orion Labs,2024-07-02,Enterprise,Annual,808.84,24,58,1884,-0.238,62.7,2,18.0,0,9,0
CUST-14172,Pulse Flow,2023-10-02,Basic,Monthly,42.47,33,4,100,-0.188,56.1,3,24.6,0,8,0
CUST-14173,Quantum Labs,2022-07-03,Pro,Annual,194.23,48,15,391,0.5,55.1,3,33.0,0,7,0
CUST-14174,Cloud Digital,2025-05-02,Enterprise,Annual,847.03,14,60,835,-0.546,44.1,1,34.3,0,5,0
CUST-14175,Nexus Software,2026-05-02,Enterprise,Annual,1049.8,2,25,661,-0.35,39.1,4,27.5,0,10,0
CUST-14176,Omni Dynamics,2024-07-02,Pro,Monthly,192.07,24,14,314,-0.499,36.6,5,11.5,0,9,0
CUST-14177,Hyper Cloud,2025-08-31,Pro,Annual,199.31,10,12,237,0.265,33.5,3,1.0,0,3,0
CUST-14178,Orion Systems,2025-04-01,Basic,Annual,57.38,15,1,27,-0.299,31.2,5,14.3,3,8,1
CUST-14179,Zentis Tech,2024-12-31,Basic,Monthly,40.33,18,3,45,0.5,61.5,2,17.7,0,7,0
CUST-14180,Hyper Tech,2026-04-01,Basic,Monthly,52.08,3,2,43,0.111,43.5,5,59.9,0,5,0
CUST-14181,Aura Analytics,2024-12-31,Pro,Annual,198.58,18,14,296,0.014,67.8,1,68.9,0,5,0
CUST-14182,Orion HQ,2025-04-01,Pro,Annual,189.05,15,12,0,0.16,68.9,3,19.3,0,8,0
CUST-14183,Vertex Stack,2023-11-02,Basic,Annual,55.51,32,1,13,-0.202,78.9,1,95.4,2,0,1
CUST-14184,Data AI,2024-04-02,Basic,Monthly,55.46,27,1,45,-0.18,60.8,3,7.6,0,3,1
CUST-14185,Vanguard Stack,2025-12-01,Pro,Monthly,170.75,7,18,539,-0.182,85.4,1,1.3,0,9,0
CUST-14186,Aero Solutions,2025-12-01,Basic,Monthly,47.66,7,3,90,-0.342,78.1,3,13.6,0,4,0
CUST-14187,Hyper Digital,2025-10-01,Pro,Monthly,207.39,9,9,134,-0.032,65.0,2,79.6,0,2,0
CUST-14188,Zentis Global,2025-12-31,Pro,Monthly,190.85,6,15,360,-0.173,80.3,1,5.1,1,9,0
CUST-14189,Quantum Solutions,2024-03-02,Pro,Annual,216.46,28,12,438,-0.097,80.9,4,5.1,0,2,1
CUST-14190,Data Stack,2022-07-03,Pro,Annual,207.39,48,9,108,-0.241,83.9,3,39.6,0,4,0
CUST-14191,Nexus Analytics,2024-04-02,Enterprise,Multi-Year,1273.61,27,17,457,-0.028,66.0,3,4.0,2,5,0
CUST-14192,Cloud Solutions,2024-07-02,Basic,Monthly,37.75,24,4,109,0.105,52.9,0,29.1,0,7,0
CUST-14193,Vertex Tech,2025-05-02,Pro,Monthly,195.35,14,19,681,0.237,92.0,6,64.5,0,9,0
CUST-14194,Sync Systems,2025-08-01,Pro,Monthly,171.88,11,9,285,-0.139,31.9,3,5.4,0,8,0
CUST-14195,Cyber Systems,2022-07-03,Basic,Monthly,53.44,48,1,27,-0.106,96.0,2,13.4,0,1,0
CUST-14196,Titan Global,2022-07-03,Basic,Monthly,37.11,48,2,19,0.008,61.7,2,8.2,0,10,0
CUST-14197,Cloud Cloud,2024-12-31,Basic,Monthly,51.55,18,2,56,0.043,39.0,3,8.0,0,3,0
CUST-14198,Pulse Software,2025-08-31,Basic,Monthly,44.37,10,1,23,-0.059,59.9,2,4.1,0,9,1
CUST-14199,Zentis Labs,2023-05-03,Pro,Annual,177.09,38,4,88,-0.056,70.8,1,12.8,0,10,0
CUST-14200,Quantum Tech,2026-01-30,Pro,Monthly,155.82,5,19,315,0.044,39.3,1,10.1,0,10,0
CUST-14201,Orion AI,2023-06-03,Basic,Annual,45.58,37,1,21,-0.151,80.2,3,8.5,0,9,0
CUST-14202,Cloud Labs,2022-12-02,Basic,Monthly,56.97,43,5,136,0.238,100.0,4,1.2,0,9,0
CUST-14203,Aura Tech,2026-01-30,Enterprise,Annual,995.23,5,61,1332,-0.235,84.3,3,1.0,0,5,0
CUST-14204,Apex Labs,2022-07-03,Basic,Monthly,53.61,48,1,28,-0.193,93.7,6,10.6,2,4,0
CUST-14205,Cloud Software,2022-07-03,Basic,Monthly,61.24,48,4,65,-0.321,71.6,2,49.0,2,6,1
CUST-14206,Vertex Flow,2022-07-03,Pro,Annual,206.87,48,16,185,-0.08,73.0,2,7.9,0,6,0
CUST-14207,Zentis Software,2024-12-31,Pro,Annual,182.32,18,13,279,-0.447,33.5,2,9.6,0,6,0
CUST-14208,Omni AI,2025-10-31,Basic,Monthly,52.43,8,4,155,-0.333,62.5,1,1.4,0,8,0
CUST-14209,Aura Flow,2024-08-01,Basic,Monthly,45.0,23,1,16,0.098,55.0,2,18.5,1,6,0
CUST-14210,Quantum HQ,2025-04-01,Basic,Annual,45.29,15,1,24,-0.186,100.0,3,28.1,0,7,0
CUST-14211,Quantum Digital,2025-12-01,Pro,Monthly,153.63,7,11,302,-0.021,100.0,3,4.5,0,6,0
CUST-14212,Sync Global,2025-04-01,Pro,Monthly,226.65,15,7,55,-0.281,71.3,3,19.2,0,9,0
CUST-14213,Strata AI,2024-03-02,Basic,Annual,46.16,28,4,102,0.089,78.7,2,38.1,0,8,0
CUST-14214,Pulse Systems,2026-04-01,Pro,Monthly,204.44,3,5,141,-0.162,62.1,2,1.0,0,3,0
CUST-14215,Orion Flow,2025-08-01,Pro,Annual,168.08,11,9,241,-0.149,86.2,4,46.6,0,4,0
CUST-14216,Nexus Analytics,2026-05-02,Basic,Monthly,52.2,2,5,168,-0.112,35.6,1,7.1,0,5,0
CUST-14217,Cloud Flow,2023-08-02,Basic,Monthly,43.4,35,2,58,0.138,81.2,4,1.0,0,9,0
CUST-14218,Aura Analytics,2024-04-02,Pro,Monthly,194.77,27,15,349,0.238,33.4,2,19.7,0,4,0
CUST-14219,Vertex Digital,2026-04-01,Basic,Monthly,55.45,3,3,82,-0.329,66.0,3,91.9,1,10,1
CUST-14220,Omni Solutions,2022-07-03,Basic,Monthly,54.81,48,3,79,-0.106,80.5,6,29.6,0,9,0
CUST-14221,Cyber Labs,2026-05-02,Pro,Annual,198.34,2,12,319,0.009,33.2,3,45.3,0,7,0
CUST-14222,Flux HQ,2024-08-01,Enterprise,Multi-Year,734.05,23,44,1720,-0.298,64.9,5,60.3,1,6,0
CUST-14223,Data Tech,2023-05-03,Pro,Annual,288.34,38,17,454,0.301,93.0,1,8.3,0,6,0
CUST-14224,Nova Tech,2023-04-03,Pro,Annual,251.11,39,10,294,-0.805,37.2,1,4.2,0,3,0
CUST-14225,Orion Solutions,2026-05-02,Pro,Monthly,220.57,2,19,363,-0.613,85.0,1,23.1,0,4,0
CUST-14226,Flux Global,2022-07-03,Basic,Monthly,43.46,48,2,50,-0.257,49.8,2,16.2,0,7,0
CUST-14227,Pulse Cloud,2022-07-03,Pro,Annual,195.61,48,3,77,-0.143,84.6,1,10.3,0,6,0
CUST-14228,Data Networks,2024-09-01,Basic,Monthly,45.01,22,1,6,0.223,81.2,0,17.7,2,4,0
CUST-14229,Nexus HQ,2024-12-31,Basic,Monthly,58.29,18,4,50,-0.353,42.9,3,35.1,0,7,1
CUST-14230,Hyper Stack,2026-04-01,Pro,Monthly,206.84,3,13,277,0.03,68.9,1,16.3,1,7,0
CUST-14231,Quantum Digital,2024-09-01,Pro,Monthly,175.59,22,11,225,-0.295,42.3,3,12.0,0,5,0
CUST-14232,Aura Cloud,2025-05-02,Basic,Monthly,45.54,14,5,104,0.077,67.7,1,8.5,0,4,0
CUST-14233,Cloud Systems,2023-05-03,Enterprise,Multi-Year,1167.01,38,36,799,-0.056,90.6,2,125.9,0,8,0
CUST-14234,Nexus Labs,2025-05-02,Basic,Annual,60.76,14,1,28,-0.425,13.6,4,14.5,0,4,1
CUST-14235,Titan Networks,2024-01-01,Basic,Annual,60.23,30,3,85,0.08,93.2,6,29.0,3,8,0
CUST-14236,Data AI,2026-03-02,Basic,Annual,54.56,4,3,60,0.143,5.0,4,23.3,0,7,0
CUST-14237,Sync Solutions,2026-01-30,Pro,Annual,191.46,5,14,258,-0.187,32.8,3,16.3,0,8,0
CUST-14238,Orion Stack,2026-01-30,Pro,Annual,102.24,5,12,33,-0.557,36.8,1,37.9,0,4,1
CUST-14239,Strata Labs,2026-04-01,Basic,Monthly,51.18,3,4,133,0.186,24.0,7,10.1,1,9,0
CUST-14240,Hyper Flow,2024-10-01,Pro,Annual,198.95,21,10,183,0.149,65.2,2,21.2,1,4,0
CUST-14241,Nexus Software,2023-03-03,Basic,Monthly,50.03,40,3,102,-0.149,89.5,3,3.0,0,10,0
CUST-14242,Flux Systems,2024-06-01,Pro,Monthly,200.61,25,13,377,0.037,33.1,7,3.7,0,6,0
CUST-14243,Cloud Stack,2024-09-01,Basic,Monthly,39.25,22,3,40,-0.393,5.0,4,11.2,0,3,1
CUST-14244,Apex Cloud,2024-02-01,Basic,Monthly,53.1,29,2,32,-0.272,70.1,3,63.3,0,6,1
CUST-14245,Nova Tech,2025-07-02,Enterprise,Annual,1093.74,12,39,1223,-0.028,24.3,1,14.1,0,4,0
CUST-14246,Vertex Software,2025-06-01,Basic,Monthly,54.02,13,1,9,-0.655,100.0,1,31.2,0,3,1
CUST-14247,Pulse Flow,2025-08-01,Basic,Monthly,55.96,11,2,48,-0.047,73.7,3,21.1,3,6,1
CUST-14248,Strata Analytics,2023-11-02,Pro,Annual,217.03,32,14,265,-0.136,30.8,1,32.9,0,9,0
CUST-14249,Zentis Solutions,2025-12-31,Enterprise,Annual,937.56,6,23,464,-0.227,74.8,4,1.0,0,3,0
CUST-14250,Cyber HQ,2026-05-02,Basic,Annual,48.48,2,2,26,-0.044,58.2,2,2.0,0,5,0
CUST-14251,Vanguard HQ,2024-07-02,Basic,Monthly,49.67,24,4,79,-0.182,79.5,4,2.0,0,6,0
CUST-14252,Hyper Solutions,2022-07-03,Basic,Monthly,49.79,48,3,83,0.017,47.4,3,46.1,0,7,0
CUST-14253,Pulse Tech,2024-06-01,Pro,Annual,228.8,25,7,135,-0.264,81.7,4,17.7,1,5,0
CUST-14254,Pulse Flow,2023-04-03,Basic,Monthly,53.73,39,2,48,0.135,51.0,2,3.7,0,7,0
CUST-14255,Cyber Dynamics,2024-02-01,Pro,Annual,261.01,29,13,495,0.143,46.8,5,57.3,0,6,0
CUST-14256,Data AI,2024-12-31,Enterprise,Multi-Year,1329.64,18,13,264,0.212,68.7,0,16.9,0,7,0
CUST-14257,Pulse Tech,2023-10-02,Basic,Monthly,49.59,33,3,48,-0.025,53.2,2,25.7,2,5,1
CUST-14258,Aura Analytics,2022-11-02,Basic,Annual,20.8,44,4,111,0.001,71.8,1,16.1,0,0,0
CUST-14259,Aura Labs,2025-10-31,Basic,Monthly,58.09,8,4,98,-0.378,62.3,3,1.0,2,8,1
CUST-14260,Cyber Systems,2025-07-02,Basic,Monthly,45.03,12,1,12,-0.033,95.3,6,2.3,0,4,0
CUST-14261,Data Software,2025-10-31,Enterprise,Annual,878.9,8,49,1284,0.074,43.6,4,37.5,1,4,0
CUST-14262,Orion Cloud,2025-03-02,Basic,Monthly,46.07,16,2,52,-0.032,61.5,2,8.1,0,3,0
CUST-14263,Cloud AI,2022-07-03,Basic,Monthly,45.72,48,1,32,-0.094,60.8,0,2.7,0,5,0
CUST-14264,Titan Systems,2025-07-02,Pro,Monthly,217.28,12,10,198,0.09,88.8,2,36.0,0,3,0
CUST-14265,Strata Flow,2025-06-01,Basic,Monthly,37.54,13,1,30,-0.524,55.6,4,15.3,0,3,0
CUST-14266,Data Digital,2022-07-03,Pro,Monthly,166.83,48,9,117,-0.283,77.9,5,1.5,2,7,0
CUST-14267,Titan Networks,2024-12-01,Basic,Monthly,51.52,19,3,23,-0.19,24.2,4,101.0,0,3,1
CUST-14268,Data Solutions,2024-10-31,Pro,Annual,217.59,20,13,254,-0.178,84.5,3,31.1,0,3,0
CUST-14269,Quantum Labs,2022-07-03,Enterprise,Annual,1095.14,48,42,1225,-0.021,61.1,0,58.6,0,10,0
CUST-14270,Zentis Labs,2024-12-31,Pro,Annual,175.51,18,10,89,0.063,58.3,2,7.1,0,6,0
CUST-14271,Sync Systems,2024-01-01,Enterprise,Annual,852.41,30,65,1462,0.065,84.7,2,21.2,0,4,0
CUST-14272,Hyper Dynamics,2026-03-02,Basic,Monthly,45.28,4,3,50,-0.352,91.1,2,68.9,0,5,1
CUST-14273,Strata Cloud,2025-12-31,Basic,Monthly,50.76,6,1,17,-0.283,56.8,0,50.6,0,7,1
CUST-14274,Cyber Systems,2025-05-02,Pro,Monthly,243.34,14,8,279,-0.124,67.1,7,19.6,2,8,0
CUST-14275,Vanguard HQ,2024-12-31,Pro,Annual,137.88,18,8,233,0.175,59.8,8,4.2,1,7,0
CUST-14276,Omni Analytics,2022-07-03,Basic,Monthly,47.38,48,3,81,-0.225,68.5,5,35.8,2,8,0
CUST-14277,Cloud Stack,2022-07-03,Basic,Monthly,39.2,48,1,21,0.167,61.1,1,2.1,2,6,0
CUST-14278,Orion Software,2022-07-03,Basic,Monthly,36.86,48,1,19,-0.116,67.8,3,22.3,0,8,0
CUST-14279,Cloud Analytics,2025-08-01,Basic,Annual,56.11,11,4,90,0.09,32.5,5,13.8,0,4,0
CUST-14280,Flux Dynamics,2022-07-03,Basic,Monthly,53.0,48,4,103,-0.79,34.2,7,47.6,0,10,1
CUST-14281,Pulse Tech,2024-01-01,Pro,Annual,212.42,30,12,202,-0.199,40.1,3,51.5,0,1,1
CUST-14282,Cyber Dynamics,2025-05-02,Basic,Monthly,55.77,14,1,20,-0.155,41.8,4,45.4,0,4,1
CUST-14283,Nova Cloud,2023-12-02,Basic,Monthly,45.47,31,2,37,-0.185,65.0,3,78.7,0,8,1
CUST-14284,Data Analytics,2026-05-02,Pro,Annual,186.09,2,11,226,-0.272,60.4,2,6.7,0,7,0
CUST-14285,Aura Dynamics,2026-01-30,Pro,Annual,264.24,5,9,253,0.126,76.0,1,2.1,0,9,0
CUST-14286,Strata Networks,2022-10-02,Enterprise,Annual,962.05,45,27,539,0.378,43.7,1,29.5,1,8,0
CUST-14287,Apex Flow,2024-04-02,Pro,Annual,220.94,27,22,672,0.172,100.0,0,24.5,0,8,0
CUST-14288,Cyber Flow,2025-06-01,Basic,Monthly,49.05,13,2,36,-0.286,100.0,5,47.6,2,1,1
CUST-14289,Pulse HQ,2024-12-01,Pro,Annual,143.83,19,11,240,0.048,78.9,0,5.0,0,9,0
CUST-14290,Vanguard AI,2022-07-03,Pro,Monthly,137.97,48,12,500,-0.311,82.7,1,41.8,0,4,0
CUST-14291,Zentis HQ,2024-05-02,Basic,Monthly,44.74,26,3,125,-0.128,73.9,3,3.2,0,8,0
CUST-14292,Zentis Systems,2025-05-02,Pro,Annual,230.52,14,7,163,0.5,95.7,7,106.0,0,5,0
CUST-14293,Zentis Software,2026-01-30,Enterprise,Annual,1117.13,5,66,869,-0.332,91.1,4,71.1,0,6,0
CUST-14294,Apex AI,2025-08-31,Basic,Monthly,55.72,10,4,111,-0.025,100.0,4,46.1,0,7,0
CUST-14295,Nexus Labs,2022-07-03,Basic,Monthly,41.75,48,2,42,-0.726,57.8,0,15.9,3,8,1
CUST-14296,Aura Flow,2025-03-02,Basic,Annual,60.88,16,1,20,0.103,64.9,5,11.4,0,7,0
CUST-14297,Nova Labs,2025-01-31,Basic,Monthly,41.91,17,2,40,-0.003,60.3,2,25.2,0,6,0
CUST-14298,Cyber Global,2024-12-31,Basic,Monthly,50.56,18,3,100,-0.208,96.7,3,13.7,0,6,0
CUST-14299,Aero Cloud,2022-07-03,Pro,Annual,198.69,48,7,136,-0.668,32.7,6,20.8,1,6,1
CUST-14300,Hyper Cloud,2024-07-02,Basic,Annual,47.72,24,4,169,0.149,100.0,3,16.5,0,5,0
CUST-14301,Aura HQ,2024-01-01,Enterprise,Multi-Year,1199.59,30,39,825,-0.267,96.5,6,3.4,0,4,0
CUST-14302,Vertex Global,2025-05-02,Pro,Monthly,177.95,14,7,221,0.256,53.6,0,1.0,0,4,0
CUST-14303,Apex Flow,2026-05-02,Pro,Monthly,158.71,2,15,315,0.175,39.1,3,12.0,2,4,0
CUST-14304,Cyber HQ,2022-07-03,Pro,Annual,199.6,48,16,218,0.26,34.0,8,6.5,0,5,0
CUST-14305,Quantum Solutions,2022-07-03,Basic,Annual,46.06,48,2,66,-0.5,71.9,3,11.2,1,10,0
CUST-14306,Omni HQ,2022-07-03,Basic,Annual,73.82,48,4,69,-0.388,49.8,2,16.0,0,5,1
CUST-14307,Vertex Labs,2022-07-03,Pro,Monthly,219.19,48,17,564,-0.11,24.4,0,2.9,1,5,0
CUST-14308,Aura Digital,2022-12-02,Pro,Monthly,186.78,43,6,179,-0.328,33.6,3,29.4,3,10,1
CUST-14309,Omni Systems,2024-01-01,Pro,Monthly,167.48,30,16,481,0.244,100.0,1,3.8,1,9,0
CUST-14310,Strata Dynamics,2022-08-03,Basic,Annual,35.18,47,3,92,-0.21,63.2,3,36.9,0,4,0
CUST-14311,Zentis Flow,2024-07-02,Enterprise,Annual,845.37,24,47,643,-0.642,86.3,1,3.9,0,10,0
CUST-14312,Zentis Labs,2026-01-30,Basic,Monthly,49.84,5,2,55,-0.187,69.1,2,20.0,0,0,0
CUST-14313,Strata Cloud,2025-05-02,Enterprise,Annual,1212.89,14,44,1015,0.475,72.1,5,1.0,0,6,0
CUST-14314,Quantum Dynamics,2022-07-03,Enterprise,Annual,1167.09,48,47,1166,0.051,83.8,2,5.8,1,7,0
CUST-14315,Aero Systems,2025-07-02,Basic,Monthly,50.68,12,1,11,0.165,38.4,0,1.0,0,6,0
CUST-14316,Titan Digital,2022-07-03,Pro,Annual,189.35,48,12,394,-0.2,61.4,4,64.9,0,9,1
CUST-14317,Strata Flow,2026-03-02,Basic,Monthly,50.98,4,3,98,-0.494,53.0,3,43.4,0,10,0
CUST-14318,Apex Dynamics,2025-08-01,Basic,Monthly,45.19,11,2,27,-0.282,30.7,2,15.5,0,5,1
CUST-14319,Vertex AI,2025-07-02,Pro,Monthly,250.29,12,15,364,-0.59,59.4,1,11.2,0,10,0
CUST-14320,Vanguard Global,2026-04-01,Pro,Annual,193.35,3,7,141,-0.692,33.2,3,18.2,0,3,1
CUST-14321,Nexus Networks,2026-01-30,Enterprise,Annual,986.06,5,57,827,0.069,6.9,4,14.5,0,5,0
CUST-14322,Cyber Stack,2025-12-01,Pro,Monthly,132.86,7,9,204,0.221,75.8,5,19.1,0,6,0
CUST-14323,Sync Flow,2022-09-02,Basic,Annual,47.56,46,1,19,-0.152,100.0,0,47.1,0,6,0
CUST-14324,Orion Global,2026-04-01,Pro,Annual,223.97,3,2,55,-0.535,36.8,1,8.1,0,8,0
CUST-14325,Zentis Stack,2025-08-31,Enterprise,Multi-Year,839.0,10,36,1296,-0.464,58.0,2,10.8,0,0,1
CUST-14326,Data Stack,2026-05-02,Basic,Monthly,43.48,2,1,36,-0.36,71.2,0,15.5,0,3,0
CUST-14327,Vertex Analytics,2023-12-02,Enterprise,Annual,1117.79,31,61,1394,0.088,79.6,4,3.5,0,10,0
CUST-14328,Vanguard Flow,2024-06-01,Basic,Monthly,38.15,25,5,128,-0.04,40.9,3,3.6,0,7,0
CUST-14329,Nexus Global,2024-04-02,Pro,Monthly,230.58,27,15,312,-0.014,86.8,3,50.5,2,6,1
CUST-14330,Titan Software,2025-06-01,Basic,Monthly,45.09,13,2,42,-0.295,69.4,2,3.6,0,9,0
CUST-14331,Nexus Tech,2025-12-01,Basic,Monthly,46.14,7,4,115,-0.409,100.0,2,58.2,0,7,0
CUST-14332,Aero Solutions,2023-10-02,Basic,Monthly,40.74,33,4,95,-0.551,76.0,4,55.7,0,5,1
CUST-14333,Strata Analytics,2023-01-02,Pro,Monthly,210.28,42,7,218,0.052,46.1,2,29.0,0,4,0
CUST-14334,Nexus Solutions,2026-01-30,Basic,Monthly,67.08,5,2,68,-0.386,56.5,5,42.3,0,5,0
CUST-14335,Titan Systems,2024-12-31,Basic,Annual,54.74,18,2,55,-0.557,15.6,4,62.8,0,5,1
CUST-14336,Flux Flow,2025-10-01,Pro,Monthly,173.2,9,15,493,0.211,74.8,1,6.7,0,10,0
CUST-14337,Vertex Global,2025-12-31,Enterprise,Annual,1169.17,6,27,970,-0.163,81.7,3,21.5,0,8,0
CUST-14338,Data Systems,2023-09-02,Basic,Monthly,46.67,34,3,75,-0.117,30.7,3,34.2,0,8,0
CUST-14339,Vanguard HQ,2024-10-31,Basic,Monthly,59.1,20,1,11,-0.131,71.1,4,30.5,0,7,0
CUST-14340,Flux Tech,2025-12-01,Basic,Monthly,54.93,7,3,70,0.127,100.0,1,1.0,1,4,0
CUST-14341,Aura Flow,2025-08-01,Basic,Monthly,27.37,11,3,99,-0.22,51.4,2,88.5,0,5,1
CUST-14342,Zentis Dynamics,2022-07-03,Pro,Annual,169.03,48,16,545,0.059,50.9,2,68.1,1,5,0
CUST-14343,Data Stack,2022-07-03,Pro,Annual,227.19,48,10,226,-0.16,65.9,1,1.8,0,10,0
CUST-14344,Pulse Solutions,2022-07-03,Pro,Annual,203.53,48,10,319,-0.223,40.5,4,4.4,0,10,0
CUST-14345,Titan Software,2025-01-31,Basic,Monthly,41.48,17,2,44,-0.006,73.9,2,24.5,1,5,0
CUST-14346,Sync Global,2024-06-01,Pro,Annual,180.09,25,2,21,-0.08,96.1,1,42.9,0,7,0
CUST-14347,Cyber Networks,2025-06-01,Pro,Monthly,142.1,13,14,455,0.184,80.0,5,11.8,0,5,0
CUST-14348,Nexus Tech,2026-04-01,Pro,Annual,196.36,3,12,285,0.317,34.2,2,31.7,0,7,0
CUST-14349,Titan Solutions,2025-05-02,Pro,Annual,264.99,14,3,70,0.135,63.7,1,18.2,0,8,0
CUST-14350,Strata Cloud,2024-07-02,Pro,Monthly,223.03,24,14,495,-0.259,45.5,2,1.0,1,8,0
CUST-14351,Nova Global,2025-08-31,Pro,Annual,264.38,10,15,219,-0.08,93.4,3,10.4,0,4,1
CUST-14352,Hyper Cloud,2022-07-03,Basic,Annual,55.49,48,4,170,0.5,57.3,1,8.6,1,6,0
CUST-14353,Flux Digital,2025-12-31,Enterprise,Multi-Year,1152.97,6,52,1435,-0.251,57.9,3,18.4,0,5,0
CUST-14354,Flux Software,2025-06-01,Pro,Monthly,257.93,13,11,164,-0.424,32.6,3,16.6,1,4,1
CUST-14355,Omni Cloud,2026-01-30,Pro,Annual,210.26,5,11,260,0.404,21.9,0,1.0,0,9,0
CUST-14356,Orion Solutions,2025-05-02,Basic,Annual,47.62,14,4,62,0.353,54.2,5,16.2,0,5,0
CUST-14357,Vertex HQ,2026-05-02,Pro,Monthly,229.82,2,8,206,-0.124,31.5,3,34.0,2,9,1
CUST-14358,Strata Tech,2025-10-01,Pro,Annual,242.4,9,12,286,-0.046,67.7,5,48.5,0,6,0
CUST-14359,Vertex AI,2025-05-02,Basic,Monthly,45.47,14,2,50,0.284,6.8,0,22.0,0,8,0
CUST-14360,Cloud Networks,2025-01-31,Basic,Monthly,43.7,17,4,115,-0.146,59.0,5,22.9,0,6,0
CUST-14361,Vertex Tech,2024-10-01,Pro,Annual,203.14,21,14,339,-0.108,36.1,1,6.0,1,5,0
CUST-14362,Cloud Networks,2025-10-01,Pro,Annual,223.82,9,11,396,0.15,62.3,7,18.0,0,5,0
CUST-14363,Hyper Flow,2024-10-31,Pro,Annual,222.82,20,10,311,0.125,57.8,3,23.5,0,8,0
CUST-14364,Quantum Cloud,2024-12-01,Basic,Annual,38.53,19,2,39,0.17,44.7,3,1.0,0,4,0
CUST-14365,Quantum Dynamics,2025-08-01,Pro,Monthly,256.06,11,9,243,-0.583,61.6,1,1.0,0,9,0
CUST-14366,Data Global,2022-10-02,Basic,Monthly,44.29,45,4,94,-0.074,92.8,4,22.7,1,5,0
CUST-14367,Apex Networks,2024-10-01,Basic,Annual,47.05,21,3,76,-0.344,15.5,3,19.0,0,3,1
CUST-14368,Cyber Digital,2025-08-01,Basic,Monthly,42.37,11,3,121,0.021,14.5,3,23.8,0,8,1
CUST-14369,Flux Software,2022-07-03,Basic,Monthly,68.83,48,2,48,-0.336,34.3,4,4.7,1,7,1
CUST-14370,Quantum Cloud,2022-08-03,Basic,Monthly,50.78,47,2,27,0.006,56.1,2,6.0,0,3,0
CUST-14371,Titan AI,2022-07-03,Basic,Monthly,42.75,48,3,63,-0.118,49.6,3,31.2,0,5,0
CUST-14372,Strata Flow,2024-01-01,Basic,Monthly,55.35,30,2,56,-0.251,70.7,1,13.5,0,4,0
CUST-14373,Apex Networks,2025-06-01,Basic,Monthly,54.65,13,6,194,-0.007,50.9,4,1.0,1,5,0
CUST-14374,Data Tech,2025-08-31,Pro,Annual,193.4,10,10,285,-0.362,70.4,4,28.5,0,10,0
CUST-14375,Apex Dynamics,2024-03-02,Basic,Monthly,55.18,28,4,45,0.017,72.1,1,8.9,0,10,0
CUST-14376,Pulse Dynamics,2022-07-03,Basic,Monthly,42.93,48,3,107,-0.072,61.1,2,3.8,0,9,0
CUST-14377,Nova Digital,2024-05-02,Pro,Monthly,184.29,26,15,358,-0.339,5.0,3,10.4,2,4,1
CUST-14378,Vanguard AI,2022-07-03,Basic,Monthly,34.22,48,4,86,-0.125,90.9,6,81.5,2,8,0
CUST-14379,Zentis Solutions,2025-08-01,Pro,Monthly,159.48,11,5,192,0.202,100.0,3,2.8,0,7,0
CUST-14380,Vanguard Cloud,2025-05-02,Basic,Monthly,62.29,14,4,88,-0.248,48.2,4,1.1,0,6,0
CUST-14381,Zentis Digital,2022-07-03,Basic,Monthly,61.06,48,1,21,0.5,26.8,2,63.6,0,10,0
CUST-14382,Nova Dynamics,2023-07-03,Pro,Monthly,200.96,36,11,277,0.268,77.8,4,23.6,0,5,0
CUST-14383,Flux Cloud,2022-07-03,Pro,Monthly,248.64,48,8,164,0.152,73.9,1,2.2,0,7,0
CUST-14384,Strata Networks,2023-05-03,Enterprise,Annual,975.01,38,43,706,0.022,70.5,2,20.7,0,0,0
CUST-14385,Zentis Systems,2025-03-02,Pro,Monthly,191.73,16,6,179,-0.229,66.3,2,26.2,0,3,1
CUST-14386,Omni Systems,2024-10-31,Enterprise,Annual,1007.47,20,36,1088,-0.14,38.5,2,1.0,0,6,0
CUST-14387,Sync HQ,2022-07-03,Basic,Monthly,48.08,48,4,94,0.143,86.1,1,12.7,1,3,0
CUST-14388,Aura Solutions,2024-10-01,Basic,Monthly,47.42,21,3,75,0.037,27.5,3,34.3,0,6,0
CUST-14389,Omni Stack,2025-10-01,Basic,Annual,57.4,9,3,57,-0.041,39.7,5,5.6,0,7,0
CUST-14390,Nexus Systems,2025-03-02,Basic,Monthly,50.1,16,1,18,-0.342,64.5,3,18.4,0,4,0
CUST-14391,Titan Networks,2024-12-01,Pro,Annual,220.27,19,10,169,-0.675,49.8,2,1.0,0,3,0
CUST-14392,Strata Systems,2026-03-02,Pro,Monthly,229.79,4,17,600,0.168,35.0,4,6.3,0,5,0
CUST-14393,Orion Software,2023-08-02,Basic,Annual,51.85,35,5,52,-0.554,73.6,4,27.1,0,10,0
CUST-14394,Cloud Flow,2026-03-02,Enterprise,Annual,853.6,4,35,1077,-0.494,49.6,5,106.7,1,1,1
CUST-14395,Flux Networks,2025-05-02,Pro,Annual,158.62,14,11,258,-0.303,90.2,0,39.2,0,4,0
CUST-14396,Cloud Systems,2023-02-01,Basic,Monthly,50.09,41,1,22,-0.122,74.0,2,22.2,3,9,0
CUST-14397,Quantum Systems,2025-01-31,Basic,Monthly,47.74,17,5,50,-0.21,35.0,2,34.5,0,6,0
CUST-14398,Pulse Tech,2022-08-03,Basic,Monthly,49.64,47,3,23,-0.045,76.2,2,4.4,0,2,0
CUST-14399,Nexus Solutions,2025-07-02,Basic,Monthly,48.88,12,2,46,-0.116,22.9,3,14.1,1,7,0
CUST-14400,Zentis Systems,2022-07-03,Basic,Monthly,67.99,48,2,51,0.3,41.3,1,21.9,0,7,0
CUST-14401,Strata Networks,2025-12-01,Pro,Monthly,159.29,7,3,71,0.385,66.1,5,38.0,0,10,0
CUST-14402,Titan Systems,2026-05-02,Basic,Annual,34.37,2,3,70,-0.105,52.2,2,21.8,0,5,0
CUST-14403,Data Global,2022-07-03,Basic,Monthly,51.44,48,2,43,0.136,77.3,1,5.3,2,8,0
CUST-14404,Nexus Digital,2023-07-03,Enterprise,Annual,942.59,36,55,1546,-0.768,67.1,3,3.8,0,10,0
CUST-14405,Vanguard Solutions,2025-10-31,Pro,Annual,208.43,8,14,269,0.029,64.9,3,22.0,0,5,0
CUST-14406,Quantum Solutions,2022-07-03,Enterprise,Annual,1086.49,48,32,460,-0.126,69.5,2,23.9,0,10,0
CUST-14407,Strata Global,2024-12-01,Basic,Monthly,58.44,19,1,20,-0.334,77.1,3,45.8,0,10,0
CUST-14408,Cloud Global,2022-07-03,Basic,Monthly,37.92,48,5,133,0.116,16.4,5,16.5,0,8,0
CUST-14409,Omni Tech,2024-12-01,Pro,Annual,182.38,19,6,161,0.022,57.0,3,15.4,2,5,0
CUST-14410,Apex AI,2025-01-31,Basic,Annual,52.15,17,3,68,-0.352,58.7,2,10.9,2,7,0
CUST-14411,Aura Stack,2025-03-02,Basic,Monthly,54.66,16,3,45,0.088,36.5,4,1.0,0,7,0
CUST-14412,Quantum Cloud,2025-08-01,Pro,Annual,264.47,11,11,358,-0.394,62.0,2,4.9,0,3,0
CUST-14413,Vanguard Systems,2024-10-31,Pro,Monthly,227.53,20,13,339,0.186,65.4,4,2.8,1,10,0
CUST-14414,Apex Flow,2025-03-02,Basic,Monthly,48.58,16,1,15,-0.772,63.7,2,12.9,0,5,0
CUST-14415,Flux Global,2026-05-02,Basic,Monthly,42.46,2,4,85,0.126,66.6,3,6.0,2,3,0
CUST-14416,Vanguard Digital,2025-10-01,Basic,Monthly,44.85,9,4,121,0.079,36.4,2,26.3,0,3,0
CUST-14417,Omni Cloud,2025-12-01,Basic,Monthly,44.64,7,3,89,-0.471,82.4,3,4.9,0,10,0
CUST-14418,Omni Stack,2022-07-03,Basic,Monthly,53.82,48,2,52,-0.32,52.4,1,9.2,0,9,0
CUST-14419,Zentis Digital,2024-07-02,Basic,Monthly,50.89,24,3,77,0.244,80.6,1,14.5,3,8,0
CUST-14420,Quantum Stack,2023-06-03,Basic,Annual,39.27,37,2,32,0.028,68.7,2,11.8,0,7,0
CUST-14421,Zentis Flow,2022-07-03,Enterprise,Annual,933.68,48,17,351,-0.031,49.9,0,17.5,1,1,0
CUST-14422,Strata Solutions,2024-04-02,Pro,Monthly,225.19,27,10,293,0.333,66.9,2,10.5,0,3,0
CUST-14423,Hyper Flow,2022-07-03,Pro,Annual,209.5,48,10,156,-0.423,77.8,7,18.4,0,6,0
CUST-14424,Aura Software,2025-08-01,Basic,Monthly,53.18,11,3,129,0.032,43.0,3,6.4,0,7,0
CUST-14425,Nexus Systems,2025-12-01,Basic,Monthly,51.81,7,3,81,-0.073,71.6,3,24.9,0,3,0
CUST-14426,Flux Tech,2025-05-02,Basic,Monthly,60.95,14,5,120,-0.167,54.5,4,53.6,0,8,0
CUST-14427,Omni Labs,2025-01-31,Basic,Monthly,50.73,17,2,38,0.291,78.5,5,3.0,2,4,0
CUST-14428,Aero Analytics,2022-07-03,Basic,Monthly,46.16,48,5,181,-0.309,100.0,4,6.5,1,5,0
CUST-14429,Pulse Cloud,2024-09-01,Pro,Annual,171.66,22,14,282,-0.398,62.2,6,1.0,2,6,1
CUST-14430,Titan Tech,2025-08-31,Pro,Monthly,206.45,10,19,506,-0.118,78.4,3,4.4,0,4,0
CUST-14431,Vanguard Labs,2023-08-02,Pro,Monthly,126.14,35,10,259,-0.443,91.0,3,11.7,2,7,0
CUST-14432,Orion Digital,2024-12-01,Basic,Annual,47.65,19,4,94,0.115,57.6,4,17.5,0,8,0
CUST-14433,Data Analytics,2025-12-31,Enterprise,Multi-Year,968.15,6,45,1174,-0.107,61.5,2,18.2,0,7,0
CUST-14434,Nova HQ,2024-08-01,Basic,Monthly,38.97,23,1,29,-0.042,54.5,1,11.4,3,3,1
CUST-14435,Sync HQ,2022-07-03,Basic,Monthly,42.18,48,1,13,-0.365,34.6,2,7.8,0,8,0
CUST-14436,Apex Tech,2022-08-03,Basic,Monthly,54.95,47,3,64,-0.527,41.9,2,3.4,0,4,1
CUST-14437,Flux Dynamics,2024-08-01,Pro,Monthly,205.89,23,16,352,-0.131,88.2,3,16.7,0,3,0
CUST-14438,Strata Digital,2025-06-01,Enterprise,Annual,1014.25,13,49,1190,-0.428,77.0,3,8.0,0,9,0
CUST-14439,Vertex Global,2026-03-02,Basic,Monthly,51.25,4,2,52,0.489,92.2,4,28.5,0,4,0
CUST-14440,Aero HQ,2025-01-31,Enterprise,Annual,1012.88,17,19,473,-0.377,61.2,3,3.8,0,5,0
CUST-14441,Aura Solutions,2023-07-03,Pro,Monthly,236.1,36,12,315,0.109,65.1,4,1.0,0,8,0
CUST-14442,Orion Analytics,2025-07-02,Basic,Monthly,49.91,12,1,27,0.313,64.1,4,9.2,0,5,0
CUST-14443,Nova Labs,2025-10-31,Basic,Monthly,38.28,8,2,63,0.468,41.8,1,1.0,0,6,0
CUST-14444,Titan AI,2022-07-03,Basic,Monthly,60.98,48,2,75,0.255,89.0,5,10.9,0,6,0
CUST-14445,Quantum Flow,2022-11-02,Enterprise,Annual,1054.5,44,42,721,-0.033,67.6,4,35.5,0,8,0
CUST-14446,Cyber Solutions,2024-05-02,Basic,Monthly,44.67,26,3,65,-0.297,70.7,4,1.7,0,3,0
CUST-14447,Aero Solutions,2026-01-30,Pro,Monthly,161.59,5,12,476,-0.084,52.1,3,15.9,1,7,1
CUST-14448,Apex Networks,2026-01-30,Basic,Monthly,51.91,5,4,89,-0.395,76.3,2,13.8,0,10,0
CUST-14449,Titan Solutions,2026-03-02,Pro,Monthly,195.5,4,11,292,-0.007,22.7,2,16.6,0,7,1
CUST-14450,Omni Cloud,2024-06-01,Basic,Monthly,60.57,25,4,108,-0.03,35.7,0,60.8,0,8,0
CUST-14451,Flux Tech,2026-01-30,Pro,Annual,188.67,5,11,259,0.102,100.0,3,14.5,0,6,0
CUST-14452,Data Flow,2022-08-03,Pro,Annual,174.0,47,12,214,0.35,85.6,4,38.7,1,3,0
CUST-14453,Strata Flow,2022-07-03,Pro,Annual,225.74,48,8,76,0.053,47.4,7,43.5,0,6,0
CUST-14454,Cyber Stack,2025-06-01,Enterprise,Multi-Year,1137.65,13,40,764,0.239,38.8,1,1.8,1,5,0
CUST-14455,Strata Networks,2025-03-02,Basic,Monthly,50.24,16,5,71,-0.151,77.3,2,8.2,1,6,0
CUST-14456,Cloud Stack,2023-11-02,Pro,Monthly,219.19,32,19,381,0.006,45.3,6,5.2,1,10,0
CUST-14457,Cyber Flow,2022-07-03,Basic,Annual,48.72,48,4,78,-0.476,56.1,2,3.8,0,6,0
CUST-14458,Cyber Systems,2022-07-03,Basic,Monthly,50.72,48,5,144,-0.411,74.4,2,95.4,0,9,0
CUST-14459,Zentis Analytics,2026-04-01,Pro,Annual,233.77,3,3,75,-0.123,68.0,3,41.2,0,4,0
CUST-14460,Vertex Systems,2025-12-31,Basic,Monthly,53.6,6,1,28,-0.092,92.7,0,3.1,0,5,0
CUST-14461,Data Networks,2023-07-03,Pro,Monthly,193.95,36,9,134,-0.305,54.3,1,24.0,0,6,0
CUST-14462,Aura Dynamics,2024-01-01,Enterprise,Annual,1201.65,30,54,1259,-0.421,55.3,1,24.4,0,5,0
CUST-14463,Nova Solutions,2026-01-30,Basic,Monthly,31.62,5,4,95,0.13,75.8,4,6.1,0,7,0
CUST-14464,Vertex Software,2024-12-01,Pro,Monthly,260.25,19,12,225,-0.099,75.1,3,1.0,0,9,0
CUST-14465,Zentis Stack,2023-04-03,Basic,Monthly,36.46,39,1,16,0.197,23.0,2,19.1,0,6,0
CUST-14466,Aero Tech,2025-10-31,Basic,Monthly,44.39,8,5,67,-0.027,37.8,4,4.0,1,4,1
CUST-14467,Apex AI,2022-07-03,Basic,Annual,48.7,48,4,161,-0.678,41.5,4,27.0,0,6,0
CUST-14468,Sync AI,2026-04-01,Enterprise,Multi-Year,977.05,3,28,561,-0.467,78.4,7,10.1,0,4,0
CUST-14469,Cloud Global,2023-04-03,Enterprise,Annual,1149.81,39,52,1420,-0.239,54.0,1,20.4,0,4,0
CUST-14470,Strata Flow,2024-06-01,Enterprise,Annual,840.48,25,55,1333,0.239,62.2,2,16.2,0,10,0
CUST-14471,Zentis Stack,2025-08-01,Enterprise,Multi-Year,1038.08,11,54,1369,-0.196,49.2,3,4.0,0,4,0
CUST-14472,Quantum HQ,2023-10-02,Basic,Monthly,44.75,33,1,42,0.176,69.1,1,24.2,1,1,0
CUST-14473,Cloud Dynamics,2023-04-03,Basic,Monthly,51.17,39,1,33,0.5,89.5,5,12.5,0,6,0
CUST-14474,Aero Networks,2022-07-03,Pro,Monthly,197.07,48,9,167,-0.121,66.9,3,18.1,1,6,0
CUST-14475,Flux Cloud,2025-06-01,Basic,Annual,49.68,13,2,24,0.473,45.8,1,3.5,0,2,0
CUST-14476,Nexus Dynamics,2024-01-01,Basic,Monthly,44.96,30,2,48,0.235,56.8,1,10.4,0,8,0
CUST-14477,Omni Dynamics,2024-07-02,Basic,Monthly,45.25,24,3,95,-0.128,93.3,1,1.9,0,4,0
CUST-14478,Zentis Networks,2024-10-31,Pro,Monthly,207.58,20,8,41,0.359,60.4,1,4.1,1,7,0
CUST-14479,Aura Global,2022-07-03,Pro,Monthly,227.17,48,11,416,-0.216,53.1,5,10.1,0,8,0
CUST-14480,Strata HQ,2026-05-02,Basic,Monthly,44.6,2,2,30,0.161,63.4,1,22.0,1,4,0
CUST-14481,Apex Stack,2025-08-31,Basic,Monthly,42.61,10,3,54,-0.381,48.7,1,11.1,0,7,0
CUST-14482,Apex Systems,2024-10-31,Pro,Monthly,217.31,20,19,394,-0.137,52.0,10,179.3,0,6,1
CUST-14483,Sync Networks,2025-12-31,Pro,Monthly,198.03,6,14,491,-0.153,52.4,0,19.8,3,7,0
CUST-14484,Aura Tech,2022-07-03,Basic,Monthly,55.1,48,1,26,0.117,80.2,0,8.3,2,3,0
CUST-14485,Omni AI,2024-04-02,Pro,Annual,171.96,27,7,37,0.386,88.3,4,4.1,0,9,0
CUST-14486,Cloud Cloud,2025-01-31,Basic,Annual,35.92,17,1,17,-0.024,96.1,1,113.5,1,4,0
CUST-14487,Pulse Labs,2022-12-02,Basic,Monthly,45.08,43,2,53,0.451,85.8,1,1.0,3,9,1
CUST-14488,Hyper Stack,2025-03-02,Pro,Monthly,176.12,16,12,229,-0.204,66.1,4,64.7,0,4,1
CUST-14489,Sync Cloud,2024-09-01,Pro,Monthly,196.65,22,10,253,0.231,56.8,4,28.7,0,8,0
CUST-14490,Vertex Analytics,2026-05-02,Basic,Monthly,44.32,2,7,192,-0.218,54.0,0,12.4,0,10,0
CUST-14491,Titan Analytics,2025-06-01,Pro,Annual,221.12,13,15,647,-0.059,58.2,1,11.6,0,6,0
CUST-14492,Aura Analytics,2026-01-30,Pro,Monthly,190.4,5,6,200,0.127,34.5,2,19.8,2,10,0
CUST-14493,Cyber Dynamics,2024-01-01,Pro,Annual,203.49,30,13,216,-0.031,39.3,5,31.5,1,5,0
CUST-14494,Sync Digital,2025-01-31,Pro,Annual,203.71,17,12,221,0.419,49.5,1,29.5,1,8,0
CUST-14495,Aura Flow,2025-08-31,Pro,Annual,204.82,10,16,421,0.297,71.1,6,5.3,0,6,0
CUST-14496,Hyper Solutions,2025-01-31,Basic,Monthly,48.82,17,4,32,0.064,66.2,2,13.5,0,10,0
CUST-14497,Nova Flow,2025-12-01,Basic,Monthly,52.75,7,4,59,-0.007,62.6,1,50.0,0,7,0
CUST-14498,Zentis Labs,2022-07-03,Basic,Monthly,43.15,48,1,26,-0.196,64.6,0,8.7,0,8,0
CUST-14499,Sync Systems,2026-04-01,Basic,Annual,59.29,3,1,20,0.031,58.3,2,41.0,0,10,0
CUST-14500,Zentis Labs,2022-07-03,Pro,Annual,191.94,48,15,0,-0.678,94.6,3,13.3,0,7,0
CUST-14501,Quantum Solutions,2024-12-01,Pro,Annual,159.85,19,19,246,0.382,53.9,4,5.1,1,10,0
CUST-14502,Strata Software,2024-06-01,Basic,Monthly,50.38,25,2,35,0.002,83.8,4,13.7,0,6,0
CUST-14503,Quantum Solutions,2025-08-31,Basic,Monthly,42.74,10,6,37,-0.084,46.0,3,12.2,3,5,1
CUST-14504,Cloud Labs,2022-07-03,Basic,Monthly,53.89,48,2,39,0.318,16.7,1,9.1,0,9,0
CUST-14505,Sync Solutions,2025-08-31,Basic,Monthly,65.24,10,4,116,-0.105,50.6,3,6.0,0,7,0
CUST-14506,Cyber Digital,2024-08-01,Pro,Monthly,175.52,23,18,320,0.273,80.3,2,62.5,0,9,0
CUST-14507,Titan Labs,2022-07-03,Basic,Monthly,51.44,48,2,67,-0.425,49.4,4,15.0,0,4,0
CUST-14508,Omni Networks,2022-07-03,Pro,Annual,146.6,48,14,194,-0.374,60.9,1,5.5,1,5,1
CUST-14509,Nova Digital,2024-10-31,Enterprise,Annual,1067.02,20,65,1257,0.344,47.6,1,6.1,0,8,0
CUST-14510,Vertex Global,2022-07-03,Basic,Monthly,42.49,48,2,59,0.376,62.3,2,53.4,0,4,0
CUST-14511,Data Stack,2023-12-02,Basic,Monthly,44.41,31,5,127,-0.529,86.7,4,25.2,0,8,0
CUST-14512,Cloud Stack,2025-12-01,Basic,Annual,40.91,7,7,146,-0.013,63.3,5,44.9,1,9,0
CUST-14513,Hyper Analytics,2025-05-02,Pro,Annual,220.85,14,10,162,0.344,51.9,3,18.3,1,7,0
CUST-14514,Cloud Global,2025-08-01,Pro,Annual,229.07,11,14,489,-0.088,75.5,4,2.5,0,9,0
CUST-14515,Vanguard Dynamics,2025-07-02,Basic,Monthly,49.17,12,1,30,0.113,16.3,5,9.9,1,7,0
CUST-14516,Vanguard Dynamics,2023-06-03,Pro,Annual,173.2,37,17,351,0.293,100.0,4,41.1,0,3,0
CUST-14517,Omni Networks,2024-08-01,Enterprise,Multi-Year,1237.19,23,58,1202,0.105,54.2,2,2.5,0,6,0
CUST-14518,Titan Tech,2026-05-02,Basic,Monthly,43.48,2,1,34,-0.114,16.9,0,14.9,3,5,0
CUST-14519,Flux Analytics,2022-07-03,Basic,Annual,33.11,48,6,178,-0.264,62.2,0,49.3,0,9,0
CUST-14520,Titan Dynamics,2025-08-31,Enterprise,Annual,1067.69,10,25,531,-0.135,90.7,3,73.0,0,10,0
CUST-14521,Quantum Labs,2022-07-03,Pro,Monthly,166.02,48,11,275,-0.028,41.3,1,24.4,2,4,0
CUST-14522,Quantum Global,2022-07-03,Enterprise,Annual,1147.14,48,52,2146,0.5,62.1,7,24.3,0,10,0
CUST-14523,Omni Solutions,2022-07-03,Pro,Annual,187.62,48,15,442,0.032,64.5,3,1.0,0,8,0
CUST-14524,Aura AI,2023-01-02,Pro,Annual,217.02,42,19,488,-0.16,66.4,4,7.8,0,5,0
CUST-14525,Vanguard Software,2025-10-31,Basic,Monthly,59.3,8,4,138,-0.785,57.0,5,13.8,0,10,1
CUST-14526,Cloud Tech,2024-10-31,Pro,Monthly,162.92,20,18,416,0.32,51.0,2,41.9,0,6,0
CUST-14527,Data Systems,2025-10-31,Enterprise,Annual,914.19,8,38,664,-0.281,71.7,1,17.4,0,5,0
CUST-14528,Nova HQ,2025-10-01,Pro,Monthly,196.74,9,3,71,-0.058,72.4,3,3.3,0,7,0
CUST-14529,Data Stack,2024-06-01,Basic,Monthly,60.3,25,4,64,-0.629,99.0,1,1.1,3,7,1
CUST-14530,Flux Analytics,2026-04-01,Basic,Monthly,44.16,3,3,96,-0.503,51.2,3,26.6,1,7,0
CUST-14531,Nova Dynamics,2022-07-03,Basic,Annual,44.63,48,2,39,0.146,48.1,4,59.7,2,7,1
CUST-14532,Flux Flow,2022-07-03,Basic,Monthly,52.51,48,2,39,-0.221,43.5,2,28.6,0,7,0
CUST-14533,Flux Flow,2025-06-01,Basic,Monthly,44.76,13,4,100,0.08,92.9,4,16.5,3,2,0
CUST-14534,Hyper AI,2024-12-01,Pro,Annual,203.55,19,12,250,-0.097,62.1,2,18.1,0,10,0
CUST-14535,Strata Software,2025-01-31,Pro,Monthly,152.69,17,10,258,-0.38,53.9,3,1.3,0,5,0
CUST-14536,Vertex Tech,2022-07-03,Basic,Monthly,65.28,48,1,18,0.148,69.2,1,10.8,0,7,0
CUST-14537,Quantum Software,2024-01-01,Pro,Monthly,158.77,30,8,331,0.095,59.3,3,16.6,0,7,0
CUST-14538,Apex Cloud,2025-10-01,Basic,Monthly,46.64,9,5,106,0.345,76.9,2,19.9,1,5,0
CUST-14539,Titan Networks,2025-03-02,Basic,Annual,48.76,16,4,79,-0.093,52.0,4,6.4,0,7,0
CUST-14540,Titan Systems,2025-04-01,Basic,Monthly,63.06,15,1,29,-0.294,35.2,2,22.4,1,4,1
CUST-14541,Strata Software,2022-07-03,Pro,Monthly,159.45,48,14,435,-0.094,69.9,0,4.1,2,7,0
CUST-14542,Orion Global,2025-12-31,Basic,Monthly,63.58,6,4,67,-0.168,27.4,3,6.4,0,8,0
CUST-14543,Vanguard Systems,2026-03-02,Basic,Monthly,54.57,4,2,55,-0.084,76.5,3,1.5,0,5,0
CUST-14544,Omni Labs,2022-07-03,Basic,Monthly,52.07,48,3,98,-0.633,14.9,2,16.7,1,5,1
CUST-14545,Hyper HQ,2022-07-03,Pro,Annual,169.61,48,12,362,-0.408,81.7,1,15.6,0,2,0
CUST-14546,Quantum Dynamics,2022-07-03,Basic,Annual,53.2,48,2,51,0.001,68.2,1,23.9,0,7,0
CUST-14547,Quantum Flow,2024-12-01,Pro,Monthly,177.4,19,8,26,-0.637,74.1,5,75.8,1,4,1
CUST-14548,Pulse Networks,2024-03-02,Pro,Monthly,236.81,28,11,271,-0.285,80.1,1,22.5,0,6,0
CUST-14549,Quantum HQ,2024-09-01,Pro,Monthly,170.01,22,14,355,0.268,41.3,2,13.8,0,8,0
CUST-14550,Quantum Tech,2026-04-01,Enterprise,Annual,982.04,3,62,1456,-0.162,53.2,3,1.5,0,5,0
CUST-14551,Cyber Flow,2024-07-02,Basic,Monthly,44.92,24,1,24,-0.241,48.7,6,1.8,1,7,0
CUST-14552,Hyper Tech,2026-05-02,Basic,Monthly,41.74,2,3,58,0.033,59.9,3,23.7,0,5,0
CUST-14553,Apex Stack,2025-08-01,Enterprise,Multi-Year,1110.09,11,34,727,0.5,58.0,2,76.6,0,10,0
CUST-14554,Aura Stack,2022-07-03,Basic,Monthly,52.94,48,4,63,-0.182,74.9,2,36.5,0,9,0
CUST-14555,Cyber Labs,2025-08-31,Pro,Monthly,235.09,10,12,545,-0.065,10.3,2,16.4,0,3,1
CUST-14556,Data Tech,2022-07-03,Pro,Monthly,145.87,48,12,303,-0.007,88.7,4,10.2,2,8,0
CUST-14557,Nexus Stack,2025-10-01,Pro,Monthly,230.77,9,12,283,-0.48,61.0,2,6.3,0,6,0
CUST-14558,Nova Analytics,2025-08-01,Enterprise,Annual,1374.44,11,32,1004,-0.564,36.0,0,18.9,0,9,0
CUST-14559,Nexus Cloud,2024-05-02,Enterprise,Annual,931.32,26,28,853,-0.351,83.5,4,1.1,0,6,1
CUST-14560,Hyper Software,2023-06-03,Pro,Monthly,255.57,37,10,311,0.5,62.5,4,20.6,0,5,0
CUST-14561,Sync Labs,2024-12-01,Basic,Monthly,47.07,19,1,29,0.307,21.2,3,4.2,0,6,0
CUST-14562,Vertex Networks,2022-07-03,Enterprise,Multi-Year,793.34,48,48,1279,0.423,6.6,2,3.9,0,6,0
CUST-14563,Apex Stack,2026-04-01,Basic,Monthly,46.75,3,5,103,-0.049,83.9,0,29.3,0,4,0
CUST-14564,Hyper Stack,2022-07-03,Basic,Monthly,56.7,48,3,81,-0.091,60.6,4,44.2,3,3,1
CUST-14565,Hyper Software,2025-12-01,Enterprise,Annual,873.4,7,42,1527,0.345,81.5,3,31.8,0,2,0
CUST-14566,Orion HQ,2022-07-03,Basic,Monthly,44.59,48,1,15,0.342,93.5,1,22.3,1,8,0
CUST-14567,Zentis Software,2025-05-02,Basic,Annual,53.36,14,1,33,-0.136,29.4,3,17.7,0,4,0
CUST-14568,Data Systems,2022-10-02,Basic,Monthly,49.02,45,1,27,0.029,73.9,2,16.8,0,10,0
CUST-14569,Titan Labs,2024-02-01,Enterprise,Annual,1086.61,29,47,1195,0.154,64.2,3,39.6,0,7,0
CUST-14570,Vertex Systems,2025-12-31,Pro,Annual,206.1,6,12,235,0.324,86.0,6,22.5,0,7,0
CUST-14571,Sync Analytics,2022-07-03,Pro,Annual,213.32,48,14,249,0.19,70.4,3,8.0,0,10,0
CUST-14572,Titan Solutions,2025-10-31,Basic,Monthly,45.82,8,1,19,0.328,38.7,2,1.0,0,4,0
CUST-14573,Cloud Dynamics,2025-10-31,Pro,Monthly,205.92,8,2,36,-0.209,15.6,4,12.3,1,10,0
CUST-14574,Nova Stack,2022-12-02,Pro,Annual,171.32,43,11,297,-0.204,42.9,2,7.4,1,8,0
CUST-14575,Orion HQ,2026-03-02,Basic,Annual,58.47,4,2,48,-0.415,71.6,0,2.5,0,8,0
CUST-14576,Nova Analytics,2025-10-31,Basic,Monthly,44.34,8,3,116,-0.277,54.7,2,42.7,0,3,0
CUST-14577,Vertex Tech,2024-12-01,Basic,Monthly,57.3,19,3,65,-0.28,42.5,4,105.2,0,7,1
CUST-14578,Zentis Stack,2022-10-02,Enterprise,Annual,963.99,45,38,1211,0.124,62.8,1,18.2,0,6,0
CUST-14579,Apex Global,2026-01-30,Pro,Monthly,205.03,5,11,229,-0.164,65.4,3,119.5,0,2,0
CUST-14580,Data Flow,2024-10-01,Enterprise,Annual,924.83,21,45,1225,-0.118,81.7,3,1.2,0,6,0
CUST-14581,Data Networks,2023-11-02,Basic,Monthly,41.53,32,4,85,-0.239,71.4,2,7.7,0,4,0
CUST-14582,Cloud Software,2022-07-03,Pro,Monthly,146.92,48,15,380,-0.134,79.5,3,19.0,0,1,1
CUST-14583,Flux Labs,2022-07-03,Pro,Monthly,167.5,48,6,150,0.096,45.5,1,8.6,0,8,0
CUST-14584,Hyper Software,2023-04-03,Pro,Annual,189.33,39,9,297,0.055,66.0,1,48.3,0,5,0
CUST-14585,Data Software,2024-04-02,Enterprise,Annual,1030.75,27,32,903,-0.239,36.5,2,19.9,0,7,0
CUST-14586,Nova Dynamics,2025-04-01,Basic,Monthly,56.43,15,4,73,-0.437,72.6,2,39.3,2,6,0
CUST-14587,Aura Solutions,2026-03-02,Basic,Monthly,45.72,4,2,57,-0.033,87.8,6,17.8,0,7,0
CUST-14588,Zentis Systems,2023-11-02,Pro,Annual,172.67,32,5,121,-0.337,93.7,2,17.1,0,4,0
CUST-14589,Strata Digital,2022-07-03,Pro,Annual,155.93,48,13,270,-0.178,55.9,4,25.2,0,5,0
CUST-14590,Hyper Systems,2023-09-02,Pro,Annual,213.33,34,15,350,0.098,95.1,3,10.9,2,5,0
CUST-14591,Titan AI,2026-05-02,Basic,Monthly,59.17,2,4,111,-0.214,98.6,5,42.5,0,10,0
CUST-14592,Cyber HQ,2024-12-31,Pro,Annual,236.8,18,10,278,0.069,64.1,4,6.6,0,8,0
CUST-14593,Nova HQ,2024-06-01,Basic,Monthly,54.22,25,1,25,-0.034,97.9,3,17.3,0,5,0
CUST-14594,Cyber Tech,2024-01-01,Basic,Monthly,53.69,30,1,24,-0.265,55.5,4,38.3,0,5,0
CUST-14595,Vanguard Tech,2023-10-02,Pro,Annual,249.67,33,8,115,0.24,55.1,2,11.8,0,7,0
CUST-14596,Strata Tech,2024-09-01,Pro,Annual,208.91,22,15,328,-0.109,66.3,1,5.3,0,10,0
CUST-14597,Nova Systems,2025-10-31,Basic,Monthly,53.75,8,3,83,0.43,99.4,2,4.4,0,6,0
CUST-14598,Aura Stack,2022-07-03,Basic,Annual,46.64,48,2,35,0.271,26.1,2,1.0,0,9,0
CUST-14599,Titan Flow,2023-12-02,Basic,Annual,38.99,31,4,123,-0.156,46.1,3,15.1,0,8,0
CUST-14600,Omni Global,2025-10-31,Basic,Monthly,43.97,8,1,19,-0.041,47.4,5,3.3,0,6,0
CUST-14601,Nexus Tech,2025-08-01,Pro,Monthly,198.73,11,8,165,0.389,87.1,2,10.0,0,6,0
CUST-14602,Vanguard Cloud,2022-07-03,Enterprise,Annual,1008.11,48,26,951,0.051,91.8,1,6.9,0,5,0
CUST-14603,Hyper AI,2022-07-03,Basic,Annual,63.16,48,4,125,-0.004,23.5,5,28.6,0,7,0
CUST-14604,Omni Cloud,2025-05-02,Pro,Monthly,201.43,14,7,182,-0.701,29.5,1,6.7,0,5,0
CUST-14605,Orion Flow,2026-05-02,Enterprise,Multi-Year,1175.65,2,35,1032,-0.134,38.7,2,31.2,0,4,0
CUST-14606,Omni Digital,2026-04-01,Pro,Monthly,186.01,3,15,166,-0.111,30.9,1,34.9,0,5,1
CUST-14607,Strata HQ,2025-08-31,Basic,Monthly,46.71,10,1,9,0.236,53.7,3,6.1,1,6,0
CUST-14608,Flux AI,2024-05-02,Enterprise,Annual,799.85,26,30,761,-0.602,70.6,1,55.0,0,9,0
CUST-14609,Omni Dynamics,2024-08-01,Basic,Monthly,43.54,23,4,99,-0.103,45.1,5,16.6,0,5,0
CUST-14610,Cyber HQ,2024-05-02,Basic,Annual,52.87,26,4,112,0.052,82.2,4,13.8,0,3,0
CUST-14611,Vertex Software,2023-11-02,Basic,Monthly,49.06,32,2,58,-0.281,100.0,3,23.7,0,0,0
CUST-14612,Aura Digital,2026-05-02,Basic,Monthly,55.93,2,6,127,0.298,58.5,2,2.2,0,4,0
CUST-14613,Titan Systems,2026-03-02,Basic,Monthly,50.33,4,1,16,0.112,58.3,3,13.7,0,5,0
CUST-14614,Apex Digital,2025-07-02,Basic,Monthly,46.41,12,2,40,-0.173,57.6,3,17.6,1,7,0
CUST-14615,Aura Digital,2025-12-31,Basic,Monthly,64.79,6,4,127,-0.421,54.6,5,21.2,0,2,0
CUST-14616,Hyper AI,2026-04-01,Pro,Monthly,196.2,3,15,538,-0.125,70.4,2,13.7,0,10,0
CUST-14617,Strata Global,2024-04-02,Enterprise,Multi-Year,1173.28,27,51,961,-0.356,66.7,4,17.7,1,4,0
CUST-14618,Vertex Tech,2022-12-02,Basic,Monthly,46.05,43,4,105,-0.647,24.4,0,1.0,0,10,0
CUST-14619,Quantum AI,2023-07-03,Enterprise,Annual,1105.33,36,39,1104,-0.189,66.2,1,21.6,2,8,0
CUST-14620,Aero Flow,2022-12-02,Enterprise,Annual,1138.06,43,62,1621,0.441,75.3,6,29.9,0,5,0
CUST-14621,Zentis Tech,2024-03-02,Pro,Monthly,205.22,28,13,293,0.332,29.7,1,4.1,0,3,0
CUST-14622,Cloud Tech,2023-09-02,Basic,Monthly,31.69,34,3,40,-0.042,86.2,6,34.3,0,7,0
CUST-14623,Titan HQ,2025-10-01,Pro,Annual,199.54,9,14,352,-0.008,71.5,3,50.6,0,5,0
CUST-14624,Vanguard HQ,2022-07-03,Enterprise,Annual,1183.38,48,38,730,-0.314,32.3,5,15.4,0,1,0
CUST-14625,Orion Dynamics,2025-12-31,Pro,Annual,214.75,6,12,210,-0.317,65.9,8,34.1,0,5,0
CUST-14626,Aero Tech,2025-12-01,Basic,Monthly,52.28,7,1,19,-0.454,74.5,4,1.3,3,2,0
CUST-14627,Pulse Dynamics,2025-08-31,Pro,Annual,147.59,10,8,105,-0.46,85.0,5,17.6,0,6,0
CUST-14628,Cyber Flow,2022-07-03,Pro,Annual,177.49,48,16,238,0.152,64.9,3,3.2,0,8,0
CUST-14629,Aura Networks,2022-07-03,Pro,Monthly,211.28,48,16,506,0.365,45.7,3,7.3,0,3,0
CUST-14630,Zentis Analytics,2023-03-03,Basic,Monthly,52.02,40,1,24,-0.031,74.8,3,15.1,0,4,0
CUST-14631,Sync Stack,2024-05-02,Basic,Monthly,57.93,26,2,65,0.093,66.8,1,3.0,1,6,0
CUST-14632,Aero Solutions,2024-12-01,Pro,Monthly,194.68,19,16,501,-0.344,27.5,2,85.0,0,7,1
CUST-14633,Aura Digital,2022-07-03,Enterprise,Multi-Year,1059.81,48,37,636,0.119,83.8,2,8.0,0,6,0
CUST-14634,Orion AI,2023-12-02,Basic,Monthly,49.12,31,3,72,0.045,38.9,2,13.2,0,10,0
CUST-14635,Aura Global,2022-07-03,Enterprise,Annual,851.11,48,53,834,0.019,69.3,4,28.9,0,4,0
CUST-14636,Sync Systems,2025-08-01,Basic,Monthly,32.42,11,1,31,-0.235,72.2,3,4.8,0,1,0
CUST-14637,Strata Tech,2025-08-01,Pro,Monthly,211.87,11,16,574,-0.249,53.6,3,6.3,1,8,0
CUST-14638,Hyper Networks,2022-07-03,Pro,Annual,204.19,48,11,361,-0.334,58.4,3,19.5,0,9,0
CUST-14639,Aura Cloud,2026-01-30,Pro,Annual,180.55,5,15,228,-0.123,34.9,3,10.3,1,6,0
CUST-14640,Pulse Digital,2022-07-03,Enterprise,Annual,756.37,48,57,699,0.046,50.4,5,30.1,2,6,0
CUST-14641,Quantum Labs,2024-12-01,Basic,Monthly,53.63,19,4,97,-0.005,62.6,4,19.3,0,6,0
CUST-14642,Hyper Flow,2022-07-03,Enterprise,Annual,959.15,48,51,1809,-0.202,58.5,5,5.8,0,6,0
CUST-14643,Nexus Dynamics,2025-07-02,Basic,Monthly,53.09,12,1,15,-0.09,30.6,4,9.1,0,5,0
CUST-14644,Vertex Cloud,2023-11-02,Pro,Annual,254.64,32,9,282,-0.028,19.1,1,16.7,0,4,0
CUST-14645,Apex Systems,2024-12-31,Pro,Monthly,135.08,18,11,213,-0.049,91.7,2,1.0,0,9,0
CUST-14646,Aero Analytics,2024-05-02,Pro,Monthly,178.12,26,14,472,0.025,43.5,3,5.8,0,5,0
CUST-14647,Vanguard Systems,2024-12-01,Basic,Monthly,47.46,19,2,51,-0.003,67.5,2,40.9,1,1,0
CUST-14648,Omni Analytics,2022-07-03,Enterprise,Multi-Year,1217.01,48,40,1015,-0.26,86.7,3,38.1,0,7,0
CUST-14649,Orion Tech,2024-01-01,Basic,Monthly,36.97,30,4,143,0.004,73.0,2,14.8,0,10,0
CUST-14650,Vertex Digital,2025-10-01,Basic,Annual,63.23,9,2,60,-0.22,25.7,3,68.6,0,4,1
CUST-14651,Nova Stack,2022-07-03,Pro,Annual,203.06,48,14,347,-0.053,12.1,7,23.4,0,9,0
CUST-14652,Aura Stack,2025-08-31,Basic,Monthly,48.29,10,3,74,-0.427,21.0,0,16.5,0,9,0
CUST-14653,Strata HQ,2025-06-01,Pro,Annual,193.09,13,14,376,0.406,100.0,4,3.1,0,8,0
CUST-14654,Omni Digital,2026-03-02,Basic,Monthly,45.79,4,1,23,-0.388,56.9,3,9.1,0,5,0
CUST-14655,Aura Cloud,2022-07-03,Basic,Annual,56.7,48,2,26,0.185,72.4,3,2.0,0,2,0
CUST-14656,Nova Networks,2025-08-31,Pro,Monthly,167.1,10,20,552,-0.004,59.0,5,1.0,0,5,0
CUST-14657,Flux Solutions,2025-10-01,Pro,Monthly,209.31,9,10,278,0.181,60.0,2,8.2,3,7,0
CUST-14658,Flux Global,2022-07-03,Basic,Monthly,46.18,48,4,118,0.208,26.9,4,1.2,0,10,0
CUST-14659,Apex Stack,2023-01-02,Pro,Annual,176.25,42,18,191,-0.066,35.1,3,38.7,0,6,0
CUST-14660,Nexus AI,2026-01-30,Pro,Annual,276.19,5,9,227,-0.17,99.1,3,70.7,0,10,0
CUST-14661,Hyper AI,2023-06-03,Pro,Annual,211.51,37,14,371,0.113,72.7,3,3.0,1,8,0
CUST-14662,Strata Solutions,2022-07-03,Basic,Monthly,53.51,48,1,28,0.062,27.0,0,24.3,0,2,1
CUST-14663,Aero Cloud,2026-03-02,Pro,Monthly,232.96,4,8,203,-0.337,50.8,2,19.3,0,6,0
CUST-14664,Strata Labs,2022-11-02,Pro,Annual,156.57,44,15,281,-0.715,46.8,3,17.1,0,10,0
CUST-14665,Nexus Systems,2024-10-01,Pro,Monthly,251.31,21,15,407,-0.044,16.7,5,46.4,1,1,0
CUST-14666,Flux Digital,2024-02-01,Basic,Monthly,30.56,29,2,30,-0.371,44.5,3,7.5,2,3,1
CUST-14667,Omni Software,2024-12-31,Pro,Annual,176.05,18,14,203,-0.178,37.4,1,45.9,0,5,1
CUST-14668,Cloud Cloud,2023-12-02,Pro,Annual,185.3,31,11,260,0.21,37.2,2,3.2,1,6,0
CUST-14669,Cyber Systems,2026-05-02,Pro,Monthly,216.36,2,16,374,-0.082,93.6,2,12.8,0,9,0
CUST-14670,Omni Flow,2023-06-03,Basic,Annual,50.61,37,1,29,-0.131,35.8,2,12.7,2,5,1
CUST-14671,Aero Cloud,2026-05-02,Enterprise,Annual,974.0,2,54,1882,-0.534,45.0,2,32.5,1,8,1
CUST-14672,Hyper Analytics,2025-03-02,Pro,Annual,198.64,16,9,251,-0.22,81.8,3,1.0,2,3,0
CUST-14673,Aura Digital,2025-12-31,Basic,Monthly,41.81,6,3,83,-0.328,57.4,2,14.8,0,4,1
CUST-14674,Flux Digital,2022-11-02,Basic,Monthly,38.0,44,2,40,-0.389,58.1,4,12.2,1,5,1
CUST-14675,Flux Analytics,2025-08-01,Enterprise,Multi-Year,1107.87,11,48,1217,0.296,36.2,0,8.9,0,8,0
CUST-14676,Aura Cloud,2025-03-02,Basic,Monthly,54.1,16,1,22,-0.195,39.3,2,1.6,0,5,1
CUST-14677,Flux Dynamics,2025-04-01,Enterprise,Multi-Year,1236.44,15,46,456,0.197,84.4,1,64.7,0,8,0
CUST-14678,Cloud Global,2023-05-03,Pro,Monthly,175.42,38,12,369,0.412,57.3,1,2.1,1,3,0
CUST-14679,Nexus AI,2024-12-31,Pro,Monthly,219.68,18,12,132,0.255,88.2,1,26.1,0,4,0
CUST-14680,Sync Cloud,2023-03-03,Basic,Monthly,46.91,40,1,16,-0.379,67.8,8,30.2,0,7,1
CUST-14681,Zentis AI,2026-04-01,Basic,Monthly,57.75,3,2,31,-0.387,47.1,4,1.0,0,10,0
CUST-14682,Orion Digital,2025-12-01,Enterprise,Multi-Year,1152.14,7,49,1085,-0.501,34.5,5,68.3,0,8,0
CUST-14683,Titan Stack,2024-10-01,Basic,Monthly,50.55,21,2,64,0.295,67.4,2,9.8,0,4,1
CUST-14684,Omni Solutions,2022-07-03,Pro,Monthly,188.87,48,14,467,-0.314,77.8,2,39.1,0,7,0
CUST-14685,Nexus Labs,2026-04-01,Basic,Monthly,56.06,3,3,46,-0.582,79.1,1,1.0,0,4,1
CUST-14686,Zentis Labs,2026-04-01,Basic,Monthly,53.75,3,1,19,-0.563,69.0,1,33.1,1,7,1
CUST-14687,Quantum Dynamics,2025-12-31,Basic,Monthly,43.97,6,4,133,0.208,58.5,2,17.1,0,6,0
CUST-14688,Titan Solutions,2024-04-02,Pro,Monthly,159.37,27,14,363,0.069,64.4,4,51.5,0,8,0
CUST-14689,Zentis Labs,2025-05-02,Enterprise,Annual,955.76,14,33,350,0.012,51.3,1,56.4,0,8,0
CUST-14690,Vanguard AI,2022-11-02,Basic,Monthly,60.14,44,3,37,-0.077,60.0,4,10.1,0,10,0
CUST-14691,Hyper AI,2026-04-01,Basic,Annual,57.43,3,3,66,-0.4,87.8,4,24.4,1,8,0
CUST-14692,Titan Solutions,2025-12-01,Basic,Monthly,40.82,7,3,110,0.078,86.2,5,8.8,0,4,0
CUST-14693,Cyber Solutions,2025-08-31,Pro,Annual,164.14,10,13,192,0.237,48.7,4,1.3,0,8,0
CUST-14694,Nexus Digital,2024-05-02,Basic,Annual,58.37,26,1,20,0.001,70.7,3,64.8,0,7,0
CUST-14695,Pulse HQ,2024-01-01,Enterprise,Multi-Year,828.82,30,45,637,-0.338,86.7,1,22.7,0,4,0
CUST-14696,Pulse Digital,2026-01-30,Pro,Annual,214.2,5,6,196,-0.457,53.8,2,10.1,0,7,0
CUST-14697,Omni Analytics,2022-07-03,Pro,Annual,180.61,48,11,231,0.102,18.9,4,7.5,0,0,1
CUST-14698,Vertex Software,2025-07-02,Basic,Monthly,60.89,12,3,51,-0.136,99.1,3,6.1,0,2,1
CUST-14699,Vertex Dynamics,2023-11-02,Enterprise,Annual,883.55,32,47,1273,-0.345,43.6,4,14.1,0,6,0
CUST-14700,Omni Tech,2024-10-31,Basic,Monthly,57.4,20,2,68,0.044,77.5,7,4.2,1,7,0
CUST-14701,Vanguard Systems,2025-10-31,Basic,Monthly,50.36,8,3,88,0.025,68.5,4,1.0,2,5,1
CUST-14702,Apex Global,2022-08-03,Pro,Annual,206.53,47,9,240,0.261,42.8,2,36.2,2,10,0
CUST-14703,Vanguard Labs,2022-12-02,Pro,Annual,140.19,43,17,733,-0.605,53.9,2,78.0,0,4,0
CUST-14704,Strata Digital,2025-05-02,Basic,Monthly,32.81,14,4,41,0.184,34.0,4,34.9,0,10,0
CUST-14705,Cyber Analytics,2024-08-01,Basic,Monthly,47.38,23,4,96,0.315,67.4,4,30.0,0,0,0
CUST-14706,Nova Software,2025-10-01,Pro,Monthly,206.37,9,15,437,0.5,82.1,5,77.7,1,7,0
CUST-14707,Cyber Networks,2024-01-01,Basic,Annual,40.73,30,3,72,-0.215,57.0,4,1.2,0,6,0
CUST-14708,Apex Flow,2025-08-01,Pro,Monthly,166.5,11,10,13,-0.097,74.1,1,14.3,0,5,1
CUST-14709,Aura Analytics,2022-08-03,Pro,Monthly,215.76,47,9,160,0.083,51.4,4,1.0,0,4,0
CUST-14710,Apex Solutions,2025-10-31,Basic,Annual,53.14,8,1,35,-0.579,65.1,3,63.5,0,6,1
CUST-14711,Aero Analytics,2026-05-02,Basic,Monthly,47.99,2,4,0,-0.094,25.4,3,23.8,0,9,0
CUST-14712,Aero Solutions,2025-10-01,Basic,Monthly,54.73,9,1,22,-0.081,60.6,1,20.1,0,4,0
CUST-14713,Zentis Tech,2025-12-01,Pro,Annual,163.95,7,12,176,-0.47,45.3,3,98.2,0,10,1
CUST-14714,Aura Tech,2024-12-01,Pro,Monthly,188.38,19,13,234,0.101,74.1,2,10.5,0,5,0
CUST-14715,Data Solutions,2025-12-01,Basic,Annual,61.11,7,2,39,-0.03,30.2,2,19.0,0,8,0
CUST-14716,Aura Global,2023-06-03,Pro,Annual,201.04,37,5,96,-0.534,74.2,7,34.4,0,6,1
CUST-14717,Vanguard Systems,2025-10-31,Enterprise,Annual,1017.93,8,53,972,-0.52,67.9,3,1.0,0,2,0
CUST-14718,Orion Networks,2023-11-02,Basic,Monthly,65.95,32,3,80,-0.315,5.0,2,52.2,1,6,1
CUST-14719,Titan AI,2024-08-01,Enterprise,Multi-Year,789.31,23,42,433,0.175,62.8,6,22.8,0,3,0
CUST-14720,Data Cloud,2022-07-03,Basic,Monthly,54.85,48,1,13,-0.156,46.9,0,16.0,0,6,0
CUST-14721,Vertex Dynamics,2022-07-03,Basic,Annual,61.23,48,2,49,0.357,52.6,2,14.0,0,9,0
CUST-14722,Flux HQ,2022-07-03,Basic,Monthly,46.61,48,4,101,0.033,33.5,5,2.5,0,6,0
CUST-14723,Omni Networks,2023-07-03,Basic,Monthly,55.32,36,4,110,-0.372,70.9,2,1.1,0,6,0
CUST-14724,Nexus Networks,2025-06-01,Basic,Annual,41.78,13,2,60,-0.009,100.0,3,5.5,0,6,0
CUST-14725,Zentis AI,2023-07-03,Basic,Monthly,43.95,36,3,73,-0.354,59.7,3,18.2,0,6,0
CUST-14726,Pulse Analytics,2022-07-03,Enterprise,Annual,1056.69,48,45,1049,-0.491,53.0,1,7.3,1,10,0
CUST-14727,Vertex Flow,2026-05-02,Pro,Annual,222.84,2,21,564,-0.44,31.7,1,4.2,0,7,1
CUST-14728,Zentis Tech,2024-10-31,Pro,Annual,232.46,20,21,600,0.378,81.2,3,23.0,0,5,0
CUST-14729,Zentis Solutions,2025-10-31,Basic,Monthly,60.54,8,3,63,0.294,6.8,1,10.7,0,7,0
CUST-14730,Sync Tech,2024-10-01,Basic,Monthly,48.5,21,1,39,-0.178,48.3,3,13.4,0,2,0
CUST-14731,Zentis Stack,2025-01-31,Basic,Monthly,57.77,17,4,115,-0.358,50.3,0,11.3,0,10,0
CUST-14732,Nova Cloud,2024-08-01,Pro,Annual,188.78,23,13,390,-0.337,74.3,4,5.2,0,8,0
CUST-14733,Cyber HQ,2024-10-01,Enterprise,Multi-Year,1134.18,21,58,1265,-0.04,58.5,3,37.0,2,10,0
CUST-14734,Titan Stack,2022-07-03,Basic,Monthly,50.53,48,2,21,0.105,97.2,2,100.7,0,5,0
CUST-14735,Vertex Digital,2024-10-01,Basic,Annual,52.28,21,4,111,0.13,88.9,5,1.6,0,4,0
CUST-14736,Omni Global,2022-08-03,Pro,Monthly,211.64,47,7,266,-0.092,29.9,3,28.4,0,1,0
CUST-14737,Omni AI,2025-08-01,Basic,Monthly,37.21,11,3,102,-0.355,51.7,1,8.2,0,4,0
CUST-14738,Flux Solutions,2025-03-02,Basic,Monthly,40.74,16,3,46,-0.416,56.7,1,2.0,0,7,0
CUST-14739,Data AI,2025-01-31,Pro,Monthly,202.06,17,12,245,0.107,65.1,4,11.9,0,3,0
CUST-14740,Aero Networks,2025-08-31,Pro,Monthly,148.63,10,17,693,-0.069,88.9,2,1.0,0,9,0
CUST-14741,Orion Global,2025-06-01,Basic,Monthly,55.11,13,6,217,-0.032,76.3,2,18.2,2,4,0
CUST-14742,Strata Digital,2024-07-02,Basic,Monthly,55.41,24,5,107,-0.199,68.1,0,3.0,0,7,0
CUST-14743,Flux Systems,2024-08-01,Enterprise,Annual,1048.03,23,57,1780,0.362,60.8,2,3.2,0,4,0
CUST-14744,Apex Digital,2024-05-02,Basic,Monthly,40.76,26,3,58,0.036,27.9,4,1.0,0,5,0
CUST-14745,Nova Dynamics,2025-07-02,Basic,Monthly,59.14,12,4,101,0.261,73.9,2,2.4,0,4,0
CUST-14746,Cloud Analytics,2025-08-01,Basic,Monthly,63.97,11,4,124,-0.488,85.8,4,1.0,0,7,0
CUST-14747,Aura HQ,2024-06-01,Basic,Monthly,50.08,25,2,57,-0.221,35.8,3,6.4,0,7,0
CUST-14748,Strata Networks,2026-01-30,Basic,Monthly,52.75,5,2,79,-0.061,62.8,2,19.7,1,10,0
CUST-14749,Flux Stack,2025-10-01,Pro,Annual,205.02,9,17,399,-0.018,60.5,2,38.1,0,10,0
CUST-14750,Orion Dynamics,2026-04-01,Basic,Annual,52.9,3,3,107,-0.005,56.6,4,1.0,0,6,0
CUST-14751,Cyber Software,2026-04-01,Basic,Annual,48.12,3,5,49,-0.574,74.6,0,23.7,0,3,0
CUST-14752,Zentis Flow,2025-10-31,Pro,Annual,197.97,8,13,378,-0.478,52.6,2,18.7,0,7,0
CUST-14753,Nexus Global,2026-05-02,Pro,Monthly,226.04,2,15,501,0.088,66.8,3,22.0,0,6,0
CUST-14754,Data Solutions,2025-10-31,Enterprise,Annual,1350.49,8,67,1788,-0.056,58.2,2,5.5,0,7,0
CUST-14755,Strata Systems,2024-03-02,Enterprise,Annual,789.2,28,49,418,-0.772,50.0,5,7.7,2,9,0
CUST-14756,Pulse Systems,2026-04-01,Basic,Monthly,48.24,3,1,24,-0.068,100.0,0,28.6,0,7,0
CUST-14757,Omni Dynamics,2025-03-02,Pro,Monthly,163.76,16,16,644,-0.129,78.8,1,18.1,0,2,0
CUST-14758,Cyber AI,2022-07-03,Basic,Monthly,60.7,48,2,73,0.094,28.5,2,36.8,0,3,0
CUST-14759,Vanguard Dynamics,2023-03-03,Enterprise,Annual,910.93,40,38,634,0.252,43.3,0,2.4,0,5,0
CUST-14760,Vertex Digital,2025-08-31,Basic,Monthly,38.39,10,4,150,0.375,70.4,2,19.5,2,7,0
CUST-14761,Data Dynamics,2022-07-03,Enterprise,Multi-Year,1094.63,48,61,1996,-0.066,46.0,3,50.9,0,6,0
CUST-14762,Cyber Networks,2025-08-01,Pro,Annual,251.07,11,11,166,0.295,59.7,3,17.6,1,9,0
CUST-14763,Omni Digital,2026-04-01,Basic,Annual,53.88,3,2,54,-0.165,81.8,5,18.4,0,5,0
CUST-14764,Cloud Networks,2022-07-03,Pro,Annual,205.11,48,9,170,0.133,48.1,1,55.7,1,5,0
CUST-14765,Orion HQ,2022-07-03,Enterprise,Multi-Year,1060.31,48,70,1999,0.412,62.9,1,9.3,1,4,0
CUST-14766,Aero HQ,2025-01-31,Enterprise,Annual,1211.01,17,57,2007,-0.306,35.8,5,61.2,0,4,1
CUST-14767,Hyper Systems,2024-03-02,Basic,Annual,42.57,28,3,60,0.212,58.1,1,27.5,0,5,0
CUST-14768,Data Labs,2024-02-01,Pro,Monthly,195.66,29,15,590,-0.17,37.7,1,4.4,0,5,0
CUST-14769,Pulse Stack,2025-12-01,Basic,Monthly,45.67,7,3,98,0.036,62.5,5,33.9,0,8,0
CUST-14770,Omni Cloud,2025-12-01,Basic,Monthly,40.42,7,3,87,-0.057,63.1,4,8.3,1,5,0
CUST-14771,Aura Global,2025-01-31,Basic,Monthly,46.59,17,4,74,0.042,39.1,0,20.9,0,6,0
CUST-14772,Cyber AI,2022-07-03,Basic,Annual,57.14,48,1,22,0.31,69.6,1,8.2,1,10,0
CUST-14773,Nexus HQ,2026-05-02,Pro,Annual,215.91,2,10,375,0.166,79.1,1,83.9,0,6,0
CUST-14774,Cloud Networks,2023-04-03,Basic,Monthly,53.74,39,4,112,-0.602,31.7,2,8.1,1,7,0
CUST-14775,Quantum Labs,2026-04-01,Pro,Monthly,203.37,3,9,281,-0.32,100.0,1,1.4,1,7,0
CUST-14776,Sync Stack,2025-01-31,Basic,Monthly,52.85,17,1,32,0.011,67.2,2,13.9,0,2,0
CUST-14777,Sync Digital,2024-05-02,Basic,Annual,43.12,26,4,102,-0.229,62.1,2,20.8,0,7,1
CUST-14778,Flux Systems,2024-01-01,Basic,Monthly,46.73,30,3,85,-0.272,82.9,1,33.1,0,4,0
CUST-14779,Nexus Flow,2026-04-01,Basic,Monthly,50.41,3,2,42,0.217,52.0,2,22.0,0,6,0
CUST-14780,Aura Stack,2025-04-01,Basic,Monthly,51.04,15,5,115,-0.452,22.0,2,13.7,2,9,1
CUST-14781,Apex Labs,2024-08-01,Basic,Monthly,51.35,23,1,37,-0.107,32.8,6,30.8,0,6,1
CUST-14782,Vertex Solutions,2026-04-01,Pro,Annual,194.87,3,11,204,0.09,79.9,2,5.3,3,7,0
CUST-14783,Orion Networks,2026-01-30,Basic,Monthly,46.23,5,1,34,0.344,56.4,1,7.3,0,10,0
CUST-14784,Vertex Software,2024-03-02,Basic,Monthly,72.21,28,2,34,0.225,55.5,2,70.4,2,5,0
CUST-14785,Cyber Software,2024-10-31,Basic,Monthly,55.66,20,4,30,0.238,44.5,3,36.4,0,6,0
CUST-14786,Titan Digital,2025-12-31,Enterprise,Annual,1060.91,6,57,2042,-0.066,44.1,0,1.5,0,8,0
CUST-14787,Vertex AI,2024-10-31,Enterprise,Annual,964.05,20,35,1226,-0.461,50.1,2,20.2,0,6,0
CUST-14788,Quantum HQ,2022-07-03,Basic,Monthly,45.68,48,3,36,-0.194,53.9,1,51.9,0,6,1
CUST-14789,Hyper Analytics,2026-05-02,Basic,Monthly,48.04,2,3,38,-0.377,29.8,4,74.5,0,5,1
CUST-14790,Nova Software,2024-04-02,Basic,Monthly,51.15,27,5,96,0.255,51.5,1,1.0,1,6,0
CUST-14791,Hyper Global,2026-04-01,Enterprise,Multi-Year,717.22,3,40,487,-0.1,52.8,3,12.1,0,9,0
CUST-14792,Zentis Stack,2026-05-02,Basic,Annual,37.46,2,3,94,0.117,82.4,3,26.6,1,5,0
CUST-14793,Nova Networks,2025-12-31,Basic,Annual,44.32,6,1,7,0.071,78.4,4,16.5,1,4,0
CUST-14794,Aura Software,2025-04-01,Basic,Annual,50.52,15,4,73,-0.376,32.0,5,14.0,0,7,0
CUST-14795,Vertex HQ,2023-02-01,Basic,Monthly,47.24,41,4,93,-0.038,58.5,3,14.1,0,7,0
CUST-14796,Orion Tech,2025-08-31,Basic,Monthly,59.86,10,3,52,-0.15,68.6,4,89.4,0,7,1
CUST-14797,Vanguard Solutions,2024-05-02,Pro,Monthly,154.75,26,9,187,0.246,72.9,2,17.9,1,4,0
CUST-14798,Zentis Flow,2025-05-02,Basic,Annual,43.48,14,3,59,0.158,32.7,1,24.0,0,5,0
CUST-14799,Aero Stack,2025-10-31,Pro,Annual,244.37,8,11,160,-0.103,84.2,4,22.6,0,2,0
CUST-14800,Pulse Software,2024-12-01,Basic,Monthly,49.96,19,1,33,0.333,51.5,2,1.0,1,6,0
CUST-14801,Cyber HQ,2023-02-01,Basic,Monthly,55.5,41,3,43,-0.625,22.0,2,28.3,1,3,1
CUST-14802,Quantum Tech,2022-10-02,Enterprise,Annual,1306.38,45,52,1735,-0.406,35.6,3,20.9,1,3,0
CUST-14803,Cloud HQ,2022-08-03,Basic,Monthly,43.9,47,5,126,0.461,14.6,0,9.7,0,7,0
CUST-14804,Sync Cloud,2025-07-02,Pro,Annual,196.04,12,23,742,-0.247,61.7,4,35.8,0,5,0
CUST-14805,Cyber Networks,2023-03-03,Pro,Monthly,190.87,40,15,377,-0.1,77.2,1,66.1,0,2,0
CUST-14806,Zentis Labs,2025-12-01,Basic,Annual,34.63,7,1,12,-0.407,59.9,4,40.4,1,6,1
CUST-14807,Aura Global,2023-09-02,Enterprise,Annual,952.49,34,6,147,-0.094,56.8,4,32.8,0,4,0
CUST-14808,Titan Flow,2022-07-03,Basic,Monthly,55.48,48,1,23,-0.215,68.9,0,58.4,0,6,1
CUST-14809,Hyper Solutions,2026-05-02,Enterprise,Multi-Year,1080.01,2,49,1769,0.078,45.1,3,17.3,0,5,0
CUST-14810,Flux AI,2025-03-02,Basic,Annual,53.55,16,5,144,-0.117,22.2,3,82.8,2,10,0
CUST-14811,Aura Digital,2024-04-02,Enterprise,Annual,942.73,27,51,1075,-0.011,62.6,0,4.4,0,5,0
CUST-14812,Pulse Networks,2023-12-02,Basic,Monthly,44.18,31,5,135,-0.117,30.6,0,6.8,0,5,1
CUST-14813,Quantum Solutions,2025-12-31,Pro,Monthly,236.89,6,9,186,-0.025,90.6,1,12.3,0,8,0
CUST-14814,Aura Flow,2022-07-03,Pro,Monthly,184.16,48,7,171,0.387,51.3,3,12.2,0,8,0
CUST-14815,Titan Dynamics,2024-06-01,Enterprise,Annual,1043.07,25,21,600,-0.266,82.6,2,15.5,0,6,0
CUST-14816,Omni Labs,2025-12-31,Enterprise,Multi-Year,1023.48,6,16,236,-0.105,5.0,1,6.5,0,8,1
CUST-14817,Orion Labs,2026-05-02,Pro,Monthly,242.63,2,14,328,-0.306,53.4,5,3.8,1,8,0
CUST-14818,Nexus Flow,2023-04-03,Enterprise,Annual,1144.57,39,70,934,-0.188,94.6,4,1.0,0,7,0
CUST-14819,Pulse Networks,2026-03-02,Basic,Monthly,39.48,4,3,73,-0.219,65.8,4,9.0,2,6,0
CUST-14820,Flux AI,2026-01-30,Basic,Annual,40.27,5,1,11,0.177,90.8,3,2.5,0,10,0
CUST-14821,Omni Digital,2024-09-01,Basic,Annual,53.25,22,2,66,-0.712,86.7,1,48.3,0,10,0
CUST-14822,Titan Software,2024-07-02,Basic,Monthly,48.53,24,4,113,-0.125,42.5,2,25.9,0,10,0
CUST-14823,Hyper Global,2024-01-01,Basic,Monthly,45.65,30,2,27,-0.301,69.9,3,3.3,1,8,0
CUST-14824,Pulse Dynamics,2025-05-02,Pro,Annual,229.32,14,3,95,-0.412,65.5,1,1.6,0,6,0
CUST-14825,Strata AI,2023-05-03,Basic,Monthly,50.38,38,2,39,-0.265,40.2,2,3.5,0,8,0
CUST-14826,Apex Software,2022-07-03,Pro,Monthly,200.57,48,13,276,-0.372,39.2,1,3.8,0,7,1
CUST-14827,Aero Software,2025-10-01,Basic,Annual,54.73,9,3,97,-0.338,41.6,4,19.2,0,8,0
CUST-14828,Sync Networks,2023-12-02,Basic,Annual,46.24,31,2,46,0.302,95.8,3,17.9,0,8,0
CUST-14829,Vertex Software,2022-07-03,Pro,Annual,245.82,48,12,253,0.5,43.1,2,7.6,0,8,0
CUST-14830,Pulse Networks,2024-01-01,Pro,Annual,175.48,30,17,720,-0.483,33.2,0,46.9,0,6,0
CUST-14831,Data Dynamics,2024-02-01,Pro,Monthly,218.61,29,14,302,0.173,80.5,2,53.6,0,10,0
CUST-14832,Cloud Software,2025-10-31,Pro,Annual,241.8,8,8,204,-0.062,62.4,4,23.0,0,4,0
CUST-14833,Strata Digital,2024-10-31,Basic,Monthly,38.88,20,1,31,-0.056,65.8,3,21.3,0,7,0
CUST-14834,Vanguard Software,2024-09-01,Pro,Monthly,188.75,22,10,202,0.318,77.4,2,24.1,0,4,0
CUST-14835,Cyber Stack,2023-12-02,Basic,Monthly,57.4,31,1,6,-0.583,55.2,5,6.5,0,9,0
CUST-14836,Nexus Networks,2022-07-03,Basic,Monthly,57.51,48,1,30,0.165,51.3,4,4.9,0,9,0
CUST-14837,Vertex Dynamics,2026-05-02,Basic,Monthly,47.74,2,3,55,0.172,92.5,1,19.6,0,7,0
CUST-14838,Aura Cloud,2026-04-01,Basic,Monthly,43.6,3,4,32,0.12,51.8,2,11.6,0,10,0
CUST-14839,Cyber Software,2026-04-01,Basic,Monthly,56.03,3,4,75,-0.111,18.7,2,68.4,3,5,0
CUST-14840,Vanguard Flow,2023-08-02,Enterprise,Annual,1176.35,35,58,2598,-0.149,55.0,2,3.5,3,8,0
CUST-14841,Cyber Software,2026-01-30,Enterprise,Annual,824.48,5,67,1265,-0.571,87.6,2,18.4,2,8,0
CUST-14842,Hyper Dynamics,2024-06-01,Basic,Monthly,40.15,25,6,108,0.172,46.9,4,9.2,0,6,0
CUST-14843,Cloud Flow,2025-08-01,Basic,Annual,50.66,11,2,16,0.044,55.1,2,7.5,2,7,0
CUST-14844,Sync Global,2025-03-02,Basic,Monthly,53.63,16,4,97,0.12,27.7,4,9.6,1,7,0
CUST-14845,Vertex Solutions,2025-12-01,Basic,Annual,46.8,7,1,39,-0.281,78.5,4,7.0,0,10,0
CUST-14846,Cyber Analytics,2022-07-03,Enterprise,Annual,1100.79,48,34,1036,-0.225,57.2,6,10.6,0,4,0
CUST-14847,Flux Flow,2024-08-01,Basic,Monthly,43.78,23,1,11,-0.127,54.4,4,32.9,0,6,1
CUST-14848,Vanguard Cloud,2022-07-03,Pro,Monthly,135.88,48,5,38,-0.164,84.8,0,23.9,0,5,0
CUST-14849,Apex Stack,2024-09-01,Basic,Monthly,45.88,22,1,39,0.324,10.0,1,13.5,0,7,0
CUST-14850,Nexus Digital,2026-01-30,Enterprise,Multi-Year,1008.48,5,47,1333,-0.564,94.8,1,1.4,0,8,0
CUST-14851,Cloud Digital,2025-12-31,Basic,Annual,46.97,6,3,84,0.004,29.3,2,1.0,0,7,1
CUST-14852,Strata Stack,2022-07-03,Pro,Annual,164.42,48,13,342,-0.603,55.5,2,48.1,0,1,1
CUST-14853,Quantum Labs,2023-10-02,Basic,Monthly,35.65,33,2,48,-0.545,64.5,3,4.0,0,4,0
CUST-14854,Aero HQ,2026-04-01,Pro,Annual,183.65,3,17,535,-0.065,54.5,4,6.3,0,6,0
CUST-14855,Omni Solutions,2023-12-02,Basic,Monthly,55.6,31,2,33,-0.715,66.5,4,17.1,1,7,1
CUST-14856,Zentis Tech,2025-04-01,Basic,Monthly,58.23,15,1,17,0.026,29.6,4,5.7,1,10,0
CUST-14857,Hyper Systems,2025-08-31,Enterprise,Annual,1176.98,10,53,911,-0.623,73.2,1,4.7,2,5,0
CUST-14858,Pulse Global,2025-12-31,Enterprise,Multi-Year,876.74,6,66,2028,-0.107,57.3,2,18.3,0,7,0
CUST-14859,Quantum Dynamics,2022-09-02,Enterprise,Multi-Year,826.12,46,28,771,-0.21,80.9,4,17.7,0,7,0
CUST-14860,Orion Digital,2026-04-01,Pro,Monthly,213.82,3,11,387,0.096,66.7,3,25.4,0,5,1
CUST-14861,Cyber Stack,2025-08-31,Pro,Monthly,217.96,10,12,289,0.09,59.7,3,52.1,3,6,1
CUST-14862,Vanguard Cloud,2025-08-31,Basic,Monthly,51.94,10,4,174,-0.558,78.2,0,19.1,0,9,0
CUST-14863,Aura Dynamics,2025-12-31,Basic,Monthly,34.2,6,1,25,-0.483,53.0,2,27.0,0,7,0
CUST-14864,Quantum Networks,2024-12-01,Basic,Monthly,42.63,19,2,34,0.5,88.6,2,6.9,0,9,0
CUST-14865,Cloud Digital,2026-05-02,Pro,Annual,198.11,2,14,165,-0.571,37.2,2,45.8,0,5,0
CUST-14866,Zentis Dynamics,2025-08-31,Basic,Monthly,52.58,10,4,84,0.289,73.0,4,5.3,0,7,0
CUST-14867,Vanguard Stack,2022-07-03,Basic,Monthly,54.64,48,4,139,0.066,63.2,2,6.2,1,7,0
CUST-14868,Omni HQ,2025-08-01,Pro,Annual,203.31,11,8,163,-0.321,40.1,2,10.9,1,6,0
CUST-14869,Vertex AI,2025-07-02,Pro,Monthly,208.87,12,10,322,-0.032,39.8,5,2.8,0,3,0
CUST-14870,Titan Systems,2025-01-31,Basic,Annual,49.62,17,4,60,-0.076,40.3,1,56.0,2,5,1
CUST-14871,Aero Software,2024-09-01,Basic,Monthly,54.04,22,4,103,-0.353,40.5,4,20.1,0,5,1
CUST-14872,Aero Dynamics,2023-01-02,Basic,Annual,51.3,42,6,85,-0.121,36.5,4,69.5,2,8,1
CUST-14873,Zentis HQ,2025-12-01,Basic,Monthly,49.48,7,2,68,0.073,42.2,3,13.5,0,6,0
CUST-14874,Apex Labs,2022-07-03,Basic,Monthly,47.03,48,3,88,-0.022,34.0,1,1.9,1,1,0
CUST-14875,Flux Digital,2023-07-03,Pro,Monthly,201.43,36,14,100,-0.034,39.2,5,40.9,0,6,0
CUST-14876,Orion Digital,2023-10-02,Pro,Annual,213.47,33,9,136,-0.012,57.5,5,1.1,0,5,0
CUST-14877,Pulse Software,2026-03-02,Pro,Annual,206.98,4,17,508,-0.29,79.4,2,19.6,0,8,0
CUST-14878,Vertex Cloud,2026-05-02,Basic,Monthly,51.8,2,4,100,0.004,54.0,2,16.5,0,10,0
CUST-14879,Data Networks,2024-07-02,Pro,Annual,239.08,24,20,626,-0.199,70.3,1,63.4,0,5,0
CUST-14880,Cloud Labs,2022-07-03,Basic,Monthly,50.95,48,1,30,0.039,43.6,2,48.4,1,8,1
CUST-14881,Aero Analytics,2024-08-01,Basic,Annual,44.23,23,2,58,-0.244,67.8,2,4.7,0,5,0
CUST-14882,Cyber Analytics,2025-12-01,Pro,Annual,225.38,7,14,329,-0.083,86.2,2,122.0,0,2,0
CUST-14883,Sync Systems,2026-03-02,Basic,Monthly,38.96,4,3,84,-0.343,29.2,2,12.9,0,4,0
CUST-14884,Vertex Solutions,2023-12-02,Basic,Annual,41.05,31,1,23,-0.015,36.4,4,5.3,0,8,0
CUST-14885,Cloud Analytics,2023-10-02,Enterprise,Annual,1049.33,33,54,1104,0.425,32.1,1,38.4,0,7,0
CUST-14886,Hyper Labs,2025-12-31,Basic,Monthly,52.8,6,3,78,-0.645,80.3,2,1.1,0,7,0
CUST-14887,Nova AI,2026-05-02,Pro,Monthly,161.84,2,15,546,-0.591,85.4,2,23.1,1,8,0
CUST-14888,Strata Dynamics,2025-05-02,Basic,Annual,46.19,14,1,25,0.252,30.0,3,1.6,1,6,0
CUST-14889,Aura Tech,2024-08-01,Pro,Monthly,180.91,23,16,202,0.148,61.2,4,28.3,0,4,0
CUST-14890,Pulse Flow,2023-12-02,Basic,Monthly,45.42,31,4,107,-0.499,58.0,6,40.6,1,0,1
CUST-14891,Data HQ,2023-01-02,Basic,Monthly,55.94,42,2,55,0.228,46.0,4,3.2,0,5,0
CUST-14892,Sync Networks,2024-06-01,Pro,Monthly,220.09,25,10,187,0.127,80.9,2,3.9,0,7,0
CUST-14893,Aura AI,2026-03-02,Basic,Monthly,48.86,4,2,46,-0.492,78.8,2,42.1,0,10,1
CUST-14894,Quantum AI,2024-01-01,Basic,Monthly,44.99,30,3,57,-0.242,36.1,1,66.3,0,7,0
CUST-14895,Data Analytics,2022-07-03,Basic,Monthly,39.08,48,1,7,-0.257,100.0,3,15.9,2,5,0
CUST-14896,Data Dynamics,2022-07-03,Basic,Annual,59.44,48,3,103,-0.032,96.4,3,3.0,0,4,1
CUST-14897,Omni Flow,2022-07-03,Basic,Annual,53.35,48,2,46,0.193,88.0,6,21.6,0,6,0
CUST-14898,Data AI,2025-08-31,Basic,Annual,43.81,10,1,19,0.071,61.4,2,13.7,2,6,0
CUST-14899,Cloud AI,2023-07-03,Enterprise,Annual,1106.83,36,56,2116,-0.015,75.0,2,4.5,0,6,0
CUST-14900,Quantum Labs,2022-07-03,Basic,Monthly,48.48,48,5,182,-0.09,53.4,7,10.0,0,7,0
CUST-14901,Omni Networks,2024-02-01,Basic,Monthly,46.89,29,1,36,-0.16,54.2,2,15.1,0,6,0
CUST-14902,Pulse Analytics,2025-10-01,Basic,Monthly,52.2,9,3,46,-0.074,91.8,5,18.0,2,10,0
CUST-14903,Strata Software,2022-07-03,Basic,Annual,43.55,48,4,109,-0.208,55.4,3,7.1,0,6,0
CUST-14904,Pulse Solutions,2025-03-02,Enterprise,Annual,947.49,16,57,1927,-0.181,50.4,4,56.2,0,4,0
CUST-14905,Zentis Digital,2026-01-30,Basic,Annual,49.89,5,1,25,0.002,22.8,3,12.1,0,8,0
CUST-14906,Strata Tech,2026-03-02,Enterprise,Annual,924.16,4,42,1342,-0.109,53.1,3,10.7,0,5,0
CUST-14907,Apex Cloud,2024-04-02,Basic,Annual,53.92,27,1,35,-0.093,70.5,6,20.1,0,6,0
CUST-14908,Quantum Dynamics,2025-03-02,Pro,Monthly,254.79,16,15,300,-0.404,81.7,0,16.7,0,4,1
CUST-14909,Vanguard Flow,2026-03-02,Pro,Monthly,176.48,4,18,513,-0.179,57.0,3,20.9,0,10,0
CUST-14910,Aero Digital,2023-08-02,Enterprise,Multi-Year,749.48,35,36,1037,-0.252,45.9,5,40.2,0,7,0
CUST-14911,Data Flow,2023-02-01,Pro,Monthly,139.25,41,17,642,0.005,52.6,2,143.4,0,6,0
CUST-14912,Aero Flow,2023-10-02,Pro,Annual,194.51,33,9,132,0.228,59.8,2,35.1,0,7,0
CUST-14913,Cyber Flow,2025-12-01,Basic,Monthly,44.13,7,3,108,0.288,100.0,2,5.2,0,6,0
CUST-14914,Orion Networks,2024-01-01,Basic,Monthly,50.53,30,4,98,-0.452,50.1,1,7.2,1,10,0
CUST-14915,Vertex Tech,2026-05-02,Enterprise,Multi-Year,1018.87,2,57,1217,0.5,51.9,3,7.6,0,3,0
CUST-14916,Flux Labs,2025-08-31,Basic,Monthly,37.22,10,3,60,-0.232,74.5,5,5.2,0,5,0
CUST-14917,Nexus Solutions,2025-05-02,Basic,Monthly,35.66,14,4,134,-0.224,51.4,7,6.5,0,9,0
CUST-14918,Pulse Cloud,2022-09-02,Pro,Annual,207.83,46,10,286,-0.161,79.7,1,55.2,1,8,0
CUST-14919,Titan Analytics,2025-05-02,Basic,Monthly,50.0,14,1,24,-0.348,74.2,6,16.3,1,5,1
CUST-14920,Orion Flow,2026-05-02,Enterprise,Annual,935.19,2,36,832,-0.222,49.6,1,1.2,1,8,0
CUST-14921,Nexus Labs,2025-07-02,Pro,Monthly,149.53,12,5,131,-0.046,90.5,1,8.4,0,5,0
CUST-14922,Sync Global,2024-12-31,Pro,Annual,213.07,18,10,273,0.09,54.2,5,56.1,0,10,0
CUST-14923,Orion AI,2022-07-03,Enterprise,Annual,1189.59,48,15,236,-0.34,41.2,3,47.6,0,10,0
CUST-14924,Omni AI,2022-07-03,Basic,Monthly,51.04,48,2,45,-0.654,100.0,5,43.6,0,3,1
CUST-14925,Titan Systems,2025-12-31,Basic,Monthly,42.77,6,3,121,0.409,93.7,2,15.0,0,10,0
CUST-14926,Flux Labs,2025-12-01,Basic,Monthly,49.33,7,5,214,0.001,38.0,4,24.8,2,3,0
CUST-14927,Zentis Systems,2025-12-31,Basic,Monthly,38.96,6,2,47,0.127,100.0,4,21.2,0,1,0
CUST-14928,Sync Systems,2023-03-03,Pro,Monthly,230.58,40,14,486,0.188,66.0,3,2.6,0,5,0
CUST-14929,Nova Cloud,2026-05-02,Enterprise,Annual,1011.26,2,54,699,-0.003,48.7,2,47.1,0,4,0
CUST-14930,Vanguard Software,2026-01-30,Basic,Monthly,36.0,5,4,104,0.13,74.2,5,85.7,0,4,0
CUST-14931,Strata Systems,2024-10-31,Basic,Monthly,46.79,20,2,55,-0.222,55.0,2,22.7,0,6,0
CUST-14932,Vertex Solutions,2025-10-31,Enterprise,Annual,1068.43,8,62,2053,-0.112,45.0,1,14.8,0,3,0
CUST-14933,Nova AI,2026-03-02,Basic,Annual,46.55,4,3,62,-0.029,55.8,2,15.5,0,9,0
CUST-14934,Quantum Networks,2025-07-02,Basic,Monthly,46.97,12,3,36,0.005,54.3,4,63.7,0,5,0
CUST-14935,Hyper Solutions,2025-10-01,Basic,Monthly,40.0,9,2,69,0.296,18.1,4,31.1,0,3,0
CUST-14936,Nexus Systems,2024-12-01,Enterprise,Annual,1083.9,19,62,1480,0.113,53.5,3,50.8,0,8,0
CUST-14937,Aura Dynamics,2022-07-03,Pro,Annual,179.64,48,12,291,-0.219,43.8,3,57.7,0,5,0
CUST-14938,Sync Flow,2026-01-30,Pro,Monthly,134.63,5,13,494,-0.354,72.2,3,79.1,0,6,1
CUST-14939,Titan Software,2025-06-01,Pro,Annual,187.92,13,4,66,-0.353,71.1,6,8.1,2,8,0
CUST-14940,Cyber Networks,2022-07-03,Basic,Annual,56.21,48,4,128,0.04,88.5,2,12.7,0,6,0
CUST-14941,Sync Analytics,2022-07-03,Basic,Monthly,46.16,48,4,84,0.125,16.0,1,25.2,0,7,0
CUST-14942,Sync Global,2025-05-02,Pro,Monthly,250.88,14,12,301,0.497,39.7,1,24.1,0,6,0
CUST-14943,Vanguard AI,2023-12-02,Basic,Monthly,52.15,31,5,191,-0.125,26.1,2,40.4,0,6,1
CUST-14944,Cloud Solutions,2026-03-02,Pro,Annual,209.11,4,8,273,0.102,47.0,1,7.4,0,9,0
CUST-14945,Aura Stack,2023-11-02,Enterprise,Annual,979.76,32,40,860,-0.012,35.6,4,17.3,0,10,0
CUST-14946,Quantum Global,2022-07-03,Pro,Annual,196.96,48,14,287,-0.246,32.0,5,2.5,0,7,0
CUST-14947,Strata Labs,2024-10-31,Pro,Monthly,191.14,20,17,382,-0.136,54.2,4,12.4,0,8,0
CUST-14948,Data Systems,2024-12-31,Pro,Monthly,189.98,18,15,380,0.232,44.1,4,40.3,2,3,0
CUST-14949,Nexus HQ,2025-12-01,Pro,Annual,214.85,7,10,171,0.013,81.7,4,13.5,0,8,0
CUST-14950,Cloud Labs,2024-05-02,Basic,Annual,42.12,26,4,91,0.028,70.1,2,34.7,0,6,0
CUST-14951,Aura Networks,2024-08-01,Basic,Monthly,41.09,23,3,81,0.311,61.8,5,18.2,0,2,0
CUST-14952,Cloud Flow,2024-04-02,Basic,Monthly,40.74,27,4,75,-0.026,73.7,3,23.2,0,6,0
CUST-14953,Strata AI,2026-05-02,Pro,Monthly,260.06,2,12,181,-0.375,79.3,1,8.4,0,9,0
CUST-14954,Hyper Software,2024-10-01,Basic,Monthly,52.9,21,2,55,-0.717,70.1,5,141.7,0,7,1
CUST-14955,Aura Labs,2024-07-02,Pro,Annual,208.09,24,10,53,0.007,73.8,3,34.1,0,5,0
CUST-14956,Strata Solutions,2025-12-01,Basic,Monthly,41.23,7,2,69,-0.282,63.2,5,13.1,0,10,0
CUST-14957,Flux Cloud,2025-12-01,Pro,Annual,217.61,7,18,311,-0.272,22.6,1,3.8,2,1,1
CUST-14958,Strata Cloud,2025-10-01,Basic,Monthly,48.14,9,6,160,-0.138,74.4,3,13.4,3,7,0
CUST-14959,Hyper Dynamics,2023-11-02,Pro,Annual,205.39,32,11,217,0.212,55.8,3,21.4,0,4,0
CUST-14960,Quantum Tech,2024-07-02,Pro,Annual,169.85,24,12,437,-0.012,67.3,1,1.0,0,6,0
CUST-14961,Titan Tech,2022-08-03,Basic,Monthly,50.18,47,2,47,-0.535,63.8,4,7.3,3,3,1
CUST-14962,Data Dynamics,2025-08-31,Basic,Monthly,45.88,10,2,49,-0.263,18.4,2,15.7,0,4,1
CUST-14963,Omni Systems,2022-07-03,Pro,Annual,176.15,48,10,399,-0.216,77.4,3,2.1,0,9,0
CUST-14964,Cloud Flow,2023-08-02,Basic,Annual,54.4,35,1,21,-0.175,39.9,1,5.1,1,5,1
CUST-14965,Nova Dynamics,2025-05-02,Basic,Monthly,37.7,14,1,24,-0.106,46.8,6,1.0,0,7,0
CUST-14966,Sync Analytics,2026-03-02,Enterprise,Annual,1083.63,4,46,311,0.367,42.2,3,1.0,0,4,0
CUST-14967,Zentis HQ,2025-10-01,Pro,Monthly,219.43,9,15,313,-0.062,72.2,0,15.8,0,7,0
CUST-14968,Zentis Labs,2022-07-03,Enterprise,Annual,867.19,48,64,883,-0.534,66.0,6,19.1,1,4,1
CUST-14969,Nova Stack,2025-08-01,Basic,Monthly,42.97,11,2,55,-0.021,59.1,3,83.8,0,5,0
CUST-14970,Zentis Systems,2025-08-01,Basic,Annual,47.36,11,3,33,0.025,84.7,4,8.9,3,6,0
CUST-14971,Cyber Software,2025-12-01,Enterprise,Multi-Year,1041.26,7,86,2364,0.083,83.7,1,101.0,0,3,0
CUST-14972,Vertex HQ,2023-01-02,Pro,Monthly,194.44,42,16,356,-0.274,78.0,2,1.9,0,4,0
CUST-14973,Aura Digital,2025-10-01,Pro,Monthly,211.94,9,11,350,0.189,74.2,0,84.4,3,8,0
CUST-14974,Hyper Software,2025-08-01,Basic,Monthly,61.96,11,3,72,-0.357,66.7,3,16.1,0,7,0
CUST-14975,Vanguard Labs,2025-04-01,Basic,Annual,45.27,15,4,153,-0.405,100.0,6,13.3,2,6,0
CUST-14976,Omni Digital,2025-04-01,Basic,Monthly,36.39,15,1,20,0.05,68.4,4,27.4,0,3,0
CUST-14977,Hyper AI,2025-05-02,Basic,Monthly,55.07,14,4,102,-0.084,68.6,3,25.5,1,6,0
CUST-14978,Titan Analytics,2024-12-01,Basic,Monthly,61.37,19,3,64,0.22,40.0,6,6.1,1,10,0
CUST-14979,Hyper Dynamics,2022-12-02,Basic,Monthly,51.89,43,2,66,0.056,58.1,3,48.2,0,5,0
CUST-14980,Vanguard Systems,2022-12-02,Enterprise,Annual,836.0,43,49,1459,-0.114,42.6,1,10.3,2,6,0
CUST-14981,Apex Tech,2023-02-01,Basic,Monthly,48.09,41,4,120,-0.051,79.3,5,4.3,0,8,0
CUST-14982,Strata Dynamics,2026-03-02,Pro,Annual,165.61,4,19,698,0.128,67.9,2,4.8,2,9,0
CUST-14983,Aura Cloud,2023-02-01,Pro,Annual,218.19,41,12,362,-0.354,77.9,4,21.5,0,8,0
CUST-14984,Sync Analytics,2026-01-30,Pro,Monthly,158.66,5,14,335,0.134,82.8,3,35.7,0,5,0
CUST-14985,Apex Solutions,2026-01-30,Basic,Monthly,46.79,5,3,84,-0.122,50.2,6,33.7,0,10,1
CUST-14986,Nexus Digital,2022-07-03,Pro,Monthly,169.02,48,14,289,-0.334,34.5,2,3.5,0,6,1
CUST-14987,Orion Cloud,2022-12-02,Pro,Monthly,202.79,43,11,203,0.02,85.4,0,14.4,0,6,0
CUST-14988,Vanguard Flow,2024-10-01,Pro,Annual,188.06,21,7,211,0.055,37.1,3,46.3,0,4,0
CUST-14989,Zentis Systems,2022-07-03,Pro,Annual,204.28,48,2,49,-0.462,55.0,3,2.5,0,7,0
CUST-14990,Data Dynamics,2022-07-03,Enterprise,Annual,1002.35,48,57,419,0.118,100.0,4,57.2,3,7,0
CUST-14991,Nexus Stack,2024-06-01,Pro,Monthly,169.55,25,12,301,-0.064,13.0,0,13.8,0,5,0
CUST-14992,Omni Solutions,2024-06-01,Basic,Monthly,53.61,25,2,39,0.019,73.0,1,6.8,0,2,0
CUST-14993,Nexus Flow,2023-07-03,Pro,Annual,197.54,36,8,225,-0.208,32.8,1,13.1,0,9,0
CUST-14994,Vertex Global,2025-10-31,Basic,Monthly,41.73,8,4,117,0.037,45.3,5,49.3,0,10,0
CUST-14995,Orion AI,2025-12-31,Enterprise,Multi-Year,1334.8,6,71,2178,-0.248,50.7,2,9.0,2,8,0
CUST-14996,Vertex AI,2023-07-03,Basic,Monthly,52.5,36,4,153,-0.31,36.8,3,2.5,0,7,0
CUST-14997,Sync Systems,2025-07-02,Basic,Monthly,47.87,12,2,59,-0.143,78.3,3,90.9,1,8,1
CUST-14998,Pulse Stack,2026-01-30,Pro,Annual,241.24,5,14,317,0.255,31.9,3,2.4,0,10,0
CUST-14999,Aero Tech,2025-08-01,Pro,Annual,253.98,11,12,291,0.228,84.6,2,66.4,0,7,0
